{"type":"FeatureCollection","features":[{"type":"Feature","geometry":{"type":"MultiPolygon","coordinates":[[[[102.03080570000009,1.607798800000069],[102.010229,1.605143500000054],[102.00145480000003,1.597896800000058],[101.998181,1.583808300000044],[102.00121640000003,1.579125100000056],[102.00676680000004,1.577737400000046],[102.01051770000004,1.573292700000025],[102.01821470000004,1.552066500000024],[102.03144040000006,1.532813300000043],[102.04781,1.517137600000069],[102.06139820000004,1.501662200000055],[102.08804210000005,1.479747300000042],[102.10312160000007,1.470102800000063],[102.10707360000004,1.465777900000035],[102.12800550000009,1.454721300000074],[102.14541180000003,1.447918700000059],[102.18378550000006,1.437572600000067],[102.210481,1.43325660000005],[102.22871320000007,1.43188],[102.27293930000008,1.435396800000035],[102.28572760000009,1.432928],[102.293072,1.429526600000031],[102.29818730000005,1.426134200000035],[102.32007830000003,1.402911],[102.33815070000009,1.38922580000002],[102.35275950000005,1.370638400000075],[102.36673780000007,1.358400700000061],[102.38237680000009,1.338481200000047],[102.39750070000008,1.323623700000041],[102.42282860000006,1.307567300000073],[102.45114040000004,1.285685100000023],[102.47253420000004,1.27180450000003],[102.49587280000009,1.252746400000035],[102.49920310000005,1.252382300000022],[102.50110350000006,1.250499600000069],[102.50406970000006,1.250908100000061],[102.50815490000008,1.255366300000048],[102.506956,1.288606900000048],[102.50425620000004,1.307665],[102.49861690000006,1.332220300000074],[102.49619250000006,1.366757500000062],[102.49411440000006,1.376775],[102.49393680000009,1.394802900000059],[102.49282670000008,1.396463600000061],[102.49594380000008,1.425388200000043],[102.49545540000008,1.431844500000068],[102.49390130000006,1.434588700000063],[102.491761,1.434313400000065],[102.49090840000008,1.437670300000036],[102.48655690000004,1.440547700000025],[102.47929920000007,1.441330500000049],[102.48901680000006,1.443380600000069],[102.49671650000005,1.467989200000034],[102.48630820000005,1.479765],[102.46756090000008,1.511318300000028],[102.46135330000004,1.51814760000002],[102.42546620000007,1.528866700000037],[102.40770470000007,1.535740400000066],[102.34008670000009,1.549114800000041],[102.33578840000007,1.551743500000043],[102.33004250000005,1.551166300000034],[102.32724510000008,1.548653],[102.32115290000007,1.548653],[102.31567350000006,1.550668900000062],[102.30870210000006,1.551015300000074],[102.30016770000009,1.554310100000066],[102.28140270000006,1.553271],[102.26779740000006,1.558723800000053],[102.26634090000005,1.560997300000054],[102.26421840000006,1.56042],[102.26148320000004,1.563705900000059],[102.24218530000007,1.562435900000025],[102.23409490000006,1.563457200000073],[102.22849120000006,1.567569],[102.21410440000005,1.56666320000005],[102.18465580000009,1.569167500000049],[102.12735720000006,1.585028600000044],[102.07262510000004,1.602994300000034],[102.04592070000007,1.607425800000044],[102.03080570000009,1.607798800000069]]],[[[102.162007,1.190790800000059],[102.15965480000006,1.19511650000004],[102.16428270000006,1.21133130000004],[102.16409730000004,1.231769400000076],[102.15321780000005,1.261532300000056],[102.15183370000005,1.269127800000035],[102.14968260000006,1.268465800000058],[102.15167040000006,1.276519900000039],[102.15068560000009,1.294615400000055],[102.15507590000004,1.325640300000032],[102.15725270000007,1.33169520000007],[102.15919180000009,1.360561500000074],[102.14891120000004,1.37870810000004],[102.13563050000005,1.38214720000002],[102.12449010000006,1.389372900000069],[102.11695340000006,1.389811900000041],[102.10819110000006,1.392354600000033],[102.10036170000006,1.397842500000024],[102.08986150000004,1.401684],[102.06575150000003,1.419501400000058],[102.05744650000008,1.423233100000061],[102.04923290000005,1.429178300000046],[102.04294020000003,1.433971100000065],[102.03706810000006,1.44116020000007],[102.01700080000006,1.453288400000019],[102.00525670000007,1.458447],[102.00269570000006,1.461154400000055],[102.00364690000004,1.461776300000054],[102.00190910000003,1.465123900000037],[101.99762850000008,1.469404500000053],[101.98330520000007,1.479191200000059],[101.97982950000005,1.482996200000059],[101.97157790000006,1.487660900000037],[101.96923640000006,1.491009200000065],[101.95756410000007,1.498888300000033],[101.95357180000008,1.503817200000071],[101.94682830000005,1.507633800000065],[101.92475970000004,1.52904680000006],[101.91134060000007,1.536050200000034],[101.89798240000005,1.546762600000022],[101.89092270000003,1.549584100000061],[101.88520950000009,1.555133400000045],[101.87325610000005,1.56149060000007],[101.85029780000008,1.579508400000066],[101.82791310000005,1.599551600000041],[101.80678110000008,1.622182200000054],[101.76634340000004,1.655993400000057],[101.75698910000006,1.661835400000029],[101.74220260000004,1.668262800000036],[101.72595250000006,1.671998700000074],[101.72816930000005,1.660943600000053],[101.68998480000005,1.515800200000058],[101.62620940000005,1.517351800000029],[101.60012610000007,1.524514400000044],[101.578758,1.540005300000075],[101.57587190000004,1.53599],[101.51488310000008,1.481691],[101.48123270000008,1.482076600000028],[101.47551270000008,1.456392200000039],[101.42220860000003,1.458307],[101.42217150000005,1.431061900000032],[101.36643140000007,1.451548100000025],[101.34103680000004,1.46722120000004],[101.31741720000008,1.474730100000045],[101.29555470000008,1.473521500000061],[101.27055380000007,1.468419200000028],[101.24102180000006,1.465618900000038],[101.16848150000004,1.441612300000031],[101.15121820000007,1.432143600000074],[101.14004270000004,1.423273800000061],[101.13691380000006,1.419165200000066],[101.12373320000006,1.41713690000006],[101.12048590000006,1.413467],[101.11359280000005,1.413881400000037],[101.10229190000007,1.403875300000038],[101.09568710000008,1.40083020000003],[101.08584450000006,1.393177300000048],[101.07924,1.39047110000007],[101.07484090000008,1.384328],[101.05690890000005,1.373601800000074],[101.02800640000004,1.360567500000059],[101.01348980000006,1.351220400000045],[100.99512340000007,1.351504800000043],[100.97484890000004,1.349978700000065],[100.97126180000004,1.348434500000053],[100.95417330000004,1.348990700000058],[100.94754060000008,1.35122],[100.93524060000004,1.280247800000041],[100.93258910000009,1.248483100000044],[101.23051410000005,1.006868900000029],[101.23452270000007,1.009906600000022],[101.23668820000006,1.013642],[101.25087640000004,1.021269300000029],[101.26084090000006,1.034235500000023],[101.26653530000004,1.036824500000023],[101.27449550000006,1.044210600000042],[101.27804310000005,1.053884800000048],[101.282391,1.060398],[101.28417870000004,1.058271600000069],[101.2883,1.057000900000048],[101.28843490000008,1.052895300000046],[101.29091620000008,1.049903100000051],[101.29617090000005,1.051143800000034],[101.29779820000005,1.047457300000076],[101.30540040000005,1.044955300000026],[101.31011570000004,1.046591200000023],[101.31631370000008,1.042021100000056],[101.32159310000009,1.041635700000029],[101.32653110000007,1.035598800000059],[101.33191190000008,1.034995400000071],[101.33981360000007,1.028154700000073],[101.35119870000005,1.032752500000072],[101.35362370000007,1.032683200000065],[101.35876030000009,1.029029100000059],[101.36549640000004,1.032204700000023],[101.36769240000007,1.027278900000056],[101.37236320000005,1.026549100000068],[101.37637050000006,1.023832700000071],[101.39431750000006,1.02051270000004],[101.401234,1.023399600000062],[101.40875210000007,1.021859900000038],[101.41635430000008,1.02282230000003],[101.42250760000007,1.013958100000025],[101.43348330000003,1.016086100000052],[101.43988260000003,1.007377200000064],[101.44998690000006,1.006414900000038],[101.45595320000007,1.003335600000071],[101.457974,0.99813910000006],[101.45518330000004,0.986495200000036],[101.45595320000007,0.984859300000039],[101.47433320000005,0.975909800000068],[101.47765320000008,0.971242700000062],[101.48910460000008,0.966334900000049],[101.49778450000008,0.959678900000029],[101.51354720000006,0.954306100000053],[101.51826250000005,0.951419200000032],[101.52028330000007,0.948724700000071],[101.52241510000005,0.93543660000006],[101.52495220000009,0.93065230000002],[101.539421,0.925400400000058],[101.61201360000007,1.030612200000064],[101.71185010000005,1.197127100000046],[101.74048810000005,1.192774200000031],[101.81385670000009,1.16891750000002],[101.85069910000004,1.137892200000067],[101.86368250000004,1.119645600000069],[101.87389360000009,1.099985600000025],[101.88348080000009,1.068318600000055],[101.88415540000005,1.043088400000045],[101.87841480000009,1.01428420000002],[101.84057470000005,0.946856900000057],[101.90193680000004,0.947059700000068],[101.90932740000005,0.959535600000038],[101.91468390000006,0.96251890000002],[101.93773710000005,0.958857500000022],[101.96899430000008,0.960484800000074],[101.99308150000007,0.995215200000075],[102.01131350000009,1.012536700000055],[102.032624,1.03756930000003],[102.061908,1.076994],[102.09461310000006,1.12532310000006],[102.107215,1.137467700000059],[102.10980010000009,1.147411700000021],[102.13186780000007,1.17693410000004],[102.14261090000008,1.180601],[102.14628190000008,1.186671200000035],[102.15099780000008,1.186886900000047],[102.162007,1.190790800000059]]],[[[101.43128020000006,1.747309400000063],[101.43209260000003,1.754421],[101.42951270000003,1.746988400000021],[101.43063620000004,1.74617870000003],[101.43128020000006,1.747309400000063]]],[[[101.41217160000008,1.753638600000045],[101.41201420000004,1.75622530000004],[101.40911990000006,1.754127600000061],[101.41120440000009,1.751053500000069],[101.41217160000008,1.753638600000045]]],[[[101.418587,1.745547700000031],[101.41988220000007,1.753305300000022],[101.41845050000006,1.76429950000005],[101.41620440000008,1.766565600000035],[101.41507750000005,1.764788900000042],[101.41747620000007,1.756218200000035],[101.41633880000006,1.74619720000004],[101.41730040000004,1.744417800000065],[101.418587,1.745547700000031]]],[[[101.38085930000005,1.764833300000021],[101.381513,1.773561900000061],[101.38008060000004,1.784071400000073],[101.38171010000008,1.801851500000055],[101.38010720000005,1.804601800000057],[101.37705510000006,1.804929100000038],[101.37271370000008,1.802025],[101.37190750000008,1.799762800000053],[101.37156850000008,1.786022400000036],[101.37588420000009,1.768881100000044],[101.37860870000009,1.76370460000004],[101.38053510000003,1.762570500000038],[101.38085930000005,1.764833300000021]]],[[[101.40703930000006,1.760273100000063],[101.40912860000009,1.760917],[101.41122350000006,1.765925500000037],[101.41206710000006,1.796961700000054],[101.40695740000007,1.820569900000066],[101.40455620000006,1.827039200000058],[101.40182660000005,1.828174500000046],[101.39813090000007,1.827694500000064],[101.39378460000006,1.821234200000049],[101.39326790000007,1.794723400000066],[101.39677920000008,1.776936800000044],[101.40367110000005,1.764480500000047],[101.40414460000005,1.757852],[101.40574980000008,1.75688],[101.40703930000006,1.760273100000063]]],[[[101.40698870000006,1.835984600000074],[101.40540620000007,1.843249600000036],[101.40339060000008,1.84410680000002],[101.40391540000007,1.839727],[101.40698870000006,1.835984600000074]]],[[[101.36146820000005,1.888756500000056],[101.35382470000008,1.888446500000043],[101.35339430000005,1.884174700000074],[101.36102460000006,1.874658200000056],[101.36590260000008,1.870913200000075],[101.36951260000006,1.871549200000061],[101.36719090000008,1.881699300000037],[101.36146820000005,1.888756500000056]]],[[[101.57627170000006,2.072773600000062],[101.57988580000006,2.075864600000045],[101.57988840000007,2.077466500000071],[101.57351340000008,2.073739200000034],[101.57180830000004,2.06957710000006],[101.57627170000006,2.072773600000062]]],[[[101.57436450000006,2.074912500000039],[101.57723350000003,2.076723300000026],[101.57744850000006,2.078431600000044],[101.57128640000008,2.075024400000075],[101.57436450000006,2.074912500000039]]],[[[101.55603180000008,2.094165400000065],[101.55572150000006,2.099185300000045],[101.55306860000007,2.099723600000061],[101.54967070000004,2.099088400000028],[101.54339890000006,2.093652100000043],[101.54668860000004,2.093006],[101.55092840000003,2.089154400000041],[101.55485910000004,2.091070300000069],[101.55603180000008,2.094165400000065]]],[[[101.57536740000006,2.104065300000059],[101.57451960000009,2.104921],[101.57355950000004,2.102039200000036],[101.57652960000007,2.100752800000066],[101.57536740000006,2.104065300000059]]],[[[101.62843720000006,2.109128100000021],[101.63436290000004,2.111623],[101.62961730000006,2.111818300000039],[101.62735650000008,2.109079300000076],[101.62843720000006,2.109128100000021]]],[[[101.63496630000009,2.114939100000072],[101.63785370000005,2.115012700000023],[101.64178580000004,2.117782400000067],[101.64274520000004,2.120236900000066],[101.64132150000006,2.122303300000056],[101.63914760000006,2.122340700000052],[101.63663510000003,2.120762700000057],[101.63496630000009,2.114939100000072]]],[[[101.65523450000006,2.124876800000038],[101.64637230000005,2.117809700000066],[101.63467070000007,2.111534600000027],[101.62085740000003,2.105661300000065],[101.61160140000004,2.103552100000059],[101.60425380000004,2.100023200000066],[101.58879760000008,2.088868400000024],[101.58587520000003,2.085331900000028],[101.58324420000008,2.075420400000041],[101.58565430000004,2.073190400000044],[101.58072750000008,2.073906800000032],[101.57337760000007,2.068859700000075],[101.57165970000005,2.063803300000075],[101.57246220000007,2.062486600000057],[101.57043620000007,2.061263100000076],[101.5664,2.052922],[101.567152,2.051529500000072],[101.56412890000007,2.04774],[101.568516,2.039638300000036],[101.56688030000004,2.038755500000036],[101.56387080000007,2.04356660000002],[101.56135870000008,2.044961900000033],[101.55657920000004,2.043451800000071],[101.55620760000005,2.046993800000052],[101.54651640000009,2.03992640000007],[101.52828250000005,2.036666800000035],[101.51833840000006,2.028713900000071],[101.51733470000005,2.029980400000056],[101.519351,2.033139300000073],[101.51897840000004,2.036049],[101.516283,2.040922900000055],[101.50812450000006,2.049410200000068],[101.48513620000006,2.061462600000027],[101.47747140000007,2.064257400000031],[101.470557,2.064521200000058],[101.45093390000005,2.058100700000068],[101.44112040000005,2.053562200000044],[101.43248650000004,2.047579700000028],[101.40947090000009,2.025705800000026],[101.40564040000004,2.02004450000004],[101.40371920000007,2.013166100000035],[101.39782350000007,2.005129700000055],[101.39680360000006,1.995416300000045],[101.39990630000005,1.984887300000025],[101.39823040000005,1.973505200000034],[101.39784460000004,1.949775100000068],[101.39299830000004,1.936626400000023],[101.39389610000006,1.931362900000067],[101.39091460000009,1.920994400000041],[101.38667930000008,1.913005800000064],[101.38305530000008,1.910683300000073],[101.38375340000005,1.906330800000035],[101.39162320000008,1.887851400000045],[101.40356580000008,1.869012300000065],[101.41183910000007,1.851342200000033],[101.41869820000005,1.829120500000045],[101.42853830000007,1.77937],[101.43982740000007,1.760583600000075],[101.44648780000006,1.739678500000025],[101.45341350000007,1.72955010000004],[101.45330880000006,1.72631210000003],[101.45491660000005,1.725399300000049],[101.479345,1.719397100000037],[101.51125910000007,1.709388100000069],[101.52467580000007,1.703653300000042],[101.54317150000008,1.698873100000071],[101.55975770000003,1.695107200000052],[101.57519190000005,1.694833700000061],[101.57760350000007,1.693616300000031],[101.59348880000005,1.692481900000075],[101.60921870000004,1.68805930000002],[101.615654,1.688253],[101.635783,1.702896500000065],[101.64112240000009,1.710578600000076],[101.64947270000005,1.714209400000072],[101.653847,1.714658600000064],[101.65877960000006,1.718901100000039],[101.66320540000004,1.720210200000054],[101.67236950000006,1.730618400000026],[101.68001610000005,1.734351],[101.68403550000005,1.732726400000047],[101.69706590000004,1.739840500000071],[101.70189170000003,1.739631200000076],[101.70641880000005,1.741547],[101.71850610000007,1.757008700000029],[101.73168510000005,1.762553700000069],[101.73759190000004,1.779693200000054],[101.741087,1.797443200000032],[101.74802860000005,1.866126400000041],[101.75324390000009,1.889943300000027],[101.75485970000005,1.894392100000061],[101.77425210000007,1.91767980000003],[101.77778540000008,1.926475500000038],[101.77688720000003,1.930624800000032],[101.768843,1.930334500000072],[101.76799020000004,1.931499300000041],[101.78156930000006,1.934714300000053],[101.784992,1.937237800000048],[101.78549840000005,1.93946260000007],[101.779533,1.980343600000026],[101.77653040000007,1.988644300000033],[101.77021160000004,1.998164600000052],[101.75360580000006,2.01938750000005],[101.739714,2.040201400000058],[101.73248180000007,2.044867600000032],[101.72755040000004,2.04244790000007],[101.72141980000004,2.044481800000028],[101.72293040000005,2.045794500000056],[101.71537410000008,2.067002800000068],[101.71559590000004,2.079142900000022],[101.71083750000008,2.089824800000031],[101.70401130000005,2.096817500000043],[101.68904430000003,2.106758500000069],[101.65523450000006,2.124876800000038]]],[[[101.63542550000005,2.117835800000023],[101.63596430000007,2.119854900000064],[101.63707120000004,2.12140160000007],[101.63918150000006,2.122576300000048],[101.64107680000006,2.122658600000022],[101.63967430000008,2.124513600000057],[101.63659690000009,2.125052900000071],[101.63128620000003,2.123033],[101.62554440000008,2.117169500000045],[101.62554090000003,2.115140500000052],[101.63105870000004,2.114063200000032],[101.63457790000007,2.114929200000063],[101.63542550000005,2.117835800000023]]]]},"properties":{"id":"bengkalis","nama":"Bengkalis","shape_name":"Bengkalis","skor":55.0,"skor_risiko":53.5,"level_risiko":"SEDANG","kategori":"Waspada / koridor","polres":"Polres Bengkalis","n_kasus":4,"layer":"choropleth"}},{"type":"Feature","geometry":{"type":"MultiPolygon","coordinates":[[[[103.34186130000006,-0.642038899999932],[103.336291,-0.643458799999962],[103.32482250000004,-0.659623799999963],[103.31619390000009,-0.666395699999953],[103.28451910000007,-0.672403],[103.25410570000008,-0.681064],[103.24072870000003,-0.681220399999972],[103.23547790000003,-0.684963599999946],[103.24082980000009,-0.691407799999979],[103.250223,-0.696541299999978],[103.25404580000009,-0.697524299999941],[103.273706,-0.696978199999933],[103.28735890000007,-0.701893299999938],[103.29161860000005,-0.701784],[103.30210410000007,-0.70014569999995],[103.32373030000008,-0.692172399999947],[103.34808710000004,-0.692718499999955],[103.37572060000008,-0.688349599999924],[103.39712830000008,-0.69293689999995],[103.40379090000005,-0.689332599999943],[103.40728610000008,-0.68649279999994],[103.40739530000008,-0.684854399999949],[103.40979820000007,-0.684963599999946],[103.41056280000004,-0.681577699999934],[103.41447340000008,-0.679577599999959],[103.41667930000006,-0.676335],[103.41509980000006,-0.67531809999997],[103.41634170000003,-0.675457199999926],[103.41984680000007,-0.669890799999962],[103.42028370000008,-0.660388399999931],[103.41864530000004,-0.657985499999938],[103.41602390000008,-0.656784],[103.41427640000006,-0.657548599999927],[103.41471330000007,-0.655145699999935],[103.41252880000008,-0.655254899999932],[103.41132730000004,-0.652961199999936],[103.40062350000005,-0.647390799999926],[103.39690990000008,-0.646844699999974],[103.37189770000003,-0.65165049999996],[103.35464050000007,-0.64509709999993],[103.34186130000006,-0.642038899999932]]],[[[103.42931640000006,-0.606312],[103.42678240000004,-0.603778],[103.41961740000005,-0.603166299999941],[103.40380190000008,-0.605700299999967],[103.39209310000007,-0.611205199999972],[103.37610280000007,-0.610855699999945],[103.36264650000004,-0.620030399999962],[103.35967570000008,-0.624399299999936],[103.35469510000007,-0.628156599999954],[103.34831640000004,-0.62806919999997],[103.34552030000003,-0.626671199999976],[103.343598,-0.627457599999957],[103.33704460000007,-0.633224599999949],[103.33555920000003,-0.638030399999934],[103.33590870000006,-0.63899159999994],[103.344297,-0.638379899999961],[103.35827760000006,-0.641525499999943],[103.37243290000004,-0.646593499999938],[103.40423880000009,-0.637331399999937],[103.41341350000005,-0.636457599999972],[103.41970480000003,-0.632525599999951],[103.42800570000009,-0.622127499999976],[103.43019020000008,-0.613040099999978],[103.42931640000006,-0.606312]]],[[[103.36770350000006,-0.37444279999994],[103.35241220000006,-0.368572099999938],[103.33084060000004,-0.356694],[103.31814340000005,-0.362564799999973],[103.31500330000006,-0.367343299999959],[103.31240920000005,-0.37539849999996],[103.30831330000007,-0.379630899999938],[103.30790380000008,-0.382498],[103.31031010000004,-0.386747499999956],[103.32140310000005,-0.395792599999936],[103.33329820000006,-0.399427699999933],[103.33602880000007,-0.403250499999956],[103.33548260000003,-0.411988299999962],[103.32891220000005,-0.433338099999958],[103.32976550000006,-0.435044699999935],[103.3348,-0.435744399999976],[103.36662830000006,-0.429754199999934],[103.37174820000007,-0.431972799999926],[103.376356,-0.437092599999971],[103.37874530000005,-0.442212499999926],[103.38181720000006,-0.460814599999935],[103.39205690000006,-0.49494679999998],[103.39512880000007,-0.510647699999936],[103.39888330000008,-0.515426199999979],[103.41253630000006,-0.51969269999995],[103.42004540000005,-0.521058],[103.42414120000007,-0.520375399999978],[103.42994370000008,-0.516108799999927],[103.43147970000007,-0.516962099999944],[103.44427930000006,-0.51320759999993],[103.45588420000007,-0.505527799999925],[103.46185740000004,-0.505698499999937],[103.46783050000005,-0.50399189999996],[103.46783050000005,-0.502797299999941],[103.47224440000008,-0.505761799999959],[103.47499830000004,-0.50416249999995],[103.47772890000005,-0.506381099999942],[103.48267810000004,-0.507234399999959],[103.484214,-0.509453],[103.50810660000008,-0.515596899999935],[103.51237320000007,-0.51440219999995],[103.51305580000007,-0.511671599999943],[103.518517,-0.513378299999943],[103.52978060000004,-0.510306399999934],[103.54514010000008,-0.501773299999968],[103.54479540000005,-0.499380599999938],[103.551458,-0.497086899999942],[103.55386090000007,-0.490205899999978],[103.55681,-0.490315099999975],[103.56500170000004,-0.482451],[103.57166430000007,-0.472839399999941],[103.57823140000005,-0.467282599999976],[103.60021260000008,-0.440522899999962],[103.604445,-0.432604199999957],[103.60512760000006,-0.426050799999928],[103.60144130000003,-0.413899699999945],[103.585604,-0.399564199999929],[103.57591040000005,-0.395741399999963],[103.56908390000007,-0.394922199999939],[103.54013980000008,-0.399154599999974],[103.53413250000006,-0.396970099999976],[103.52389280000006,-0.38714],[103.51788550000003,-0.372531399999957],[103.51283390000003,-0.368981699999949],[103.47023690000003,-0.381269299999929],[103.46300080000003,-0.380586599999958],[103.45480910000003,-0.377173399999947],[103.44634430000008,-0.370483499999978],[103.426411,-0.376217699999927],[103.40279150000003,-0.378538699999979],[103.39268830000003,-0.378675199999975],[103.36770350000006,-0.37444279999994]]],[[[103.30732720000009,-0.251989699999967],[103.28053330000006,-0.244139299999972],[103.27302420000007,-0.244480599999974],[103.268587,-0.247211199999924],[103.258518,-0.262058699999955],[103.25186220000006,-0.268373199999928],[103.23308950000006,-0.277588899999955],[103.23428410000008,-0.27997819999996],[103.24674240000007,-0.283391399999971],[103.25135020000005,-0.289705899999944],[103.26329650000008,-0.292265799999939],[103.27046430000007,-0.296020299999952],[103.29282090000004,-0.317523699999924],[103.30810880000007,-0.322189499999979],[103.32198010000008,-0.330272099999945],[103.33617920000006,-0.345017199999972],[103.34142190000006,-0.348621599999944],[103.36435880000005,-0.35746869999997],[103.37604570000008,-0.359107],[103.40782960000007,-0.35746869999997],[103.42639760000009,-0.358233199999972],[103.43721070000004,-0.355284199999971],[103.44704080000008,-0.347201699999971],[103.45217430000008,-0.340539099999944],[103.45883690000005,-0.321971099999928],[103.45927380000006,-0.313233199999956],[103.43797530000006,-0.301874],[103.42137330000008,-0.303075499999977],[103.40837580000004,-0.29477449999996],[103.40378840000005,-0.293245399999932],[103.3909,-0.293245399999932],[103.38088220000009,-0.296703],[103.36825330000005,-0.290047199999947],[103.36159750000007,-0.284756699999946],[103.35647760000006,-0.284074],[103.34709130000005,-0.286634],[103.34453130000009,-0.284756699999946],[103.34436070000004,-0.279636799999935],[103.34982180000009,-0.272127699999942],[103.35238180000005,-0.265130599999964],[103.34316610000008,-0.250965699999938],[103.33377970000004,-0.25216039999998],[103.30732720000009,-0.251989699999967]]],[[[103.56989960000004,-0.22090739999993],[103.55461790000004,-0.216065699999945],[103.53625970000007,-0.219596099999933],[103.52667710000009,-0.228270899999927],[103.51714490000006,-0.240022199999942],[103.49192750000009,-0.274267399999928],[103.47477970000006,-0.298022099999969],[103.470291,-0.306848199999934],[103.46388580000007,-0.329947299999958],[103.45107540000004,-0.358644699999957],[103.45384930000006,-0.364999499999954],[103.46116230000007,-0.371505599999978],[103.46847540000005,-0.373169899999937],[103.50050140000008,-0.362225599999931],[103.51245450000005,-0.360208199999931],[103.52339880000005,-0.365201199999944],[103.53530140000004,-0.385324699999956],[103.537924,-0.387695099999974],[103.54271530000005,-0.387796],[103.56273790000006,-0.38325679999997],[103.57938140000005,-0.383862099999931],[103.58346660000007,-0.385324699999956],[103.59632750000009,-0.394856799999957],[103.598597,-0.394907299999943],[103.60011010000005,-0.392536799999959],[103.60540570000006,-0.395714199999929],[103.62825260000005,-0.387997699999971],[103.65347,-0.374682899999925],[103.66476740000007,-0.366008199999953],[103.66718830000008,-0.366361199999972],[103.66920570000008,-0.364091599999938],[103.67445090000007,-0.36363769999997],[103.68356210000007,-0.35928679999995],[103.68998480000005,-0.358089899999925],[103.69396910000006,-0.354660299999978],[103.69886130000003,-0.355215099999953],[103.71560560000006,-0.350373399999967],[103.73941080000009,-0.346086399999933],[103.76372040000007,-0.344876],[103.77834650000005,-0.347196],[103.78344040000007,-0.345783799999936],[103.78565950000007,-0.343514299999924],[103.78621430000004,-0.340488199999925],[103.78439860000009,-0.335444699999925],[103.76755340000005,-0.309319499999958],[103.75923170000004,-0.299938599999962],[103.72604560000008,-0.272905599999945],[103.72146310000005,-0.266736899999955],[103.70985610000008,-0.256665599999963],[103.70294650000005,-0.25601],[103.69159870000004,-0.260599499999955],[103.69129610000005,-0.258128199999931],[103.68423520000005,-0.258077799999967],[103.66794480000004,-0.252832599999977],[103.66522130000004,-0.25374039999997],[103.66385960000008,-0.250310799999966],[103.65457960000003,-0.246427399999959],[103.65352050000007,-0.24345169999998],[103.64832570000004,-0.240476099999967],[103.64812390000009,-0.237399599999947],[103.64318130000004,-0.233768199999929],[103.64388740000004,-0.230641299999945],[103.64207180000005,-0.228371699999968],[103.63702830000005,-0.226556099999925],[103.61408050000006,-0.226556099999925],[103.60424570000004,-0.224488299999962],[103.59178830000008,-0.224488299999962],[103.57923010000007,-0.220251699999949],[103.56989960000004,-0.22090739999993]]],[[[103.47150680000004,-0.283306099999947],[103.520002,-0.212529399999937],[103.52218640000007,-0.20826969999996],[103.51497770000009,-0.201060899999959],[103.50940730000008,-0.200733299999968],[103.49935880000004,-0.204337599999974],[103.47926170000005,-0.206303599999956],[103.46298740000009,-0.211437099999955],[103.44824230000006,-0.214276899999959],[103.42399470000004,-0.231097299999931],[103.40716410000005,-0.239360699999963],[103.38173550000005,-0.24465129999993],[103.356307,-0.247552499999927],[103.34453130000009,-0.250795099999948],[103.35289030000007,-0.263536599999952],[103.35299960000003,-0.266485699999976],[103.35201660000007,-0.270417699999939],[103.34579080000003,-0.279592499999978],[103.34557240000004,-0.284726],[103.36162820000004,-0.283524499999942],[103.37921310000007,-0.294556099999966],[103.38259910000005,-0.29477449999996],[103.39275680000009,-0.290951699999937],[103.40531750000008,-0.291716199999939],[103.42290250000008,-0.301109399999973],[103.43382480000008,-0.299580299999946],[103.44463790000003,-0.301000199999976],[103.45883690000005,-0.310175],[103.46058450000004,-0.309738099999947],[103.46418890000007,-0.29739589999997],[103.47150680000004,-0.283306099999947]]],[[[103.55593640000006,-0.174847299999954],[103.53201650000005,-0.176485699999944],[103.51104560000005,-0.181619199999943],[103.49881260000006,-0.187626499999965],[103.47926170000005,-0.199859499999945],[103.47915250000005,-0.201060899999959],[103.49073010000006,-0.201060899999959],[103.51355780000006,-0.196801199999925],[103.52917670000005,-0.204556099999934],[103.53256260000006,-0.204556099999934],[103.56740490000004,-0.193961399999978],[103.56915240000006,-0.187517199999945],[103.56751410000004,-0.179653199999962],[103.56205290000008,-0.175611899999979],[103.55593640000006,-0.174847299999954]]],[[[103.59584020000005,-0.119684799999959],[103.59854450000006,-0.11887349999995],[103.60003180000007,-0.11522279999997],[103.58975580000003,-0.11982],[103.59584020000005,-0.119684799999959]]],[[[103.51701250000008,-0.10413559999995],[103.51904060000004,-0.103729899999962],[103.51917590000005,-0.102242599999954],[103.51444350000008,-0.09467079999996],[103.50862940000007,-0.091561],[103.50443790000008,-0.086423],[103.49916470000005,-0.086017399999946],[103.49253940000006,-0.088721599999928],[103.48983520000007,-0.096428599999967],[103.48726620000008,-0.099538399999972],[103.4801,-0.104541199999971],[103.474962,-0.105487699999969],[103.47482680000007,-0.107245399999954],[103.49253940000006,-0.117656599999975],[103.49781260000009,-0.119414399999926],[103.50389710000007,-0.119008699999938],[103.50538440000008,-0.116304499999956],[103.50430270000004,-0.105487699999969],[103.51701250000008,-0.10413559999995]]],[[[103.58177830000005,-0.077363899999966],[103.58056140000008,-0.073983599999963],[103.57812770000004,-0.073172399999976],[103.56528270000007,-0.077904699999976],[103.54824610000009,-0.078039899999965],[103.54094480000003,-0.083448399999952],[103.52728850000005,-0.087910299999976],[103.51674210000004,-0.09413],[103.52133920000006,-0.102648299999942],[103.52039270000006,-0.10413559999995],[103.51552520000007,-0.106298899999956],[103.50673650000004,-0.105758099999946],[103.50660130000006,-0.119008699999938],[103.51904060000004,-0.119955199999936],[103.53161520000003,-0.122929799999952],[103.54784050000006,-0.119549599999971],[103.56014470000008,-0.114952399999936],[103.58538110000006,-0.101986799999963],[103.59097270000007,-0.097239799999954],[103.59367690000005,-0.090344099999925],[103.58678110000005,-0.08547649999997],[103.58177830000005,-0.077363899999966]]],[[[103.47699020000005,-0.049780899999973],[103.46630850000008,-0.043426],[103.46455080000004,-0.045048599999973],[103.46779580000003,-0.04896969999993],[103.46752540000006,-0.052349899999967],[103.46522680000004,-0.056271],[103.46657890000006,-0.057758399999955],[103.46941840000005,-0.057623099999944],[103.47509720000005,-0.053161199999977],[103.48050560000007,-0.05505409999995],[103.48456190000007,-0.06573579999997],[103.482669,-0.07628219999998],[103.48915910000005,-0.080608899999959],[103.49145770000007,-0.084800499999972],[103.50051680000007,-0.082501899999954],[103.50579,-0.083854],[103.51417310000005,-0.09047929999997],[103.51647160000005,-0.090614499999958],[103.52864060000007,-0.081555399999957],[103.52701810000008,-0.078851199999974],[103.523773,-0.077634299999943],[103.51931110000004,-0.078445599999952],[103.51146890000007,-0.082907499999976],[103.50646610000007,-0.083042699999964],[103.50281540000009,-0.080879399999958],[103.50024640000004,-0.077499099999955],[103.50011120000005,-0.070197699999937],[103.48699570000008,-0.061949899999945],[103.47699020000005,-0.049780899999973]]],[[[103.66989150000006,-0.049629699999969],[103.681737,-0.040962199999967],[103.68245930000006,-0.03893979999998],[103.68000350000005,-0.036195099999929],[103.66396880000008,-0.021171599999946],[103.64056670000008,-0.014815499999941],[103.63608860000005,-0.015537799999947],[103.64215580000007,-0.02406069999995],[103.64374480000004,-0.032005899999945],[103.64908970000005,-0.044140299999924],[103.65400130000006,-0.046018199999935],[103.65674590000003,-0.050063],[103.65949060000008,-0.051363099999946],[103.66700240000006,-0.052518799999973],[103.66989150000006,-0.049629699999969]]],[[[103.64186690000008,-0.030416899999977],[103.64143350000006,-0.024638599999946],[103.63724420000005,-0.018860299999972],[103.63002140000003,-0.016693399999951],[103.61572010000003,-0.007592599999953],[103.60011880000008,-0.019149199999958],[103.60300790000008,-0.022905099999946],[103.607775,-0.02406069999995],[103.61514230000006,-0.031717],[103.616298,-0.031283599999938],[103.61889820000005,-0.038506499999926],[103.62496540000006,-0.043995799999948],[103.63868880000007,-0.050496399999929],[103.64807850000005,-0.048762899999929],[103.64865630000008,-0.046018199999935],[103.64186690000008,-0.030416899999977]]],[[[103.58794310000007,0.408046300000024],[103.59132340000008,0.412482900000043],[103.59111210000003,0.416496900000027],[103.58033750000004,0.43234190000004],[103.56512630000009,0.443750300000033],[103.55604190000008,0.447975600000063],[103.54547850000006,0.450299600000051],[103.53914050000009,0.44755310000005],[103.54083070000007,0.442905200000041],[103.54632360000005,0.436356],[103.55899960000005,0.42515880000002],[103.58561920000005,0.407835],[103.58794310000007,0.408046300000024]]],[[[103.44240890000003,-0.73960569999997],[103.441473,-0.736953899999946],[103.43732250000005,-0.7375],[103.43546570000007,-0.734004899999945],[103.42814770000007,-0.73334959999994],[103.4195,-0.73011379999997],[103.43470110000004,-0.720133499999974],[103.43666710000008,-0.716966099999979],[103.43579340000008,-0.712269499999934],[103.42859930000009,-0.707488599999976],[103.42301420000007,-0.705606799999941],[103.39822060000006,-0.704514599999925],[103.37582980000008,-0.695121399999948],[103.36731040000006,-0.695339899999965],[103.35955550000006,-0.697305899999947],[103.32886380000008,-0.697633499999938],[103.32012590000005,-0.698944199999971],[103.31390020000003,-0.702002499999935],[103.28779580000008,-0.705606799999941],[103.268791,-0.699927199999934],[103.25874240000007,-0.701674799999978],[103.25349970000008,-0.70112869999997],[103.22979830000008,-0.688895699999932],[103.22658440000004,-0.685195699999952],[103.23558710000003,-0.680594699999972],[103.25928850000008,-0.677754899999968],[103.27250460000005,-0.672512199999971],[103.28637590000005,-0.670218499999976],[103.29959190000005,-0.665740299999925],[103.31340590000008,-0.663709299999937],[103.32187350000004,-0.656456399999968],[103.32882360000008,-0.645528],[103.33487110000004,-0.639199099999928],[103.33541720000005,-0.634611699999937],[103.34055070000005,-0.628276799999981],[103.34437350000007,-0.626092299999925],[103.35373390000007,-0.627195499999971],[103.355831,-0.62605949999994],[103.36937470000004,-0.612515799999926],[103.37400580000008,-0.609719699999971],[103.38990870000003,-0.609545],[103.40598630000005,-0.603079],[103.41831210000004,-0.600207699999942],[103.42660770000003,-0.591195499999969],[103.43158830000004,-0.581234299999949],[103.43700570000004,-0.552836199999945],[103.43610460000008,-0.543344699999977],[103.42889840000004,-0.531191],[103.40436580000005,-0.525217899999973],[103.39035030000008,-0.515938199999937],[103.38710770000006,-0.507405099999971],[103.38710770000006,-0.501943899999958],[103.37738,-0.48027],[103.37482010000008,-0.467641],[103.37260150000009,-0.439140599999973],[103.37038290000004,-0.435215299999925],[103.36423910000008,-0.434362],[103.35161010000007,-0.439311199999963],[103.34102910000007,-0.441359199999965],[103.33369070000003,-0.441359199999965],[103.32413370000006,-0.438628599999959],[103.33420270000005,-0.409786799999949],[103.334032,-0.404667],[103.33130140000009,-0.401253699999927],[103.32157370000004,-0.398864499999945],[103.30911550000008,-0.388966099999948],[103.30570220000004,-0.381969],[103.31583750000004,-0.361214199999949],[103.32417830000009,-0.356402199999934],[103.32626350000004,-0.352713],[103.31888510000005,-0.344853399999977],[103.28263460000005,-0.325765699999977],[103.26178250000004,-0.305394799999931],[103.24604790000006,-0.305045099999973],[103.24482490000008,-0.287965299999939],[103.24339440000006,-0.286391699999967],[103.23178940000008,-0.284002399999963],[103.22786420000006,-0.279906599999947],[103.22684020000008,-0.271373499999925],[103.24663690000006,-0.263864399999932],[103.26199650000007,-0.243897],[103.26950560000006,-0.238435899999956],[103.277356,-0.236217299999964],[103.30944030000006,-0.243726399999957],[103.31899740000006,-0.243726399999957],[103.38504330000006,-0.231268099999966],[103.39681890000008,-0.22751349999993],[103.40466940000005,-0.222735],[103.43351110000003,-0.198159799999928],[103.45552650000008,-0.184165499999949],[103.46201160000004,-0.175632499999949],[103.47122730000007,-0.172048599999926],[103.49477860000007,-0.157883699999957],[103.50194640000007,-0.145766699999967],[103.49750920000008,-0.133991099999946],[103.48300290000009,-0.12733529999997],[103.47105660000005,-0.119996899999933],[103.47310460000006,-0.111122499999965],[103.470886,-0.107367899999929],[103.47208060000008,-0.103784],[103.479931,-0.101736099999926],[103.48537320000008,-0.097645499999942],[103.48821260000005,-0.093453899999929],[103.48888870000008,-0.086693399999945],[103.48753660000006,-0.082501899999954],[103.48104650000005,-0.078716],[103.47969440000008,-0.07628219999998],[103.482669,-0.069792099999972],[103.48131690000008,-0.061679499999968],[103.47793660000008,-0.055730199999971],[103.47536760000008,-0.055459799999937],[103.46860710000004,-0.06005689999995],[103.465362,-0.059786499999973],[103.46373950000009,-0.058028799999931],[103.46306350000003,-0.055595],[103.46576770000007,-0.050862599999959],[103.46563250000008,-0.048564],[103.46171140000007,-0.045724599999971],[103.46874230000009,-0.040992199999948],[103.48118170000004,-0.049375299999951],[103.487807,-0.057487899999956],[103.50146330000007,-0.066952699999945],[103.50416750000005,-0.070062499999949],[103.50416750000005,-0.078445599999952],[103.50984630000005,-0.078986399999962],[103.517959,-0.07438929999995],[103.523097,-0.073713199999929],[103.52904620000004,-0.075335699999926],[103.535942,-0.080203299999937],[103.54283770000006,-0.07438929999995],[103.56366010000005,-0.07073859999997],[103.57542340000003,-0.062355499999967],[103.57920930000006,-0.062896399999943],[103.58326570000008,-0.061003399999947],[103.593136,-0.050186599999961],[103.59665150000006,-0.04275],[103.59556980000008,-0.035719],[103.59259520000006,-0.032338799999934],[103.58894450000008,-0.031257099999948],[103.58569940000007,-0.03166269999997],[103.57799240000008,-0.036530299999924],[103.57042070000006,-0.035583799999927],[103.57380090000004,-0.032068299999935],[103.57582910000008,-0.031933099999947],[103.57756270000004,-0.028809899999942],[103.58867410000005,-0.021251499999948],[103.59922050000006,-0.017195199999946],[103.61571620000007,-0.005972699999973],[103.63383440000007,-0.014491],[103.636809,-0.012733199999957],[103.63978370000007,-0.012868399999945],[103.66466240000005,-0.018682499999954],[103.66331030000003,-0.014626199999952],[103.67926520000003,-0.02192759999997],[103.69048760000004,-0.023144499999944],[103.69238060000004,-0.021521899999925],[103.70482,-0.022198],[103.72456070000004,-0.018006399999933],[103.725372,-0.01611349999996],[103.72942830000005,-0.01692479999997],[103.73361980000004,-0.015302199999951],[103.74024510000004,-0.015167],[103.74795210000008,-0.011516299999926],[103.75417180000005,-0.012327599999935],[103.76187880000003,-0.009758599999941],[103.76255490000005,-0.008271299999933],[103.76498870000006,-0.009758599999941],[103.77986180000005,-0.009217799999931],[103.80676870000008,-0.012057199999958],[103.810149,-0.010975499999972],[103.81407010000004,-0.005837499999927],[103.81461090000005,-0.000158699999929],[103.80433490000007,0.024990500000058],[103.78824490000005,0.055683300000055],[103.78229560000005,0.072449400000039],[103.77553510000007,0.101384500000052],[103.77539990000008,0.110578800000042],[103.77132240000009,0.12854070000003],[103.771745,0.134244900000056],[103.76923210000007,0.150703700000065],[103.76794220000005,0.15199130000002],[103.76646330000005,0.185371400000065],[103.75695630000007,0.21896270000002],[103.74267290000006,0.250837900000022],[103.71512550000006,0.296708800000033],[103.70646360000006,0.305793300000062],[103.69273130000005,0.314455200000054],[103.67857640000005,0.326074900000037],[103.67329480000006,0.327131200000053],[103.65090050000003,0.338750800000071],[103.63737950000007,0.342976200000066],[103.61392890000008,0.346567700000037],[103.602943,0.358398600000044],[103.59956280000006,0.368539400000031],[103.58794310000007,0.39199],[103.57780230000009,0.401285700000074],[103.56660520000008,0.408257500000047],[103.55519680000003,0.417764500000033],[103.53449270000004,0.439736200000027],[103.51083080000006,0.449243200000069],[103.496676,0.456637600000022],[103.49561960000005,0.460651600000062],[103.48885910000007,0.461919200000068],[103.48843660000006,0.464665700000069],[103.48505630000005,0.465510700000038],[103.48315490000005,0.468679700000052],[103.47491550000007,0.474595200000067],[103.47216910000009,0.47903180000003],[103.46076070000004,0.489383900000064],[103.45294380000007,0.493186700000024],[103.43942270000008,0.502904900000033],[103.43815510000007,0.506919],[103.43181720000007,0.508609100000058],[103.42738060000005,0.514313300000026],[103.41512710000006,0.523186500000065],[103.39252160000007,0.531848400000058],[103.35725020000007,0.537351200000046],[103.35603260000005,0.531001500000059],[103.34659960000005,0.510894400000041],[103.33887780000003,0.487624800000049],[103.33689060000006,0.485341600000027],[103.29552890000008,0.468591500000059],[103.26362050000006,0.452150600000039],[103.25599350000005,0.44639890000002],[103.20809410000004,0.408388200000047],[103.14501670000004,0.340469300000052],[103.11599920000003,0.32512950000006],[103.07154010000005,0.313853100000074],[103.04404910000005,0.304404300000044],[103.02763930000003,0.301304300000027],[103.015296,0.297073200000057],[103.00393350000007,0.290864800000065],[102.96002270000008,0.256850800000052],[102.91751270000003,0.218596400000024],[102.90292090000008,0.202078500000027],[102.88411930000007,0.176664500000072],[102.87036980000005,0.162122],[102.85900610000004,0.153086200000075],[102.84400540000007,0.145397400000036],[102.83510680000006,0.13786390000007],[102.81412210000008,0.126431],[102.794994,0.119761800000049],[102.78185110000004,0.11714790000002],[102.74494980000009,0.113701300000059],[102.73066980000004,0.108323800000051],[102.71696940000004,0.105364500000064],[102.71681470000004,-0.454336199999943],[102.72014620000004,-0.462093599999946],[102.71775690000004,-0.46680809999998],[102.707358,-0.477276199999949],[102.70221080000005,-0.477220299999942],[102.694423,-0.469897899999978],[102.69118730000008,-0.469061499999953],[102.68732610000006,-0.539322699999957],[102.66607940000006,-0.590853899999956],[102.66333790000004,-0.604970199999968],[102.66767480000004,-0.656683599999951],[102.66712610000008,-0.672084199999972],[102.65656250000006,-0.679166199999941],[102.64545570000007,-0.689518699999951],[102.63934790000008,-0.716169499999978],[102.63862420000004,-0.805905299999949],[102.63401450000003,-0.817078199999969],[102.62588520000008,-0.827158599999962],[102.59100940000008,-0.858149099999935],[102.58333310000006,-0.869111199999963],[102.57601730000005,-0.889093599999967],[102.57056220000004,-0.913993199999936],[102.56747320000005,-0.937049899999977],[102.56266760000005,-1.020455499999969],[102.559379,-1.060387399999968],[102.55502780000006,-1.090031599999975],[102.55623760000009,-1.09580109999996],[102.55860580000007,-1.097319699999957],[102.56685190000007,-1.095359599999938],[102.57139910000006,-1.09661269999998],[102.58677670000009,-1.092201499999931],[102.60279850000006,-1.094744099999957],[102.61681370000008,-1.094634199999973],[102.62316130000005,-1.097864899999934],[102.63034820000007,-1.109973299999979],[102.63778860000008,-1.115886199999977],[102.641659,-1.121008],[102.64680480000004,-1.122272799999962],[102.64957270000008,-1.118519699999979],[102.65406910000007,-1.115818599999955],[102.66329020000006,-1.11399629999994],[102.67156250000005,-1.110020499999962],[102.67465030000005,-1.096413799999937],[102.67648130000003,-1.094776799999977],[102.68532040000008,-1.095309899999961],[102.68566130000005,-1.084511199999952],[102.690982,-1.087241899999924],[102.70538610000006,-1.081871399999955],[102.709746,-1.082460699999956],[102.716976,-1.074286],[102.72903240000005,-1.078636299999971],[102.73199220000004,-1.076844599999959],[102.734847,-1.072374],[102.733197,-1.054062899999963],[102.74021140000008,-1.048004599999956],[102.74716240000004,-1.04750729999995],[102.75097860000005,-1.044221199999924],[102.75659760000008,-1.045600599999943],[102.75992920000004,-1.038881699999934],[102.75590570000008,-1.032779399999924],[102.75810730000006,-1.027722099999949],[102.76051940000008,-1.027472599999953],[102.77056660000005,-1.033997699999929],[102.77337150000005,-1.032827699999928],[102.77365780000008,-1.031201299999964],[102.77740070000004,-1.030988699999966],[102.78178360000004,-1.033072799999957],[102.78315180000004,-1.030442599999958],[102.78286920000005,-1.026722899999925],[102.78101870000006,-1.024605599999973],[102.78195980000004,-1.022679],[102.78109440000009,-1.019769899999972],[102.77370520000005,-1.013838599999929],[102.77536280000004,-1.008865899999932],[102.78342430000004,-0.998474499999929],[102.79002130000003,-0.99410759999995],[102.824717,-0.959897799999965],[102.86159620000006,-0.931586],[102.88303810000008,-0.912560599999949],[102.92805150000004,-0.867494499999964],[102.96164630000004,-0.820907699999964],[102.97234540000005,-0.80822569999998],[103.00361020000008,-0.762929299999939],[103.01223050000004,-0.755344299999933],[103.04868610000005,-0.754745199999945],[103.06814940000004,-0.756763599999942],[103.082623,-0.756554699999924],[103.092604,-0.758497],[103.09780920000009,-0.757566299999951],[103.10646390000005,-0.752583699999946],[103.12154640000006,-0.746922799999936],[103.13890570000007,-0.749165699999935],[103.14689030000005,-0.751932499999953],[103.22172310000008,-0.767859199999975],[103.25280570000007,-0.772877899999969],[103.26476170000007,-0.776430699999935],[103.345248,-0.792902399999946],[103.34808810000004,-0.793956399999956],[103.35046130000006,-0.803420699999947],[103.35317010000006,-0.805802599999936],[103.35719880000005,-0.80668959999997],[103.36148980000007,-0.805231699999979],[103.36619890000009,-0.798617599999943],[103.37771660000004,-0.796073799999931],[103.42485740000006,-0.77601489999995],[103.43972420000006,-0.771243099999936],[103.44335890000008,-0.763867199999936],[103.44557370000007,-0.752214699999968],[103.44214180000006,-0.743934099999933],[103.44240890000003,-0.73960569999997]]]]},"properties":{"id":"indragiri-hilir","nama":"Indragiri Hilir","shape_name":"Indragiri Hilir","skor":61.0,"skor_risiko":58.0,"level_risiko":"TINGGI","kategori":"Waspada / koridor","polres":"Polres Inhil","n_kasus":7,"layer":"choropleth"}},{"type":"Feature","geometry":{"type":"Polygon","coordinates":[[[102.71696940000004,0.105364500000064],[102.62677190000005,0.103564400000039],[102.59339460000007,0.101282300000037],[102.565644,0.093202900000051],[102.55115090000004,0.084668700000066],[102.53813640000004,0.074943],[102.51516310000005,0.049138300000038],[102.50007750000003,0.023332100000061],[102.49630160000004,0.012168900000063],[102.48541070000005,-0.069193599999949],[102.47966130000003,-0.088939299999936],[102.475463,-0.097796899999935],[102.458261,-0.119291],[102.43288470000005,-0.147387399999957],[102.40715520000003,-0.16643769999996],[102.38371580000006,-0.17655579999996],[102.36807620000008,-0.178831499999944],[102.33909140000009,-0.177701299999967],[102.300557,-0.174092899999948],[102.25264330000005,-0.165841],[102.22509790000004,-0.166468599999973],[102.20733970000003,-0.171979699999952],[102.194754,-0.179636499999958],[102.190576,-0.186268199999972],[102.17934460000004,-0.212384499999928],[102.17411370000008,-0.246734799999956],[102.16914530000008,-0.259148599999946],[102.165246,-0.263565],[102.15021540000004,-0.26959979999998],[102.11731180000004,-0.270452699999964],[102.10202520000007,-0.273117099999979],[102.09716870000005,-0.275560199999973],[102.04742650000009,-0.312029],[102.03163540000008,-0.329814299999953],[102.01877190000005,-0.350069099999928],[101.96962340000005,-0.400349299999959],[101.96081020000008,-0.406460399999958],[101.95115580000004,-0.407537399999967],[101.93921470000004,-0.404944199999932],[101.92721980000005,-0.400114299999927],[101.90688770000008,-0.399494699999934],[101.89257430000004,-0.395723799999928],[101.88946690000006,-0.413456599999961],[101.88978670000006,-0.424929599999928],[101.89230630000009,-0.43591159999994],[101.89703610000004,-0.447866699999963],[101.90819680000004,-0.467982499999948],[101.91135160000005,-0.487018],[101.91209280000004,-0.504009699999926],[101.908125,-0.510770499999978],[101.90631620000005,-0.538080799999932],[101.88452340000003,-0.572502],[101.86122810000006,-0.598644099999945],[101.84837890000006,-0.604585899999961],[101.84571990000006,-0.60948389999993],[101.84448510000004,-0.616213499999958],[101.83972430000006,-0.62262149999998],[101.80570520000003,-0.660154499999976],[101.80656010000007,-0.67473949999993],[101.80282510000006,-0.679875399999958],[101.79944270000004,-0.691345599999977],[101.79961970000005,-0.697069499999941],[101.79297390000005,-0.708629799999926],[101.79212420000005,-0.722576699999934],[101.79538180000009,-0.734233899999936],[101.78835410000005,-0.740472299999965],[101.78703120000006,-0.75408479999993],[101.789192,-0.75644],[101.78517060000007,-0.780075099999976],[101.78065930000008,-0.789910299999974],[101.77698790000005,-0.794235399999934],[101.77757450000007,-0.79872759999995],[101.78214470000006,-0.800489499999969],[101.78558240000007,-0.814289699999961],[101.78423080000005,-0.823335],[101.77846530000005,-0.833553299999949],[101.78161820000008,-0.837718699999925],[101.78330880000004,-0.843074299999955],[101.78825350000005,-0.844176299999958],[101.79630830000008,-0.850189899999975],[101.798463,-0.857554199999925],[101.805504,-0.856699299999946],[101.81246270000008,-0.859205799999927],[101.81702110000003,-0.861778799999968],[101.82662460000006,-0.874736799999937],[101.83970570000008,-0.880174499999953],[101.84785060000007,-0.899951199999975],[101.84377690000008,-0.911568799999941],[101.84724710000006,-0.915039],[101.85116360000006,-0.922340799999972],[101.85304450000007,-0.922399799999937],[101.85779980000007,-0.914487899999926],[101.86479510000004,-0.912283399999978],[101.86810340000005,-0.909546599999942],[101.87804870000008,-0.910903699999949],[101.88164090000004,-0.909458],[101.89188410000008,-0.895739399999968],[101.89484930000003,-0.894218],[101.89603120000004,-0.891149899999959],[101.90805030000007,-0.887949699999979],[101.91468990000004,-0.883052699999951],[101.91675190000007,-0.884611799999959],[101.918556,-0.893220499999927],[101.92333270000006,-0.89738449999993],[101.92787370000008,-0.905183499999964],[101.936058,-0.908719899999937],[101.93926240000008,-0.906813099999965],[101.94177250000007,-0.902314599999954],[101.94696810000005,-0.900346899999931],[101.95401760000004,-0.903792499999952],[101.95905620000008,-0.909696599999961],[101.96744790000008,-0.897131099999967],[101.97063450000007,-0.889648099999931],[101.97772220000007,-0.882837199999926],[101.983551,-0.880407499999933],[101.99425510000003,-0.882003199999929],[101.99968720000004,-0.881360399999949],[102.00405880000005,-0.878717599999959],[102.00777440000007,-0.878604399999972],[102.03048970000003,-0.890575199999944],[102.04794380000004,-0.897096],[102.05797580000007,-0.889921699999945],[102.06237030000005,-0.88952089999998],[102.07064820000005,-0.896380099999931],[102.09126280000004,-0.905435],[102.099144,-0.911545199999978],[102.11708320000008,-0.920966199999953],[102.13346860000007,-0.913234199999977],[102.13930510000006,-0.899412499999926],[102.14781190000008,-0.903103599999952],[102.15523530000007,-0.903798799999947],[102.16500090000005,-0.898734899999965],[102.16677090000007,-0.905706],[102.17042540000006,-0.908127299999933],[102.17396550000007,-0.913774399999966],[102.17722320000007,-0.915561899999943],[102.18430330000007,-0.915680899999927],[102.18766780000004,-0.918044399999928],[102.18875120000007,-0.923402099999976],[102.18692020000009,-0.931638499999963],[102.18788910000006,-0.942468499999961],[102.20359040000005,-0.948525299999972],[102.21939350000008,-0.944979199999977],[102.22981260000006,-0.938689199999942],[102.23564150000004,-0.931146299999966],[102.23952480000008,-0.931436399999939],[102.24303490000005,-0.933539899999971],[102.24813320000004,-0.931249399999956],[102.24975590000008,-0.925451],[102.25432590000008,-0.921536499999945],[102.26300810000004,-0.923384399999975],[102.27523040000005,-0.917861099999925],[102.29351040000006,-0.916315599999962],[102.30681610000005,-0.917359599999941],[102.30989840000007,-0.92052949999993],[102.312233,-0.933088399999974],[102.32267760000008,-0.947840499999927],[102.32438660000008,-0.960802299999955],[102.32633210000006,-0.963337799999977],[102.32992550000006,-0.96558639999995],[102.34403230000004,-0.963981],[102.35042570000007,-0.969053599999938],[102.35768130000008,-0.97044],[102.36573030000005,-0.976319799999942],[102.37310030000003,-0.98513719999994],[102.38623050000007,-0.993381599999964],[102.38531490000008,-0.999947899999938],[102.37882230000008,-1.001558399999965],[102.37538150000006,-1.00576529999995],[102.37686160000004,-1.011184699999944],[102.37422180000004,-1.01821659999996],[102.37490080000003,-1.020753399999933],[102.38244630000008,-1.026693699999953],[102.42346950000007,-1.0289],[102.43090060000009,-1.031612399999972],[102.43874360000007,-1.025389699999948],[102.44252010000008,-1.02544869999997],[102.44994350000007,-1.037211499999955],[102.47023010000004,-1.057510899999954],[102.47171020000008,-1.060163299999942],[102.468895,-1.067829299999971],[102.47649380000007,-1.076882599999976],[102.48193780000008,-1.079921299999967],[102.49957310000008,-1.083500799999968],[102.51716610000005,-1.079550099999949],[102.52471920000005,-1.082492899999977],[102.52780020000006,-1.08541809999997],[102.53803450000004,-1.087009],[102.54336550000005,-1.082846],[102.54936980000008,-1.085615299999972],[102.55036050000007,-1.090358699999967],[102.55502780000006,-1.090031599999975],[102.559379,-1.060387399999968],[102.56266760000005,-1.020455499999969],[102.56747320000005,-0.937049899999977],[102.57056220000004,-0.913993199999936],[102.57601730000005,-0.889093599999967],[102.58333310000006,-0.869111199999963],[102.59100940000008,-0.858149099999935],[102.62588520000008,-0.827158599999962],[102.63401450000003,-0.817078199999969],[102.63862420000004,-0.805905299999949],[102.63934790000008,-0.716169499999978],[102.64545570000007,-0.689518699999951],[102.65656250000006,-0.679166199999941],[102.66712610000008,-0.672084199999972],[102.66767480000004,-0.656683599999951],[102.66333790000004,-0.604970199999968],[102.66607940000006,-0.590853899999956],[102.68732610000006,-0.539322699999957],[102.69118730000008,-0.469061499999953],[102.694423,-0.469897899999978],[102.70221080000005,-0.477220299999942],[102.707358,-0.477276199999949],[102.71775690000004,-0.46680809999998],[102.72014620000004,-0.462093599999946],[102.71681470000004,-0.454336199999943],[102.71696940000004,0.105364500000064]]]},"properties":{"id":"indragiri-hulu","nama":"Indragiri Hulu","shape_name":"Indragiri Hulu","skor":82.0,"skor_risiko":84.0,"level_risiko":"SANGAT TINGGI","kategori":"Prioritas peta","polres":"Polres Inhu","n_kasus":11,"layer":"choropleth"}},{"type":"Feature","geometry":{"type":"MultiPolygon","coordinates":[[[[100.74499160000005,0.869792100000041],[100.75108550000004,0.877622700000074],[100.75836960000004,0.877619300000049],[100.75821050000008,0.871640200000058],[100.77642660000004,0.872827400000062],[100.77642980000007,0.879603700000075],[100.76573810000008,0.879608800000028],[100.76534430000004,0.884392400000024],[100.75854420000007,0.884159600000032],[100.75861360000005,0.886787300000037],[100.74001460000005,0.887372200000073],[100.73405690000004,0.876036200000044],[100.74499160000005,0.869792100000041]]],[[[100.74499160000005,0.869792100000041],[100.73998890000007,0.858494300000075],[100.75042590000004,0.849097900000061],[100.74452890000003,0.848440400000072],[100.72825590000008,0.833237200000042],[100.724258,0.841401900000051],[100.70331140000008,0.83211110000002],[100.691439,0.82158910000004],[100.70042230000007,0.810769],[100.69169990000006,0.803922400000033],[100.67962010000008,0.813360100000068],[100.647755,0.825503],[100.64362710000006,0.823958],[100.63524110000009,0.833414400000038],[100.62764630000004,0.823209700000064],[100.61751880000008,0.823231900000053],[100.61793760000006,0.817369800000051],[100.61254650000006,0.807444900000064],[100.64140850000007,0.797519900000054],[100.67807020000004,0.778627500000027],[100.65659110000007,0.745894600000042],[100.61142150000006,0.716152600000044],[100.59538,0.704063800000029],[100.59396930000008,0.700128900000038],[100.59722290000008,0.698874200000034],[100.60436430000004,0.690832],[100.61002220000006,0.670979600000067],[100.61573370000008,0.658609600000034],[100.624301,0.647086900000033],[100.62614610000008,0.644637900000021],[100.64134580000007,0.63774630000006],[100.64445880000005,0.63487],[100.65046290000004,0.625917700000059],[100.65227860000005,0.618448500000056],[100.66224960000005,0.607524700000056],[100.66694150000006,0.604999],[100.67390740000008,0.59832670000003],[100.67421,0.593883500000061],[100.67678960000006,0.589494200000047],[100.67997740000004,0.587567700000022],[100.68971770000007,0.587028400000065],[100.70948990000005,0.569750400000032],[100.71479610000006,0.566962200000034],[100.72262670000003,0.55783230000003],[100.73365290000004,0.554426200000023],[100.74583780000006,0.544558800000061],[100.77159430000006,0.528202600000043],[100.77700420000008,0.528408],[100.78549570000007,0.540939900000069],[100.78960450000005,0.54470630000003],[100.79316550000004,0.544911700000057],[100.80857350000008,0.529435200000023],[100.81955080000006,0.511014800000055],[100.825071,0.492781900000068],[100.83871480000005,0.476031100000057],[100.84080210000008,0.466614],[100.84126390000006,0.427745500000071],[100.84226390000003,0.424967200000026],[100.84134930000005,0.392269900000031],[100.83943340000008,0.386668500000042],[100.84009240000006,0.380981600000041],[100.838933,0.375392400000067],[100.83477160000007,0.370425600000033],[100.815185,0.354890500000067],[100.81049970000004,0.353156600000034],[100.80276370000007,0.354905],[100.77512350000006,0.376016700000037],[100.77753560000008,0.376950100000045],[100.77011520000008,0.381994700000064],[100.77271430000008,0.389839],[100.76046810000008,0.385732300000029],[100.75453,0.381064],[100.74989130000006,0.379570700000045],[100.74251930000008,0.377811800000075],[100.73505530000006,0.380808700000046],[100.728001,0.385939],[100.72671840000004,0.388504200000057],[100.72046610000007,0.390547200000071],[100.71645770000003,0.397696200000041],[100.70683820000005,0.403467900000066],[100.69443980000005,0.418004],[100.69037420000006,0.420674700000063],[100.68246820000007,0.431899100000066],[100.66258860000005,0.447289900000044],[100.65083150000004,0.459688400000061],[100.64078450000005,0.467170200000055],[100.60893260000006,0.50628990000007],[100.60358920000004,0.510778300000027],[100.58563280000004,0.518474],[100.578151,0.524887],[100.57686840000008,0.528521],[100.571738,0.532155100000068],[100.56233250000008,0.524887],[100.55463670000006,0.51484],[100.54736880000007,0.511419600000067],[100.54120620000003,0.503162600000053],[100.53026740000007,0.478072200000042],[100.51979280000006,0.470162900000048],[100.51423490000008,0.463108600000055],[100.51209730000005,0.457764500000053],[100.49756120000006,0.459047100000021],[100.49136190000007,0.457978200000071],[100.48815550000006,0.454130400000054],[100.47725340000005,0.451137700000061],[100.47447440000008,0.449427600000035],[100.47233680000005,0.445152300000075],[100.46528250000006,0.443014600000026],[100.46186220000004,0.434036400000025],[100.45267030000008,0.424630700000023],[100.44781370000004,0.422033],[100.44789550000007,0.41885],[100.43532820000007,0.417534900000021],[100.43815610000007,0.413141500000052],[100.45350710000008,0.405968200000075],[100.46509210000005,0.397915],[100.46757950000006,0.39969160000004],[100.46906220000005,0.405508],[100.47075,0.40710480000007],[100.48236320000007,0.401113500000065],[100.488906,0.392979500000024],[100.49751620000006,0.376801100000023],[100.49895330000004,0.364492900000073],[100.51519910000007,0.354079200000058],[100.52151640000005,0.346006100000068],[100.52723310000005,0.345198],[100.53405240000006,0.340555400000028],[100.53812350000004,0.332503700000075],[100.53175430000005,0.318216800000073],[100.53591640000008,0.311811200000022],[100.54146660000004,0.307376300000044],[100.55462580000005,0.302811600000041],[100.56433870000006,0.29706230000005],[100.57719530000008,0.279102],[100.58413270000005,0.272696300000064],[100.59409050000005,0.267686200000071],[100.60159910000004,0.25930980000004],[100.61337940000004,0.24274870000005],[100.62015350000007,0.235850600000049],[100.62980220000009,0.219214800000032],[100.64906390000004,0.203611800000033],[100.66730450000006,0.195603600000027],[100.67620040000008,0.18624230000006],[100.682404,0.188951300000042],[100.68477250000007,0.203566300000034],[100.69546650000007,0.216948800000068],[100.69458810000003,0.23184980000002],[100.70014710000004,0.237494100000049],[100.70146430000005,0.245988],[100.71345360000004,0.238604400000042],[100.72324850000007,0.241969500000039],[100.73155270000007,0.236230600000056],[100.738572,0.236229700000024],[100.74126620000004,0.241484100000037],[100.74804050000006,0.24033380000003],[100.75489610000005,0.237212900000031],[100.764772,0.236883200000022],[100.76664960000005,0.239181900000062],[100.76803810000007,0.247228],[100.77269090000004,0.25125040000006],[100.78787230000006,0.253465200000051],[100.800357,0.257910400000071],[100.80427450000008,0.256432],[100.80794660000004,0.251997900000049],[100.81896450000005,0.249040700000023],[100.82590060000007,0.239351700000043],[100.83438810000007,0.235081300000047],[100.84132430000005,0.225967100000048],[100.84148710000005,0.222600900000032],[100.83897240000005,0.218518900000049],[100.83905330000005,0.213018100000056],[100.84525540000004,0.20759860000004],[100.84345870000004,0.197172],[100.84550760000008,0.186771400000055],[100.84265040000008,0.180942500000072],[100.84893430000005,0.175441100000057],[100.84885220000007,0.170350800000051],[100.84035250000005,0.15207730000003],[100.84067840000006,0.145591200000069],[100.83496490000005,0.140090900000075],[100.82468160000008,0.14354],[100.81994780000008,0.143047800000033],[100.80285970000006,0.128469600000074],[100.78784210000003,0.127978100000064],[100.78425050000004,0.121984700000041],[100.79012660000006,0.115580300000033],[100.78668130000005,0.106993100000068],[100.77713190000009,0.104284200000052],[100.77443840000007,0.102067500000032],[100.781049,0.093199900000059],[100.78129360000008,0.089176800000075],[100.779327,0.083864400000039],[100.78144880000008,0.077788600000019],[100.78659070000003,0.076474700000063],[100.79205880000006,0.070563],[100.79499670000007,0.061367300000029],[100.79924060000008,0.058165100000053],[100.80105950000006,0.049496500000032],[100.80440570000007,0.048839600000065],[100.80905790000008,0.050892100000056],[100.81428170000004,0.060908400000073],[100.81673020000005,0.062468300000035],[100.828483,0.06435620000002],[100.83248220000007,0.066901200000075],[100.83533870000008,0.065177],[100.83721570000006,0.060579200000063],[100.85017110000007,0.05326210000004],[100.85172170000004,0.049567500000023],[100.85147670000003,0.044395200000054],[100.84788550000007,0.038237700000025],[100.84429420000004,0.027318300000047],[100.84767430000005,0.0],[100.826168,-0.016951699999936],[100.82435630000003,-0.020597],[100.82797970000007,-0.028408199999944],[100.827721,-0.031272399999978],[100.82621480000006,-0.033393899999965],[100.82508080000008,-0.031910599999946],[100.81920090000006,-0.032602699999927],[100.81454470000006,-0.040252],[100.81192970000006,-0.040727499999946],[100.81089860000009,-0.039344399999948],[100.80922340000006,-0.030274599999927],[100.80106360000008,-0.023982199999978],[100.78902620000008,-0.020829799999944],[100.78594280000004,-0.013978099999974],[100.78228440000004,-0.011317499999961],[100.77530020000006,-0.014310699999953],[100.76250050000004,-0.026065799999969],[100.75856640000006,-0.031946399999924],[100.75701370000007,-0.039497599999947],[100.75067480000007,-0.044645],[100.74527390000009,-0.046400799999958],[100.74270260000009,-0.06327529999993],[100.74336570000008,-0.072331899999938],[100.75338910000005,-0.082980299999974],[100.75390980000009,-0.092855499999928],[100.757787,-0.112664199999926],[100.761418,-0.119710899999973],[100.761413,-0.124644499999931],[100.75596610000008,-0.129081399999961],[100.75416830000006,-0.132454799999948],[100.75493950000003,-0.136091199999953],[100.75622590000006,-0.139468699999952],[100.76329750000008,-0.145410899999945],[100.76822450000009,-0.161542199999928],[100.767939,-0.171725699999968],[100.76925380000006,-0.177198899999951],[100.76324640000007,-0.200031699999954],[100.763147,-0.212315],[100.76578550000005,-0.214530699999955],[100.77085760000006,-0.215067599999941],[100.77290450000004,-0.21739649999995],[100.77704230000006,-0.217978199999948],[100.78095820000004,-0.22406929999994],[100.79377330000005,-0.237415299999952],[100.80151550000005,-0.243147499999964],[100.805121,-0.25564339999994],[100.80449950000008,-0.265318199999967],[100.80601310000009,-0.271499],[100.822432,-0.283724199999938],[100.83195310000008,-0.285066299999926],[100.83747060000007,-0.289275599999939],[100.84112,-0.296889199999953],[100.83867470000007,-0.306519299999934],[100.84107830000005,-0.313058199999944],[100.84041330000008,-0.326092],[100.84455590000005,-0.339450499999941],[100.85869170000007,-0.332574399999942],[100.861598,-0.332574399999942],[100.86959050000007,-0.337781699999937],[100.875161,-0.339477],[100.88182150000006,-0.338750399999924],[100.88890570000007,-0.334875299999965],[100.90319530000005,-0.334875299999965],[100.90876590000005,-0.332332199999939],[100.91663730000005,-0.320101299999976],[100.92036680000007,-0.319073199999934],[100.92030560000006,-0.323609799999929],[100.92429650000008,-0.319620199999974],[100.93262360000006,-0.314791499999956],[100.94340010000008,-0.313077599999929],[100.94766110000006,-0.310830099999976],[100.969195,-0.314631499999962],[100.97900410000005,-0.312886399999968],[100.99436290000006,-0.319263599999942],[101.00064030000004,-0.320451799999944],[101.00583440000008,-0.323678],[101.01862250000005,-0.336126899999954],[101.02474090000004,-0.339525299999934],[101.04098290000007,-0.362731499999938],[101.04743350000007,-0.376978399999928],[101.061114,-0.378998499999966],[101.06776540000004,-0.37814],[101.07999320000005,-0.381079399999976],[101.09519960000006,-0.381980799999951],[101.10092160000005,-0.383078199999943],[101.11459950000005,-0.389152899999942],[101.11891060000005,-0.386527],[101.12522050000007,-0.363795899999957],[101.12573,-0.355565599999977],[101.14054440000007,-0.339379399999928],[101.14297430000005,-0.333618199999933],[101.14294020000006,-0.319079099999954],[101.13940790000004,-0.306066499999929],[101.14179860000007,-0.289488399999925],[101.14512990000009,-0.283884],[101.15042070000004,-0.279729699999962],[101.15265960000005,-0.274237899999946],[101.15946910000008,-0.270073799999977],[101.16647460000007,-0.260569799999928],[101.16637670000006,-0.256405699999959],[101.15844030000005,-0.24881229999994],[101.15657870000007,-0.241022899999962],[101.15799940000005,-0.236222],[101.16142870000004,-0.231323],[101.17049180000004,-0.237544699999944],[101.17690940000006,-0.234115399999951],[101.17744830000004,-0.230686099999957],[101.174166,-0.224954299999979],[101.17514580000005,-0.218732699999975],[101.188226,-0.199381799999969],[101.19973860000005,-0.188653],[101.20189410000006,-0.18316619999996],[101.20062040000005,-0.165480899999977],[101.20184510000007,-0.151812799999959],[101.20419660000005,-0.147060799999963],[101.19773,-0.135156399999971],[101.19650530000007,-0.127465],[101.19318130000005,-0.121400299999948],[101.19376840000007,-0.118424399999924],[101.20290010000008,-0.110374],[101.20220470000004,-0.101417399999946],[101.20414480000005,-0.097212],[101.213776,-0.089635899999962],[101.21918880000004,-0.087207199999966],[101.223018,-0.072781099999929],[101.23027390000004,-0.065547899999956],[101.23289950000009,-0.061007199999949],[101.23893120000008,-0.059672499999976],[101.242721,-0.046274599999947],[101.25092230000007,-0.045047],[101.25527230000006,-0.042243499999927],[101.25880470000004,-0.028631099999927],[101.25935860000004,-0.016859899999929],[101.26441510000006,-0.010346599999934],[101.272236,-0.004544199999941],[101.28044960000005,-0.005808099999967],[101.279939,-0.00914279999995],[101.28257050000008,-0.010635199999967],[101.28637590000005,-0.01625359999997],[101.28994540000008,-0.018165599999975],[101.29121290000006,-0.024831899999924],[101.29560530000003,-0.028475199999946],[101.29867920000004,-0.037335],[101.30776180000004,-0.042727599999978],[101.30340240000004,-0.051707199999953],[101.31154050000004,-0.055984599999931],[101.31125280000003,-0.064974899999925],[101.31355750000006,-0.067222299999969],[101.314062,-0.075705099999936],[101.32040040000004,-0.09209009999995],[101.33912570000007,-0.107894099999953],[101.34625520000009,-0.107386],[101.34855990000005,-0.109415899999931],[101.35929220000008,-0.134064899999942],[101.36476590000007,-0.139356899999939],[101.36817110000004,-0.148801899999967],[101.37237810000005,-0.147569499999975],[101.37229270000006,-0.139529499999981],[101.37685860000005,-0.129056399999968],[101.38415590000005,-0.126915],[101.39075270000006,-0.127899599999978],[101.39397050000008,-0.09921559999998],[101.40622140000005,-0.088172899999961],[101.40793890000003,-0.083440699999926],[101.40729690000006,-0.079962799999976],[101.40990160000007,-0.073862199999951],[101.41430020000007,-0.076275499999952],[101.41594290000006,-0.082908],[101.42230490000009,-0.08743069999997],[101.42400420000007,-0.092428799999936],[101.43268850000004,-0.104153899999972],[101.43601110000009,-0.106377099999975],[101.43786140000009,-0.111071],[101.45117110000007,-0.127318399999979],[101.460213,-0.125930299999936],[101.46721410000004,-0.129421299999933],[101.47007790000004,-0.128860599999939],[101.48302870000003,-0.110564099999976],[101.48307170000004,-0.107101799999953],[101.48051690000005,-0.103969799999959],[101.48308360000004,-0.10071279999994],[101.48940640000006,-0.102294499999971],[101.50230120000003,-0.113463699999954],[101.508077,-0.113362099999961],[101.51754380000006,-0.117957199999978],[101.524827,-0.11742739999994],[101.52276810000006,-0.117220799999927],[101.52129060000004,-0.107815199999948],[101.518118,-0.067666699999961],[101.51433360000004,-0.046563],[101.51474230000008,-0.037606699999969],[101.529065,-0.004114799999968],[101.53194730000007,0.014478900000029],[101.53187130000003,0.023115500000074],[101.534007,0.029600400000049],[101.53957340000005,0.036367100000064],[101.54969090000009,0.04165340000003],[101.55634250000008,0.043838300000061],[101.56183860000004,0.042146400000036],[101.56244620000007,0.046019900000033],[101.56859540000005,0.051908600000047],[101.57587910000007,0.091768200000047],[101.57090910000005,0.104350400000044],[101.572416,0.122923400000047],[101.57885960000004,0.144491500000072],[101.58012190000005,0.161478500000044],[101.59038210000006,0.184807800000044],[101.59209880000009,0.193794400000058],[101.58713810000006,0.204746600000021],[101.58643690000008,0.202211400000067],[101.57791160000005,0.201892300000054],[101.57406260000005,0.205390200000068],[101.57066850000007,0.213015800000051],[101.56518480000005,0.218406900000048],[101.56536,0.225199400000065],[101.57433240000006,0.253945100000067],[101.58051640000008,0.267966900000033],[101.68168340000005,0.270835],[101.68269340000006,0.275898100000063],[101.67955230000007,0.294812700000023],[101.65905860000004,0.318652200000031],[101.65875270000004,0.321843200000046],[101.67194820000009,0.343146900000022],[101.68146580000007,0.373509200000058],[101.687399,0.38308],[101.67727770000005,0.386274100000037],[101.66725680000008,0.383909800000026],[101.63893740000003,0.394109300000025],[101.614193,0.39463180000007],[101.59058210000006,0.423565300000064],[101.57414740000007,0.454135],[101.57108020000004,0.453374200000042],[101.56680460000007,0.447352700000067],[101.57011410000007,0.440360500000054],[101.56996460000005,0.436413500000072],[101.56707240000009,0.433981600000038],[101.56655350000005,0.430810400000041],[101.56810650000006,0.429202400000065],[101.56713420000005,0.425227600000028],[101.55695020000007,0.426773300000036],[101.55431930000003,0.431531300000074],[101.55171130000008,0.432693],[101.52901410000004,0.433999],[101.52746780000007,0.437894400000062],[101.52488790000007,0.436077700000055],[101.51586190000006,0.441014300000063],[101.51586240000006,0.442572300000052],[101.510188,0.442833900000039],[101.50543330000005,0.446065200000021],[101.49593150000004,0.44630490000003],[101.48560110000005,0.452859],[101.47697230000006,0.455950100000052],[101.47103880000009,0.447151500000075],[101.46749720000008,0.443764700000031],[101.46644780000008,0.444195700000023],[101.46526330000006,0.441847600000074],[101.463405,0.441667100000075],[101.46320340000005,0.440086300000075],[101.45609260000003,0.440786800000069],[101.45361630000008,0.442664800000045],[101.45107770000004,0.438665700000058],[101.450559,0.434544200000062],[101.44724940000003,0.432132300000035],[101.44866690000003,0.430479400000024],[101.44693290000004,0.422715400000072],[101.44529540000008,0.421482800000035],[101.44878180000006,0.419528300000025],[101.44744360000004,0.416975],[101.43956940000004,0.419861200000071],[101.43680960000006,0.422458300000073],[101.43753510000005,0.423903600000074],[101.43117740000008,0.427673900000059],[101.43079920000008,0.423661600000059],[101.43224840000005,0.421075300000041],[101.42872180000006,0.422677700000065],[101.42726890000006,0.422022200000072],[101.403748,0.432288800000038],[101.39803370000004,0.43278650000002],[101.391733,0.436455],[101.39071850000005,0.433213800000033],[101.389023,0.43278250000003],[101.38122020000009,0.434366900000043],[101.37044980000007,0.433974300000045],[101.37010690000005,0.435391100000061],[101.36286560000008,0.431954500000074],[101.35724170000003,0.471362500000055],[101.35390670000004,0.473240200000021],[101.35023070000005,0.479596300000026],[101.34968770000006,0.490554900000063],[101.35083240000006,0.494707700000049],[101.35606150000007,0.500629700000047],[101.35853330000003,0.501580200000035],[101.35940520000008,0.497647900000061],[101.36298540000007,0.498943900000029],[101.36294550000008,0.536071200000038],[101.36533270000007,0.536787900000036],[101.36777730000006,0.542152200000032],[101.37104740000007,0.544354500000054],[101.37065790000008,0.547294800000032],[101.37298870000006,0.549165500000072],[101.37479410000009,0.554186],[101.37232470000004,0.556563200000028],[101.37255990000006,0.563766700000031],[101.370191,0.565779100000043],[101.36833230000008,0.565545900000075],[101.36888740000006,0.559371200000044],[101.36464720000004,0.563298400000065],[101.36107830000009,0.563832200000036],[101.35883330000007,0.569289100000049],[101.35592520000006,0.569556500000033],[101.35579180000008,0.566495800000041],[101.35407330000004,0.566496500000028],[101.34944830000006,0.570623700000056],[101.34892070000006,0.573418500000059],[101.34508740000007,0.574085500000024],[101.34231350000005,0.579409700000042],[101.33729120000004,0.581674100000043],[101.33901060000005,0.583935600000075],[101.34125780000005,0.583668600000067],[101.340069,0.586064400000055],[101.335046,0.586865],[101.32870240000005,0.59072690000005],[101.33068740000004,0.595783],[101.32606180000005,0.598579600000051],[101.33214360000005,0.600706200000047],[101.33122010000005,0.604965100000072],[101.32804740000006,0.604966400000023],[101.32791570000006,0.606031100000052],[101.33352460000003,0.613325400000065],[101.34402210000007,0.620309600000041],[101.34670240000008,0.620796],[101.35864620000007,0.633020700000031],[101.37527360000007,0.644767900000033],[101.37738940000008,0.648791100000039],[101.37693530000007,0.653479400000037],[101.38017340000005,0.655380100000059],[101.38152590000004,0.658164],[101.38038080000007,0.661735200000066],[101.37819080000008,0.662582100000066],[101.37776030000003,0.66870670000003],[101.37818940000005,0.662598400000036],[101.32259960000005,0.695952200000022],[101.317609,0.694668900000067],[101.31432950000004,0.697235500000033],[101.31775160000007,0.702368700000022],[101.31119250000006,0.708642600000076],[101.31547020000005,0.711779600000057],[101.32345520000007,0.722473800000046],[101.33482870000006,0.797439900000029],[101.32263540000008,0.80323960000004],[101.32053910000008,0.802401],[101.32008490000004,0.800269800000024],[101.31805850000006,0.800269800000024],[101.31477440000003,0.806453800000043],[101.311071,0.805825],[101.30956860000003,0.802715500000033],[101.30565560000008,0.800759],[101.30027520000004,0.804602100000068],[101.30094510000004,0.808074800000043],[101.29865690000008,0.810470100000032],[101.27336540000005,0.828258500000061],[100.90687270000006,1.029913100000044],[100.77150050000006,0.865332900000055],[100.76384260000003,0.858181700000046],[100.75928360000006,0.85580310000006],[100.74499160000005,0.869792100000041]]]]},"properties":{"id":"kampar","nama":"Kampar","shape_name":"Kampar","skor":61.0,"skor_risiko":66.0,"level_risiko":"TINGGI","kategori":"Waspada / koridor","polres":"Polres Kampar","n_kasus":76,"layer":"choropleth"}},{"type":"Feature","geometry":{"type":"MultiPolygon","coordinates":[[[[102.90442730000007,0.767766700000038],[102.901912,0.77000490000006],[102.89576950000009,0.77199],[102.88587920000003,0.773710300000062],[102.89786890000005,0.766639500000053],[102.90381250000007,0.766024600000037],[102.90442730000007,0.767766700000038]]],[[[102.83428260000005,0.772429400000021],[102.84637480000004,0.772531800000024],[102.84657970000006,0.774069],[102.84166090000008,0.775401200000033],[102.82301030000008,0.774171400000057],[102.82577710000004,0.772326900000053],[102.83428260000005,0.772429400000021]]],[[[103.09078940000006,0.717231600000048],[103.100977,0.719022500000051],[103.10949120000004,0.725187900000037],[103.11410060000009,0.732381],[103.11556860000007,0.738546400000075],[103.11254460000004,0.756426200000021],[103.11368960000004,0.76679],[103.11169320000005,0.775480300000027],[103.11254460000004,0.782732100000032],[103.10943250000008,0.788662600000066],[103.10990220000008,0.794828100000075],[103.10549840000004,0.798586100000023],[103.09604470000005,0.799525600000038],[103.09129670000004,0.796502],[103.08456520000004,0.787693800000056],[103.08086590000005,0.778357600000049],[103.07933930000007,0.75815840000007],[103.07561060000006,0.738106],[103.08239260000005,0.722692400000028],[103.08779470000007,0.717525200000068],[103.09078940000006,0.717231600000048]]],[[[103.08435970000005,0.79676580000006],[103.09381340000004,0.803812],[103.10949120000004,0.806219500000054],[103.108493,0.810917],[103.11007840000008,0.813207],[103.10737730000005,0.817669600000045],[103.10567450000008,0.819020100000046],[103.07385970000007,0.82376320000003],[103.07740150000006,0.807129600000053],[103.08227520000008,0.796560300000067],[103.08435970000005,0.79676580000006]]],[[[103.21874370000006,0.863487100000043],[103.21503940000008,0.866369],[103.21490180000006,0.867911200000037],[103.21114260000007,0.868896800000073],[103.20812380000007,0.867731900000024],[103.20886270000005,0.864226300000041],[103.21874370000006,0.863487100000043]]],[[[103.23751290000007,0.871110100000067],[103.23426920000009,0.876253900000052],[103.23129880000005,0.87677130000003],[103.23189650000006,0.871677200000022],[103.23696830000006,0.869257900000036],[103.23751290000007,0.871110100000067]]],[[[102.74913180000004,0.998121100000049],[102.74711240000005,0.999900800000034],[102.74924730000004,1.007953600000064],[102.74533330000008,1.017560600000024],[102.74008970000006,1.021193700000026],[102.73552020000005,1.022167600000046],[102.72786080000009,1.021549600000071],[102.71595020000007,1.01649320000007],[102.69334640000005,1.010631600000067],[102.65838260000004,0.995069200000046],[102.64931860000007,0.991960500000062],[102.63714320000008,0.991208700000072],[102.635434,0.988604200000054],[102.63356210000006,0.991493500000047],[102.62251990000004,0.993252700000028],[102.61375550000008,0.996810800000048],[102.609003,1.000100400000065],[102.60846170000008,1.003349200000059],[102.58871680000004,1.001138100000048],[102.57779030000006,0.992409200000054],[102.56938690000004,0.97993630000002],[102.56157360000009,0.97261130000004],[102.55681230000005,0.969681300000047],[102.53762490000008,0.965306600000019],[102.52970980000003,0.961868],[102.51072590000007,0.947930100000065],[102.49916860000008,0.94349440000002],[102.48780610000006,0.930870300000038],[102.47214850000006,0.928237800000034],[102.45197320000005,0.936265],[102.44052820000007,0.935522800000058],[102.43261820000004,0.918784900000048],[102.42257940000007,0.907535200000041],[102.41806780000007,0.899195500000076],[102.41240390000007,0.893687800000066],[102.40890780000007,0.887848100000042],[102.40791180000008,0.877125700000022],[102.41113440000004,0.85757540000003],[102.42855580000008,0.833435400000042],[102.44466870000008,0.819861500000059],[102.51476470000006,0.784335],[102.56105270000006,0.768593100000032],[102.57894150000004,0.766072200000053],[102.59244390000003,0.76684],[102.60128320000007,0.769012300000043],[102.62002920000003,0.778582],[102.63840060000007,0.78493050000003],[102.65523640000004,0.78899430000007],[102.68461950000005,0.791297800000052],[102.708241,0.791805700000054],[102.76233770000005,0.788301400000023],[102.84352040000005,0.794163100000048],[102.86619910000007,0.791372700000068],[102.88713620000004,0.782196300000066],[102.91840330000008,0.774341700000036],[102.92747340000005,0.76930550000003],[102.95213830000006,0.740426900000045],[102.969428,0.72394810000003],[102.97554,0.71512690000003],[102.98101620000006,0.702943],[102.99451840000006,0.68908440000007],[103.01755290000006,0.685563600000023],[103.02500640000005,0.687436400000024],[103.049408,0.720340200000066],[103.05010090000007,0.754929400000037],[103.05648690000004,0.781166300000052],[103.05514390000008,0.796847500000069],[103.05099980000006,0.807440700000029],[103.04933310000007,0.820606],[103.04710450000005,0.82433270000007],[103.03094290000007,0.83746050000002],[102.99520270000005,0.860850200000073],[102.96131490000005,0.876937600000076],[102.94195090000005,0.889597200000026],[102.92650090000006,0.904335600000024],[102.91556420000006,0.922913],[102.88134950000006,0.950760500000058],[102.867098,0.957446100000027],[102.85228480000006,0.96147250000007],[102.82956860000007,0.970742500000028],[102.80874390000008,0.975873700000022],[102.79703240000003,0.980312500000025],[102.78806890000004,0.98879560000006],[102.78127090000004,1.002073200000041],[102.774398,1.005462800000032],[102.75834880000008,1.009526600000072],[102.75396720000003,0.999709400000029],[102.74913180000004,0.998121100000049]]],[[[102.53334680000006,1.128579400000035],[102.52575590000004,1.12776260000004],[102.52316470000005,1.125261600000044],[102.49700560000008,1.125509500000021],[102.48445820000006,1.128015],[102.48130380000003,1.126212500000065],[102.46212940000004,1.084506500000032],[102.45956080000008,1.07576430000006],[102.46070990000004,1.061546900000053],[102.48333160000004,1.011707100000024],[102.488266,0.983339800000067],[102.49921640000008,0.952381400000036],[102.500005,0.944968600000038],[102.51014420000007,0.948618700000054],[102.52170290000004,0.95823960000007],[102.53341750000004,0.964754],[102.55490360000005,0.97014710000002],[102.560066,0.972656200000074],[102.56916520000004,0.980947900000047],[102.57845180000004,0.994474],[102.58740670000009,1.001410100000044],[102.59158860000008,1.003198200000043],[102.60817180000004,1.005274700000029],[102.60310670000007,1.017470600000024],[102.60245330000004,1.026325500000041],[102.60783840000005,1.037163200000066],[102.61054210000003,1.039146],[102.60869460000004,1.042210300000022],[102.611128,1.041128800000024],[102.61356140000004,1.042570800000021],[102.61423730000007,1.047662900000034],[102.60569790000005,1.053318400000023],[102.59945660000005,1.06311960000005],[102.59540090000007,1.065598100000045],[102.57246380000004,1.08776910000006],[102.56741670000008,1.095159500000022],[102.54923380000008,1.109376900000029],[102.54574140000005,1.120214600000054],[102.54321780000004,1.123954800000035],[102.53828340000007,1.127492300000029],[102.53334680000006,1.128579400000035]]],[[[102.77093140000005,1.158445300000039],[102.75957680000005,1.159022700000037],[102.74749080000004,1.15756],[102.72974680000004,1.151209100000074],[102.71819970000007,1.143896],[102.687677,1.117915100000062],[102.67709210000004,1.102634400000056],[102.66866280000005,1.085968200000025],[102.66400550000009,1.054367700000057],[102.65981,1.04717],[102.66027190000005,1.044321700000069],[102.65642290000005,1.034545200000025],[102.64745470000008,1.026500700000042],[102.63629250000008,1.02242080000002],[102.62405260000008,1.020034400000043],[102.62282090000008,1.018956600000024],[102.62320580000005,1.013875900000073],[102.62659290000005,1.008949200000075],[102.634291,1.006100900000035],[102.64360560000006,1.006947700000069],[102.68217290000007,1.024114300000065],[102.73178680000007,1.039548900000057],[102.74352630000004,1.039356500000054],[102.76354130000004,1.024114300000065],[102.77805210000008,1.01938],[102.78143920000008,1.020303800000022],[102.78713580000004,1.029310500000065],[102.79314030000006,1.033929300000068],[102.79910620000004,1.035584400000062],[102.80911370000007,1.034429700000032],[102.811885,1.035892300000057],[102.81442540000006,1.044822100000033],[102.82012330000003,1.049511100000075],[102.81946760000005,1.040395700000033],[102.81654230000004,1.033005600000024],[102.80957560000007,1.029195],[102.79725870000004,1.030349800000067],[102.79410250000006,1.029195],[102.79063840000003,1.025192100000027],[102.79009950000005,1.020342300000038],[102.79760510000006,1.002444300000036],[102.805842,0.991821],[102.80965260000005,0.989704],[102.82874370000008,0.986162900000068],[102.84764250000006,0.977887500000065],[102.85880460000004,0.974577400000044],[102.86496310000007,0.974192500000072],[102.88493950000009,0.966609900000037],[102.91977320000007,0.944324],[102.92377620000008,0.938627500000052],[102.93482290000009,0.929890200000045],[102.94463790000003,0.91553330000005],[102.95541520000006,0.905448900000067],[102.98486020000007,0.893709400000034],[103.02812320000004,0.866535200000044],[103.04251860000005,0.859914900000035],[103.05391170000007,0.85144710000003],[103.07250250000004,0.83193250000005],[103.10210150000006,0.827121200000022],[103.12354060000007,0.83093180000003],[103.14532610000003,0.83986150000004],[103.15390940000003,0.847982900000034],[103.15483320000004,0.858221300000025],[103.157412,0.862724700000058],[103.15464070000007,0.872193300000049],[103.15814330000006,0.882932100000062],[103.16029880000008,0.884779600000059],[103.15491010000005,0.895402900000022],[103.14270870000007,0.907912300000021],[103.13685820000006,0.91630310000005],[103.12350210000005,0.928581500000064],[103.11865230000006,0.935740700000053],[103.12073080000005,0.938512],[103.11106970000009,0.944939900000065],[103.10514220000005,0.951560200000074],[103.09555820000008,0.96399260000004],[103.08732130000004,0.98008150000004],[103.07958470000005,0.986355400000036],[103.07088590000006,0.999288100000058],[103.04605970000006,1.022035900000049],[103.02573680000006,1.045207],[103.02081010000006,1.049056],[103.01950140000008,1.052366200000051],[103.00522150000006,1.070341100000064],[102.98917110000008,1.084082100000046],[102.97223540000005,1.096245100000033],[102.95325970000005,1.100286500000038],[102.87393130000004,1.132579900000053],[102.83286150000004,1.144865800000048],[102.82443280000007,1.145204700000022],[102.79009950000005,1.155597],[102.77093140000005,1.158445300000039]]],[[[102.37586390000007,1.326466100000061],[102.37524750000006,1.32986],[102.37174670000007,1.332364900000073],[102.37342580000006,1.32758560000002],[102.37586390000007,1.326466100000061]]],[[[102.292011,1.411974300000054],[102.28407160000006,1.415823700000033],[102.27118020000006,1.418490200000065],[102.25668490000004,1.414019300000064],[102.24331230000007,1.411994400000026],[102.23054120000006,1.411934200000076],[102.214062,1.414269],[102.20990340000009,1.40667140000005],[102.20959010000007,1.401345900000024],[102.21416370000009,1.390882900000065],[102.22685720000004,1.368603600000029],[102.22898740000005,1.347226500000033],[102.22701260000008,1.327849300000025],[102.22015590000007,1.310567100000071],[102.20588110000006,1.281857200000047],[102.20582090000005,1.276945200000057],[102.21013140000008,1.266940800000043],[102.22278230000006,1.247152600000049],[102.22488740000006,1.24155890000003],[102.22701260000008,1.24059660000006],[102.23421010000004,1.22967],[102.24601890000008,1.194564400000047],[102.24942720000007,1.176119500000027],[102.24760280000004,1.149514600000032],[102.24329220000004,1.136382600000047],[102.24241010000009,1.128122500000075],[102.23719740000007,1.114529300000072],[102.23649570000003,1.101196800000025],[102.278057,1.00229580000007],[102.294477,0.987239100000068],[102.33026420000004,0.963160400000049],[102.34824810000003,0.942570200000034],[102.36432730000007,0.926811800000053],[102.37954430000008,0.915644600000064],[102.39081180000005,0.91271740000002],[102.41855940000005,0.921138],[102.42724060000006,0.93868070000002],[102.43119020000006,0.943632800000046],[102.43933010000006,0.949166300000059],[102.449575,0.949467],[102.47325270000005,0.940745800000059],[102.48000920000004,0.941447500000038],[102.48289620000008,0.945096400000068],[102.48335740000005,0.953978],[102.474175,0.978678200000047],[102.46749870000008,1.011097200000052],[102.45085820000008,1.038804800000037],[102.45001610000008,1.042934800000069],[102.43955060000008,1.062823300000048],[102.43860830000006,1.070622300000025],[102.440553,1.079423800000029],[102.44239750000008,1.080386100000055],[102.445465,1.092595900000049],[102.45174030000004,1.106048700000031],[102.45007630000003,1.112925400000051],[102.460642,1.13131020000003],[102.45949920000004,1.138708300000076],[102.46423080000005,1.159759600000029],[102.47644050000008,1.178545400000075],[102.47986890000004,1.189111100000048],[102.48337740000005,1.194544400000041],[102.47904690000007,1.201802],[102.48016960000007,1.202203],[102.48233490000007,1.198874900000021],[102.48546250000004,1.198754600000029],[102.48596370000007,1.233900300000073],[102.48462040000004,1.239012700000046],[102.48125220000009,1.243583900000033],[102.47547820000005,1.247433300000068],[102.46683710000008,1.256715900000074],[102.44554520000008,1.272474300000056],[102.42679950000007,1.29009730000007],[102.399092,1.306858100000056],[102.37429150000008,1.325764200000037],[102.35937520000004,1.345211600000027],[102.32286620000008,1.37911420000006],[102.30289750000009,1.402250600000059],[102.292011,1.411974300000054]]]]},"properties":{"id":"kepulauan-meranti","nama":"Kepulauan Meranti","shape_name":"Kepulauan Meranti","skor":0,"skor_risiko":null,"level_risiko":null,"kategori":"Rendah","polres":"Polres Meranti","n_kasus":1,"layer":"choropleth"}},{"type":"Feature","geometry":{"type":"Polygon","coordinates":[[[101.72595250000006,1.671998700000074],[101.71131480000008,1.671265700000049],[101.69412640000007,1.666771100000062],[101.66430930000007,1.665305700000033],[101.66087220000009,1.661857700000041],[101.64522170000004,1.659046500000045],[101.63403120000004,1.654586600000073],[101.62684120000006,1.648937300000057],[101.62016480000005,1.646612700000048],[101.61419110000008,1.64245],[101.60294660000005,1.640179500000045],[101.60189240000005,1.638665800000069],[101.59418880000004,1.638665800000069],[101.58935050000008,1.637044],[101.56174040000008,1.637061700000061],[101.55103590000004,1.641011200000037],[101.54162570000005,1.642462600000044],[101.52430820000006,1.649510100000043],[101.50673160000008,1.66032320000005],[101.502945,1.665223200000071],[101.49737050000005,1.66678],[101.49299020000007,1.675652100000036],[101.48141030000005,1.682813],[101.47343720000003,1.68576360000003],[101.46357590000008,1.68728980000003],[101.44890550000008,1.687274700000046],[101.44474390000005,1.689162100000033],[101.44058630000006,1.686582],[101.43146520000005,1.68923170000005],[101.41581820000005,1.695560300000068],[101.40050250000007,1.706812100000036],[101.39352440000005,1.713209500000062],[101.38942750000007,1.71993150000003],[101.38743050000005,1.720338],[101.38188610000009,1.732257100000027],[101.36470870000005,1.759331600000053],[101.357529,1.778169700000035],[101.35623740000005,1.79469290000003],[101.35882070000008,1.812038100000052],[101.363786,1.831597500000044],[101.35425790000005,1.843507600000066],[101.35006420000008,1.856189400000062],[101.34721250000007,1.871605500000044],[101.34122940000003,1.886036700000034],[101.33703020000007,1.89168490000003],[101.33536950000007,1.903091800000027],[101.33224940000008,1.911395300000038],[101.33283650000004,1.915253500000063],[101.33067260000007,1.920084700000075],[101.32866680000006,1.936016],[101.32708270000006,1.938167900000053],[101.32834090000006,1.947243100000037],[101.32496910000003,1.967456800000036],[101.32295610000006,1.970325200000048],[101.32315740000007,1.977488100000073],[101.32154710000003,1.982403100000056],[101.32314070000007,1.997903],[101.31810820000004,2.005787200000043],[101.30504060000004,2.041098200000022],[101.29405310000004,2.051364400000068],[101.28481020000004,2.057386500000064],[101.26832060000004,2.081357800000035],[101.24164860000008,2.091640700000028],[101.22685320000005,2.098971300000073],[101.17926310000007,2.128461400000049],[101.112298,2.189689500000043],[101.09612520000007,2.203114800000037],[101.08817520000008,2.206777200000033],[101.08129710000009,2.213119300000074],[101.07638420000006,2.218300200000044],[101.06825550000008,2.231609800000058],[101.06818760000004,2.237431900000047],[101.06459320000005,2.245187300000055],[101.06016860000005,2.248594500000024],[101.05757410000007,2.261826500000041],[101.05861190000007,2.268183],[101.061816,2.275299600000039],[101.05616870000006,2.270582],[101.05454070000008,2.267374400000051],[101.05172780000004,2.257579700000065],[101.05165870000008,2.248175400000036],[101.05008440000006,2.24327820000002],[101.03644320000006,2.215759400000024],[101.01277450000003,2.144779800000038],[101.00932370000004,2.119869700000038],[101.012846,2.098195500000031],[101.01860550000004,2.090581200000031],[101.018712,2.075536800000066],[101.02586120000007,2.065034600000047],[101.03263430000004,2.04457530000002],[101.05400620000006,1.993919400000038],[101.05791150000005,1.975578900000073],[101.06023660000005,1.955078200000059],[101.07308040000004,1.929098700000054],[101.07901930000008,1.919293800000048],[101.084533,1.915803500000038],[101.08798870000004,1.910465100000067],[101.08809340000005,1.907525700000065],[101.09855220000009,1.89201840000004],[101.10832010000007,1.881779700000038],[101.11292580000008,1.872328],[101.117078,1.869690400000025],[101.12106630000005,1.857640700000047],[101.12607990000004,1.851623],[101.12994880000008,1.840755100000024],[101.20293020000008,1.752829200000065],[101.241986,1.694264900000064],[101.25290670000004,1.681451300000049],[101.26373850000004,1.661398700000063],[101.26962080000004,1.654909800000041],[101.27147040000006,1.647010700000067],[101.28177840000006,1.631620800000064],[101.28140920000004,1.626173100000074],[101.28466010000005,1.615330800000038],[101.29296590000007,1.598093800000072],[101.29996580000005,1.588604],[101.30792960000008,1.547073],[101.31104870000007,1.541827100000035],[101.31394860000006,1.526824900000065],[101.33303440000009,1.496340500000031],[101.31741720000008,1.474730100000045],[101.34103680000004,1.46722120000004],[101.36643140000007,1.451548100000025],[101.42217150000005,1.431061900000032],[101.42220860000003,1.458307],[101.47551270000008,1.456392200000039],[101.48123270000008,1.482076600000028],[101.51488310000008,1.481691],[101.57587190000004,1.53599],[101.578758,1.540005300000075],[101.60012610000007,1.524514400000044],[101.62620940000005,1.517351800000029],[101.68998480000005,1.515800200000058],[101.72816930000005,1.660943600000053],[101.72595250000006,1.671998700000074]]]},"properties":{"id":"kota-dumai","nama":"Kota Dumai","shape_name":"Kota Dumai","skor":36.0,"skor_risiko":58.5,"level_risiko":"TINGGI","kategori":"Pantau","polres":"Polres Dumai","n_kasus":50,"layer":"choropleth"}},{"type":"Feature","geometry":{"type":"Polygon","coordinates":[[[101.57414740000007,0.454135],[101.57031050000006,0.462699],[101.56912440000008,0.468660800000066],[101.57035220000006,0.470719200000076],[101.57430570000008,0.472801600000025],[101.58569080000007,0.47184580000004],[101.58855480000005,0.474109400000032],[101.58390920000005,0.48912050000007],[101.57987060000005,0.496733200000051],[101.58243,0.501596800000073],[101.58206930000006,0.506903900000054],[101.58807910000007,0.516700600000036],[101.588932,0.52794],[101.59201080000008,0.530542],[101.59257950000006,0.533677500000067],[101.58838310000004,0.539286900000036],[101.58835210000007,0.542306],[101.57858410000006,0.542460800000072],[101.57578870000003,0.550627100000042],[101.57941320000003,0.556889900000044],[101.58196030000005,0.558667900000046],[101.57995040000009,0.570998400000065],[101.58522410000006,0.574742400000048],[101.58600070000006,0.577551800000037],[101.58445350000005,0.585045200000025],[101.58181550000006,0.58816870000004],[101.578501,0.597092400000065],[101.58445040000004,0.595322100000033],[101.58811080000004,0.596825400000057],[101.59035120000004,0.600612],[101.59143410000007,0.606591500000036],[101.58806270000008,0.609827900000028],[101.58081650000008,0.612757800000054],[101.57559860000003,0.617653],[101.57130980000005,0.624804400000073],[101.57420180000008,0.632887400000072],[101.57139620000004,0.638686700000051],[101.56921930000004,0.640307800000073],[101.56381930000003,0.640944800000057],[101.55983990000004,0.637952300000052],[101.554931,0.637182300000063],[101.549801,0.638430100000051],[101.54590340000004,0.642240500000071],[101.54445550000008,0.649845300000038],[101.54028440000008,0.658007200000043],[101.51875210000009,0.656989600000031],[101.49815690000008,0.659515900000031],[101.49607160000005,0.655886900000041],[101.49199250000004,0.654435100000057],[101.48907770000005,0.651272200000051],[101.48429150000004,0.654884500000037],[101.48449490000007,0.659672700000044],[101.45709930000004,0.661824300000035],[101.44073560000004,0.665977100000021],[101.42640440000008,0.674706400000048],[101.41781390000006,0.684935300000063],[101.41499740000006,0.682822500000043],[101.41131340000004,0.683525600000053],[101.40715160000008,0.688265100000024],[101.40147080000008,0.689093900000046],[101.39726980000006,0.692421],[101.38631240000007,0.686529500000063],[101.38224020000007,0.681218200000046],[101.37776030000003,0.66870670000003],[101.37819080000008,0.662582100000066],[101.38038080000007,0.661735200000066],[101.38152590000004,0.658164],[101.38017340000005,0.655380100000059],[101.37693530000007,0.653479400000037],[101.37738940000008,0.648791100000039],[101.37527360000007,0.644767900000033],[101.35864620000007,0.633020700000031],[101.34670240000008,0.620796],[101.34402210000007,0.620309600000041],[101.33352460000003,0.613325400000065],[101.32791570000006,0.606031100000052],[101.32804740000006,0.604966400000023],[101.33122010000005,0.604965100000072],[101.33214360000005,0.600706200000047],[101.32606180000005,0.598579600000051],[101.33068740000004,0.595783],[101.32870240000005,0.59072690000005],[101.335046,0.586865],[101.340069,0.586064400000055],[101.34125780000005,0.583668600000067],[101.33901060000005,0.583935600000075],[101.33729120000004,0.581674100000043],[101.34231350000005,0.579409700000042],[101.34508740000007,0.574085500000024],[101.34892070000006,0.573418500000059],[101.34944830000006,0.570623700000056],[101.35407330000004,0.566496500000028],[101.35579180000008,0.566495800000041],[101.35592520000006,0.569556500000033],[101.35883330000007,0.569289100000049],[101.36107830000009,0.563832200000036],[101.36464720000004,0.563298400000065],[101.36888740000006,0.559371200000044],[101.36833230000008,0.565545900000075],[101.370191,0.565779100000043],[101.37255990000006,0.563766700000031],[101.37232470000004,0.556563200000028],[101.37479410000009,0.554186],[101.37298870000006,0.549165500000072],[101.37065790000008,0.547294800000032],[101.37104740000007,0.544354500000054],[101.36777730000006,0.542152200000032],[101.36533270000007,0.536787900000036],[101.36294550000008,0.536071200000038],[101.36298540000007,0.498943900000029],[101.35940520000008,0.497647900000061],[101.35853330000003,0.501580200000035],[101.35606150000007,0.500629700000047],[101.35083240000006,0.494707700000049],[101.34968770000006,0.490554900000063],[101.35023070000005,0.479596300000026],[101.35390670000004,0.473240200000021],[101.35724170000003,0.471362500000055],[101.36286560000008,0.431954500000074],[101.37010690000005,0.435391100000061],[101.37044980000007,0.433974300000045],[101.38122020000009,0.434366900000043],[101.389023,0.43278250000003],[101.39071850000005,0.433213800000033],[101.391733,0.436455],[101.39803370000004,0.43278650000002],[101.403748,0.432288800000038],[101.42726890000006,0.422022200000072],[101.42872180000006,0.422677700000065],[101.43224840000005,0.421075300000041],[101.43079920000008,0.423661600000059],[101.43117740000008,0.427673900000059],[101.43753510000005,0.423903600000074],[101.43680960000006,0.422458300000073],[101.43956940000004,0.419861200000071],[101.44744360000004,0.416975],[101.44878180000006,0.419528300000025],[101.44529540000008,0.421482800000035],[101.44693290000004,0.422715400000072],[101.44866690000003,0.430479400000024],[101.44724940000003,0.432132300000035],[101.450559,0.434544200000062],[101.45107770000004,0.438665700000058],[101.45361630000008,0.442664800000045],[101.45609260000003,0.440786800000069],[101.46320340000005,0.440086300000075],[101.463405,0.441667100000075],[101.46526330000006,0.441847600000074],[101.46644780000008,0.444195700000023],[101.46749720000008,0.443764700000031],[101.47103880000009,0.447151500000075],[101.47697230000006,0.455950100000052],[101.48560110000005,0.452859],[101.49593150000004,0.44630490000003],[101.50543330000005,0.446065200000021],[101.510188,0.442833900000039],[101.51586240000006,0.442572300000052],[101.51586190000006,0.441014300000063],[101.52488790000007,0.436077700000055],[101.52746780000007,0.437894400000062],[101.52901410000004,0.433999],[101.55171130000008,0.432693],[101.55431930000003,0.431531300000074],[101.55695020000007,0.426773300000036],[101.56713420000005,0.425227600000028],[101.56810650000006,0.429202400000065],[101.56655350000005,0.430810400000041],[101.56707240000009,0.433981600000038],[101.56996460000005,0.436413500000072],[101.57011410000007,0.440360500000054],[101.56680460000007,0.447352700000067],[101.57108020000004,0.453374200000042],[101.57414740000007,0.454135]]]},"properties":{"id":"kota-pekanbaru","nama":"Kota Pekanbaru","shape_name":"Kota Pekanbaru","skor":37.0,"skor_risiko":77.0,"level_risiko":"SANGAT TINGGI","kategori":"Pantau","polres":"Polresta Pekanbaru","n_kasus":11,"layer":"choropleth"}},{"type":"Feature","geometry":{"type":"Polygon","coordinates":[[[101.83340560000005,-0.981525699999963],[101.84180560000004,-0.983091],[101.85169840000003,-0.980404499999963],[101.85545090000005,-0.977377],[101.85455540000004,-0.972302699999943],[101.85569250000003,-0.968041199999959],[101.85426330000007,-0.968600199999969],[101.85924650000004,-0.96544629999994],[101.87231450000007,-0.966733599999941],[101.88376490000007,-0.964499199999977],[101.89165360000004,-0.960789399999953],[101.89780430000008,-0.953035399999976],[101.90120530000007,-0.95102449999996],[101.90716480000003,-0.95056059999996],[101.90934750000008,-0.946678199999951],[101.91036990000003,-0.938667199999941],[101.91390990000008,-0.935146599999939],[101.91458890000007,-0.931515399999967],[101.91271850000004,-0.922284099999956],[101.92113490000008,-0.911222199999941],[101.92787370000008,-0.905183499999964],[101.92333270000006,-0.89738449999993],[101.918556,-0.893220499999927],[101.91675190000007,-0.884611799999959],[101.91468990000004,-0.883052699999951],[101.90805030000007,-0.887949699999979],[101.89603120000004,-0.891149899999959],[101.89484930000003,-0.894218],[101.89188410000008,-0.895739399999968],[101.88164090000004,-0.909458],[101.87804870000008,-0.910903699999949],[101.86810340000005,-0.909546599999942],[101.86479510000004,-0.912283399999978],[101.85779980000007,-0.914487899999926],[101.85304450000007,-0.922399799999937],[101.85116360000006,-0.922340799999972],[101.84724710000006,-0.915039],[101.84377690000008,-0.911568799999941],[101.84785060000007,-0.899951199999975],[101.83970570000008,-0.880174499999953],[101.82662460000006,-0.874736799999937],[101.81702110000003,-0.861778799999968],[101.81246270000008,-0.859205799999927],[101.805504,-0.856699299999946],[101.798463,-0.857554199999925],[101.79630830000008,-0.850189899999975],[101.78825350000005,-0.844176299999958],[101.78330880000004,-0.843074299999955],[101.78161820000008,-0.837718699999925],[101.77846530000005,-0.833553299999949],[101.78423080000005,-0.823335],[101.78558240000007,-0.814289699999961],[101.78214470000006,-0.800489499999969],[101.77757450000007,-0.79872759999995],[101.77698790000005,-0.794235399999934],[101.78065930000008,-0.789910299999974],[101.78517060000007,-0.780075099999976],[101.789192,-0.75644],[101.78703120000006,-0.75408479999993],[101.78835410000005,-0.740472299999965],[101.79538180000009,-0.734233899999936],[101.79212420000005,-0.722576699999934],[101.79297390000005,-0.708629799999926],[101.79961970000005,-0.697069499999941],[101.79944270000004,-0.691345599999977],[101.80282510000006,-0.679875399999958],[101.80656010000007,-0.67473949999993],[101.80570520000003,-0.660154499999976],[101.83972430000006,-0.62262149999998],[101.84448510000004,-0.616213499999958],[101.84571990000006,-0.60948389999993],[101.84837890000006,-0.604585899999961],[101.86122810000006,-0.598644099999945],[101.88452340000003,-0.572502],[101.90631620000005,-0.538080799999932],[101.908125,-0.510770499999978],[101.91209280000004,-0.504009699999926],[101.91135160000005,-0.487018],[101.90819680000004,-0.467982499999948],[101.89703610000004,-0.447866699999963],[101.89230630000009,-0.43591159999994],[101.88978670000006,-0.424929599999928],[101.88946690000006,-0.413456599999961],[101.89257430000004,-0.395723799999928],[101.89084640000004,-0.396208099999967],[101.88846450000005,-0.393194199999925],[101.87240030000004,-0.392512299999964],[101.86277970000003,-0.40423919999995],[101.84943230000005,-0.404443199999946],[101.84544670000008,-0.398574599999961],[101.83788350000003,-0.392266699999936],[101.83433720000005,-0.38194169999997],[101.82873780000006,-0.37678829999993],[101.82437680000004,-0.375130199999944],[101.81963110000004,-0.376322799999969],[101.81085870000004,-0.381973599999981],[101.80458630000004,-0.380686399999945],[101.80089990000005,-0.377868099999944],[101.79771350000004,-0.372589699999935],[101.79253530000005,-0.37068359999995],[101.78851830000008,-0.365685399999961],[101.77631040000006,-0.364618399999927],[101.765105,-0.358039599999927],[101.74768740000007,-0.352109199999973],[101.74814050000003,-0.347795799999972],[101.74606220000004,-0.344398],[101.75989720000007,-0.331352699999968],[101.75753820000006,-0.323802199999932],[101.75374620000008,-0.319050599999969],[101.75465630000008,-0.312334699999951],[101.75352050000004,-0.311060699999928],[101.74335850000006,-0.309510299999943],[101.738149,-0.309416099999964],[101.73683920000008,-0.311442199999931],[101.73303360000006,-0.310891099999935],[101.73485120000004,-0.301631499999928],[101.73416340000006,-0.29658059999997],[101.71969330000007,-0.280853399999955],[101.71840920000005,-0.276683899999966],[101.71389520000008,-0.271610099999975],[101.71255490000004,-0.26533059999997],[101.70566710000008,-0.262070399999971],[101.68882260000004,-0.259610499999951],[101.67993390000004,-0.252989899999932],[101.67741580000006,-0.252880199999936],[101.67328790000005,-0.256092899999942],[101.66703170000005,-0.254233399999976],[101.66507020000006,-0.252664299999935],[101.66398990000005,-0.242191799999944],[101.66083360000005,-0.23932659999997],[101.65644180000004,-0.241070099999945],[101.651914,-0.240557399999943],[101.63940990000003,-0.246392599999979],[101.63761840000006,-0.245867],[101.63534690000006,-0.241179199999976],[101.623029,-0.230920199999957],[101.61969760000005,-0.231093499999929],[101.61655930000006,-0.236242299999958],[101.61165580000005,-0.235653799999966],[101.60444750000005,-0.225699599999928],[101.60246380000007,-0.219481799999926],[101.596291,-0.214178299999958],[101.59243380000004,-0.198190599999975],[101.58561780000008,-0.192551499999979],[101.58276530000006,-0.187665899999956],[101.57005750000008,-0.183257799999978],[101.56653580000005,-0.176690199999939],[101.56011930000005,-0.170436499999937],[101.556834,-0.161364899999967],[101.55732430000006,-0.155333499999927],[101.55251880000009,-0.152685599999927],[101.54820370000004,-0.14562449999994],[101.54457510000003,-0.130178299999955],[101.54163130000006,-0.128080399999931],[101.53573,-0.126805299999944],[101.53246330000007,-0.127922599999977],[101.53149360000003,-0.120573199999967],[101.524827,-0.11742739999994],[101.51754380000006,-0.117957199999978],[101.508077,-0.113362099999961],[101.50230120000003,-0.113463699999954],[101.48940640000006,-0.102294499999971],[101.48308360000004,-0.10071279999994],[101.48051690000005,-0.103969799999959],[101.48307170000004,-0.107101799999953],[101.48302870000003,-0.110564099999976],[101.47007790000004,-0.128860599999939],[101.46721410000004,-0.129421299999933],[101.460213,-0.125930299999936],[101.45117110000007,-0.127318399999979],[101.43786140000009,-0.111071],[101.43601110000009,-0.106377099999975],[101.43268850000004,-0.104153899999972],[101.42400420000007,-0.092428799999936],[101.42230490000009,-0.08743069999997],[101.41594290000006,-0.082908],[101.41430020000007,-0.076275499999952],[101.40990160000007,-0.073862199999951],[101.40729690000006,-0.079962799999976],[101.40793890000003,-0.083440699999926],[101.40622140000005,-0.088172899999961],[101.39397050000008,-0.09921559999998],[101.39075270000006,-0.127899599999978],[101.38415590000005,-0.126915],[101.37685860000005,-0.129056399999968],[101.37229270000006,-0.139529499999981],[101.37237810000005,-0.147569499999975],[101.36817110000004,-0.148801899999967],[101.36476590000007,-0.139356899999939],[101.35929220000008,-0.134064899999942],[101.34855990000005,-0.109415899999931],[101.34625520000009,-0.107386],[101.33912570000007,-0.107894099999953],[101.32040040000004,-0.09209009999995],[101.314062,-0.075705099999936],[101.31355750000006,-0.067222299999969],[101.31125280000003,-0.064974899999925],[101.31154050000004,-0.055984599999931],[101.30340240000004,-0.051707199999953],[101.30776180000004,-0.042727599999978],[101.29867920000004,-0.037335],[101.29560530000003,-0.028475199999946],[101.29121290000006,-0.024831899999924],[101.28994540000008,-0.018165599999975],[101.28637590000005,-0.01625359999997],[101.28257050000008,-0.010635199999967],[101.279939,-0.00914279999995],[101.28044960000005,-0.005808099999967],[101.272236,-0.004544199999941],[101.26441510000006,-0.010346599999934],[101.25935860000004,-0.016859899999929],[101.25880470000004,-0.028631099999927],[101.25527230000006,-0.042243499999927],[101.25092230000007,-0.045047],[101.242721,-0.046274599999947],[101.23893120000008,-0.059672499999976],[101.23289950000009,-0.061007199999949],[101.23027390000004,-0.065547899999956],[101.223018,-0.072781099999929],[101.21918880000004,-0.087207199999966],[101.213776,-0.089635899999962],[101.20414480000005,-0.097212],[101.20220470000004,-0.101417399999946],[101.20290010000008,-0.110374],[101.19376840000007,-0.118424399999924],[101.19318130000005,-0.121400299999948],[101.19650530000007,-0.127465],[101.19773,-0.135156399999971],[101.20419660000005,-0.147060799999963],[101.20184510000007,-0.151812799999959],[101.20062040000005,-0.165480899999977],[101.20189410000006,-0.18316619999996],[101.19973860000005,-0.188653],[101.188226,-0.199381799999969],[101.17514580000005,-0.218732699999975],[101.174166,-0.224954299999979],[101.17744830000004,-0.230686099999957],[101.17690940000006,-0.234115399999951],[101.17049180000004,-0.237544699999944],[101.16142870000004,-0.231323],[101.15799940000005,-0.236222],[101.15657870000007,-0.241022899999962],[101.15844030000005,-0.24881229999994],[101.16637670000006,-0.256405699999959],[101.16647460000007,-0.260569799999928],[101.15946910000008,-0.270073799999977],[101.15265960000005,-0.274237899999946],[101.15042070000004,-0.279729699999962],[101.14512990000009,-0.283884],[101.14179860000007,-0.289488399999925],[101.13940790000004,-0.306066499999929],[101.14294020000006,-0.319079099999954],[101.14297430000005,-0.333618199999933],[101.14054440000007,-0.339379399999928],[101.12573,-0.355565599999977],[101.12522050000007,-0.363795899999957],[101.11891060000005,-0.386527],[101.11459950000005,-0.389152899999942],[101.10092160000005,-0.383078199999943],[101.09519960000006,-0.381980799999951],[101.07999320000005,-0.381079399999976],[101.06776540000004,-0.37814],[101.061114,-0.378998499999966],[101.04743350000007,-0.376978399999928],[101.04098290000007,-0.362731499999938],[101.04243240000005,-0.367079799999942],[101.04290860000003,-0.382318199999929],[101.03481320000009,-0.388508699999932],[101.03005120000006,-0.389461099999949],[101.02528920000003,-0.394699299999957],[101.02576540000007,-0.398032699999931],[101.03005120000006,-0.402318499999978],[101.039099,-0.418033],[101.04313660000008,-0.421511099999975],[101.03767040000008,-0.424699799999928],[101.03767040000008,-0.435176099999978],[101.04368550000004,-0.44439929999993],[101.04481340000007,-0.450414499999965],[101.04909910000003,-0.455176399999971],[101.04814670000007,-0.459938399999942],[101.05273,-0.464521699999977],[101.05700420000005,-0.474608799999942],[101.062106,-0.480466299999932],[101.06672810000003,-0.482959499999936],[101.06666130000008,-0.495091699999932],[101.06873950000005,-0.498391199999958],[101.07274330000007,-0.498724899999957],[101.07127020000007,-0.503093399999955],[101.08104850000007,-0.505455299999937],[101.08936240000008,-0.511360099999933],[101.09191330000004,-0.511596299999951],[101.09795980000007,-0.508856499999979],[101.10490380000005,-0.503424099999961],[101.10967490000007,-0.502054199999975],[101.113836,-0.503734599999973],[101.11913480000004,-0.510725699999966],[101.12192740000006,-0.512122],[101.12965670000006,-0.524303399999951],[101.13499460000008,-0.527940699999931],[101.14215430000007,-0.530533],[101.14463120000005,-0.533325899999966],[101.15078010000008,-0.531248199999936],[101.16092840000005,-0.537577299999953],[101.16786640000004,-0.539604599999961],[101.183387,-0.551738799999953],[101.183651,-0.555104899999947],[101.19334760000004,-0.572529199999963],[101.20549210000007,-0.587709899999936],[101.207594,-0.593782099999942],[101.22277460000004,-0.601956299999927],[101.23585330000009,-0.605693099999939],[101.24963260000004,-0.625544699999978],[101.25290230000007,-0.626945899999953],[101.26575010000005,-0.623078599999928],[101.28096080000006,-0.62194489999996],[101.28818820000004,-0.624684699999932],[101.29588810000007,-0.631298],[101.30377680000004,-0.631959399999971],[101.30744910000004,-0.629272299999968],[101.33320630000009,-0.649484799999925],[101.35068520000004,-0.671965499999942],[101.35750070000006,-0.667955499999948],[101.35753190000008,-0.674122699999941],[101.35493590000004,-0.67741929999994],[101.35488860000004,-0.67967],[101.36112410000004,-0.68916489999998],[101.36820980000005,-0.691857499999969],[101.37363430000005,-0.697614399999964],[101.38264380000004,-0.702627799999959],[101.40190150000006,-0.710687699999937],[101.41101440000006,-0.717562599999951],[101.41264920000003,-0.720131599999945],[101.41405050000009,-0.736947099999952],[101.41848790000006,-0.73881549999993],[101.42175760000003,-0.736713499999951],[101.42456010000006,-0.736947099999952],[101.42647920000007,-0.743534099999977],[101.43162060000009,-0.747440199999971],[101.43201220000009,-0.754362299999968],[101.44420270000006,-0.76246029999993],[101.45860070000003,-0.768102799999951],[101.479614,-0.782306199999937],[101.48603470000006,-0.794563899999957],[101.49498480000005,-0.805459699999972],[101.500011,-0.809287299999937],[101.52355550000004,-0.811614899999938],[101.53701120000005,-0.816030699999942],[101.54865770000004,-0.823310299999946],[101.55124780000006,-0.827993099999958],[101.558237,-0.834494799999959],[101.57065390000008,-0.832925099999954],[101.59308730000004,-0.835629599999947],[101.59644990000004,-0.834846599999935],[101.60420520000008,-0.826253599999973],[101.61662140000004,-0.824423699999954],[101.63628570000009,-0.830135699999971],[101.64818390000005,-0.827785699999936],[101.65361650000006,-0.82804219999997],[101.66940110000007,-0.835317799999928],[101.67121320000007,-0.83713819999997],[101.67872910000006,-0.857690599999955],[101.68390880000004,-0.866274199999964],[101.68856780000004,-0.870174199999951],[101.69943370000004,-0.871987899999965],[101.71106920000005,-0.864953599999978],[101.71262380000007,-0.868595499999969],[101.71394030000005,-0.900340799999981],[101.689483,-0.940123699999958],[101.69026050000008,-0.941944699999965],[101.70371610000007,-0.947138499999937],[101.71820340000005,-0.948428199999967],[101.73269520000008,-0.955702599999938],[101.75573280000003,-0.974939199999938],[101.76271770000005,-0.975714099999948],[101.77357720000003,-0.969980599999928],[101.78366490000008,-0.969451899999967],[101.79271970000008,-0.971265799999969],[101.79866670000007,-0.968398599999944],[101.81496850000008,-0.975670399999956],[101.81833370000004,-0.978789899999924],[101.82066140000006,-0.97956819999996],[101.82153320000003,-0.977189099999975],[101.824852,-0.979776499999957],[101.83340560000005,-0.981525699999963]]]},"properties":{"id":"kuantan-singingi","nama":"Kuantan Singingi","shape_name":"Kuantan Singingi","skor":64.0,"skor_risiko":64.5,"level_risiko":"TINGGI","kategori":"Waspada / koridor","polres":"Polres Kuansing","n_kasus":33,"layer":"choropleth"}},{"type":"Feature","geometry":{"type":"MultiPolygon","coordinates":[[[[102.85636870000008,0.258596900000043],[102.88206490000005,0.27048620000005],[102.90661060000008,0.290813100000037],[102.91696580000007,0.296566],[102.94534670000007,0.306921100000068],[102.94573020000007,0.314975200000049],[102.94304550000004,0.322645700000066],[102.934608,0.324563300000023],[102.89510480000007,0.30462],[102.852917,0.288128400000062],[102.83987710000008,0.284676700000034],[102.82913840000003,0.27777320000007],[102.82645370000006,0.272020300000065],[102.82645370000006,0.26396630000005],[102.83220660000006,0.258980400000041],[102.84447940000007,0.25667930000003],[102.85636870000008,0.258596900000043]]],[[[102.96490650000004,0.320344500000033],[102.97027590000005,0.324563300000023],[102.98216520000005,0.329165600000067],[102.99405450000006,0.33683620000005],[102.99635560000007,0.341822],[102.98945210000005,0.353327800000045],[102.98638390000008,0.356012400000054],[102.97871340000006,0.356012400000054],[102.97411110000007,0.349876],[102.96835820000007,0.345273700000064],[102.95340070000009,0.337219700000048],[102.94496320000007,0.327248],[102.94841490000005,0.323412800000028],[102.94918190000004,0.316892800000062],[102.95225020000004,0.316125800000066],[102.96490650000004,0.320344500000033]]],[[[102.94441250000006,0.328581100000065],[102.95097810000004,0.336908200000039],[102.96907360000006,0.346996800000056],[102.977721,0.356925300000057],[102.973077,0.360928700000045],[102.96362890000006,0.36028820000007],[102.95305990000008,0.355324],[102.94249080000009,0.347637400000053],[102.93816710000004,0.342513],[102.93640560000006,0.332424400000036],[102.93752660000007,0.328581100000065],[102.93960840000005,0.327139800000054],[102.94185030000006,0.32665940000004],[102.94441250000006,0.328581100000065]]],[[[103.17271090000008,0.416603900000041],[103.18046970000006,0.424362700000074],[103.18419740000007,0.429174100000068],[103.18337390000005,0.430041],[103.17934270000006,0.427743700000065],[103.17392460000008,0.421241900000041],[103.17119380000008,0.417167400000039],[103.17271090000008,0.416603900000041]]],[[[103.07343920000005,0.543555100000049],[103.06913960000009,0.551162],[103.04797250000007,0.575305800000024],[103.04466510000009,0.582251300000053],[103.04301140000007,0.57894390000007],[103.05591020000008,0.557776700000034],[103.071124,0.538594],[103.07608510000006,0.53826330000004],[103.07343920000005,0.543555100000049]]],[[[102.97928760000008,0.649195200000065],[102.97048090000004,0.659081800000024],[102.96466710000004,0.661556400000052],[102.96965970000008,0.654783],[102.97728830000005,0.649013800000034],[102.97928760000008,0.649195200000065]]],[[[103.070945,0.565427500000055],[103.07610520000009,0.575650500000052],[103.07902610000008,0.577695100000028],[103.08421870000006,0.590141200000062],[103.07941550000004,0.605610900000045],[103.06711060000003,0.624201],[103.05966750000005,0.639087200000063],[103.055367,0.654800500000022],[103.05139730000008,0.659762600000022],[103.04277890000009,0.661541],[103.03423680000009,0.660846],[103.02737780000007,0.642435],[103.03264740000009,0.630595500000027],[103.03941590000005,0.623642200000063],[103.05072240000004,0.604409700000076],[103.06107110000005,0.579789600000026],[103.06471390000007,0.567374800000039],[103.06880310000008,0.563383],[103.070945,0.565427500000055]]],[[[103.10878890000004,0.638399800000059],[103.11472420000007,0.649621700000068],[103.11478530000005,0.65376150000003],[103.10968960000008,0.668400400000053],[103.10068890000008,0.663537800000029],[103.09614470000008,0.659059400000046],[103.09334320000005,0.650470800000051],[103.10433270000004,0.630775700000072],[103.10878890000004,0.638399800000059]]],[[[102.97539630000006,0.669414700000061],[102.97085680000004,0.674449700000025],[102.96558670000007,0.675094400000035],[102.96640260000004,0.67271530000005],[102.97176060000004,0.668411400000025],[102.975031,0.667219600000067],[102.97539630000006,0.669414700000061]]],[[[102.96604560000009,0.680582700000059],[102.96250260000005,0.681866300000024],[102.96622570000005,0.67857],[102.96604560000009,0.680582700000059]]],[[[103.22543820000004,0.522858600000063],[103.23203540000009,0.524702500000046],[103.28493690000005,0.528432800000076],[103.29634070000009,0.543984500000022],[103.30088230000007,0.554581600000063],[103.30012540000007,0.580065],[103.30214390000003,0.601511400000049],[103.29180840000004,0.632386600000075],[103.27861640000003,0.657364900000061],[103.27279880000003,0.665182300000026],[103.25072430000006,0.685251300000061],[103.23680230000008,0.695553100000041],[103.22322790000004,0.701047500000072],[103.20739110000005,0.70234030000006],[103.191231,0.700401100000022],[103.16573010000008,0.688595600000042],[103.16428260000004,0.685520200000042],[103.16140130000008,0.685289],[103.15561120000007,0.67895610000005],[103.14945930000005,0.666652200000044],[103.14893890000008,0.633506800000021],[103.14692940000003,0.630651700000044],[103.14537170000006,0.617524100000026],[103.144481,0.609069],[103.14583310000006,0.604162600000052],[103.13858110000007,0.579122600000062],[103.13961990000007,0.557344300000068],[103.13828390000003,0.553467800000021],[103.14374890000005,0.533855],[103.147092,0.526805900000056],[103.16551990000005,0.499637900000039],[103.17147990000007,0.498313500000052],[103.18339980000007,0.506094500000074],[103.18753850000007,0.511228500000072],[103.20531440000008,0.519935500000031],[103.21744480000007,0.520590200000072],[103.22543820000004,0.522858600000063]]],[[[103.35725020000007,0.537351200000046],[103.33916650000003,0.54265040000007],[103.33148450000004,0.547348900000031],[103.325639,0.534433400000069],[103.31950060000008,0.525119800000027],[103.30912870000009,0.51538290000002],[103.30277850000004,0.511784500000033],[103.29007820000004,0.507762800000023],[103.28097640000004,0.507339400000035],[103.26467770000005,0.509244500000023],[103.23366780000003,0.491358200000036],[103.21673410000005,0.48627810000005],[103.21186570000003,0.483526400000073],[103.20593890000004,0.476964600000031],[103.20191710000006,0.467016],[103.19916540000008,0.452199],[103.188815,0.43182870000004],[103.16752250000008,0.407173900000032],[103.14380350000005,0.392773],[103.12220220000006,0.39150230000007],[103.09678890000004,0.384301900000025],[103.08704710000006,0.383031200000062],[103.07052850000008,0.376677900000061],[103.06332810000004,0.372018800000035],[103.05697470000007,0.369901],[103.03283210000006,0.353806],[103.01377220000006,0.339405100000022],[103.00487750000008,0.327545600000064],[102.98602930000004,0.315050700000029],[102.94706230000008,0.296837800000048],[102.93393210000005,0.293025900000032],[102.92334320000003,0.287943200000029],[102.906401,0.278201400000057],[102.89665930000007,0.270153900000025],[102.87887,0.26210640000005],[102.85049180000004,0.245164200000033],[102.84244430000007,0.244317100000046],[102.83397320000006,0.247705500000052],[102.82380790000008,0.255329500000073],[102.80718560000008,0.261558600000058],[102.79423260000004,0.29346750000002],[102.80880990000009,0.300356],[102.82080140000005,0.303820200000075],[102.84211960000005,0.315189900000064],[102.86068420000004,0.31803240000005],[102.89998960000008,0.336019600000043],[102.91318610000008,0.342976400000055],[102.93920930000007,0.369433300000026],[102.95482320000008,0.38071],[103.00676120000008,0.401853900000049],[103.03365180000009,0.421805],[103.03907330000004,0.423973600000068],[103.05536650000005,0.433746600000063],[103.054803,0.434477800000025],[103.06686430000008,0.438285800000074],[103.076383,0.444631600000037],[103.11191930000007,0.457323100000053],[103.121438,0.463034300000061],[103.12080340000006,0.476995100000067],[103.11255390000008,0.497301500000049],[103.10557360000007,0.508723900000064],[103.09668950000008,0.516338900000051],[103.08590160000006,0.530299600000035],[103.07765210000008,0.536645400000054],[103.07321010000004,0.534107],[103.06178770000008,0.544894900000031],[103.04465410000006,0.569008800000063],[103.04275040000005,0.57662380000005],[103.037589,0.587612100000058],[103.02755820000004,0.600837],[102.98947360000005,0.634773800000062],[102.96180740000005,0.656094400000029],[102.91090720000005,0.716624100000047],[102.90426990000009,0.722174500000051],[102.90065060000006,0.720967500000029],[102.89332640000003,0.719390900000064],[102.87983290000005,0.711199900000054],[102.872145,0.70177810000007],[102.86838590000008,0.686130200000036],[102.86013330000009,0.672842900000035],[102.85619680000008,0.669168900000045],[102.84823370000004,0.666723800000057],[102.77966620000007,0.660082500000044],[102.73142090000005,0.653612700000053],[102.526612,0.63112510000002],[102.41701150000006,0.620645500000023],[102.34016450000007,0.611379100000022],[102.11855310000004,0.596784500000069],[102.06195560000003,0.587852],[101.97745740000005,0.571925],[101.97341070000004,0.550225200000057],[101.91982840000009,0.52091020000006],[101.915977,0.50707710000006],[101.92016760000007,0.506091100000049],[101.92022920000005,0.504612100000031],[101.91283410000005,0.504550400000028],[101.91277240000005,0.502455200000043],[101.91437470000005,0.498819200000071],[101.91579210000003,0.498819200000071],[101.91577920000009,0.495318800000064],[101.91704470000008,0.495416300000045],[101.91709660000004,0.498470500000053],[101.92149570000004,0.498519400000021],[101.92047530000008,0.477394900000036],[101.91147470000004,0.477195100000074],[101.91152140000008,0.467981400000042],[101.91298770000009,0.467777200000057],[101.91359350000005,0.465231700000061],[101.91475670000005,0.465893],[101.91470370000008,0.459886400000073],[101.90848420000003,0.459888900000067],[101.90843140000004,0.454289500000073],[101.89472820000009,0.454244100000039],[101.89482740000005,0.449357200000065],[101.87814060000005,0.449313],[101.87809310000006,0.457254200000023],[101.88638610000004,0.45745450000004],[101.885503,0.510554900000045],[101.84981210000007,0.510391100000049],[101.831197,0.507067600000028],[101.83429260000008,0.498058400000048],[101.84172150000006,0.495138900000029],[101.84333750000008,0.482836300000031],[101.84989720000004,0.47516330000002],[101.84425320000008,0.449608900000044],[101.83659990000007,0.436265900000024],[101.81941430000006,0.432699100000036],[101.81503120000008,0.430133400000045],[101.81276270000006,0.424507],[101.79849580000007,0.417729],[101.79425890000005,0.407501500000023],[101.75054210000008,0.429459200000053],[101.73331770000004,0.445081400000049],[101.72583010000005,0.448501600000043],[101.71788030000005,0.449857400000042],[101.69751660000009,0.445755],[101.69677120000006,0.434972600000037],[101.69215190000006,0.419380800000056],[101.67163340000008,0.407790800000043],[101.67064710000005,0.43145190000007],[101.671622,0.446483300000068],[101.67654940000006,0.455645900000036],[101.66539690000008,0.501028600000041],[101.66457820000005,0.537422800000058],[101.659077,0.54070420000005],[101.64175760000006,0.54317640000005],[101.624711,0.541956200000072],[101.61179190000007,0.53931590000002],[101.61068990000007,0.536521200000038],[101.59543980000007,0.529377100000033],[101.59201080000008,0.530542],[101.588932,0.52794],[101.58807910000007,0.516700600000036],[101.58206930000006,0.506903900000054],[101.58243,0.501596800000073],[101.57987060000005,0.496733200000051],[101.58390920000005,0.48912050000007],[101.58855480000005,0.474109400000032],[101.58569080000007,0.47184580000004],[101.57430570000008,0.472801600000025],[101.57035220000006,0.470719200000076],[101.56912440000008,0.468660800000066],[101.57031050000006,0.462699],[101.57414740000007,0.454135],[101.59058210000006,0.423565300000064],[101.614193,0.39463180000007],[101.63893740000003,0.394109300000025],[101.66725680000008,0.383909800000026],[101.67727770000005,0.386274100000037],[101.687399,0.38308],[101.68146580000007,0.373509200000058],[101.67194820000009,0.343146900000022],[101.65875270000004,0.321843200000046],[101.65905860000004,0.318652200000031],[101.67955230000007,0.294812700000023],[101.68269340000006,0.275898100000063],[101.68168340000005,0.270835],[101.58051640000008,0.267966900000033],[101.57433240000006,0.253945100000067],[101.56536,0.225199400000065],[101.56518480000005,0.218406900000048],[101.57066850000007,0.213015800000051],[101.57406260000005,0.205390200000068],[101.57791160000005,0.201892300000054],[101.58643690000008,0.202211400000067],[101.58713810000006,0.204746600000021],[101.59209880000009,0.193794400000058],[101.59038210000006,0.184807800000044],[101.58012190000005,0.161478500000044],[101.57885960000004,0.144491500000072],[101.572416,0.122923400000047],[101.57090910000005,0.104350400000044],[101.57587910000007,0.091768200000047],[101.56859540000005,0.051908600000047],[101.56244620000007,0.046019900000033],[101.56183860000004,0.042146400000036],[101.55634250000008,0.043838300000061],[101.54969090000009,0.04165340000003],[101.53957340000005,0.036367100000064],[101.534007,0.029600400000049],[101.53187130000003,0.023115500000074],[101.53194730000007,0.014478900000029],[101.529065,-0.004114799999968],[101.51474230000008,-0.037606699999969],[101.51433360000004,-0.046563],[101.518118,-0.067666699999961],[101.52129060000004,-0.107815199999948],[101.52276810000006,-0.117220799999927],[101.524827,-0.11742739999994],[101.53149360000003,-0.120573199999967],[101.53246330000007,-0.127922599999977],[101.53573,-0.126805299999944],[101.54163130000006,-0.128080399999931],[101.54457510000003,-0.130178299999955],[101.54820370000004,-0.14562449999994],[101.55251880000009,-0.152685599999927],[101.55732430000006,-0.155333499999927],[101.556834,-0.161364899999967],[101.56011930000005,-0.170436499999937],[101.56653580000005,-0.176690199999939],[101.57005750000008,-0.183257799999978],[101.58276530000006,-0.187665899999956],[101.58561780000008,-0.192551499999979],[101.59243380000004,-0.198190599999975],[101.596291,-0.214178299999958],[101.60246380000007,-0.219481799999926],[101.60444750000005,-0.225699599999928],[101.61165580000005,-0.235653799999966],[101.61655930000006,-0.236242299999958],[101.61969760000005,-0.231093499999929],[101.623029,-0.230920199999957],[101.63534690000006,-0.241179199999976],[101.63761840000006,-0.245867],[101.63940990000003,-0.246392599999979],[101.651914,-0.240557399999943],[101.65644180000004,-0.241070099999945],[101.66083360000005,-0.23932659999997],[101.66398990000005,-0.242191799999944],[101.66507020000006,-0.252664299999935],[101.66703170000005,-0.254233399999976],[101.67328790000005,-0.256092899999942],[101.67741580000006,-0.252880199999936],[101.67993390000004,-0.252989899999932],[101.68882260000004,-0.259610499999951],[101.70566710000008,-0.262070399999971],[101.71255490000004,-0.26533059999997],[101.71389520000008,-0.271610099999975],[101.71840920000005,-0.276683899999966],[101.71969330000007,-0.280853399999955],[101.73416340000006,-0.29658059999997],[101.73485120000004,-0.301631499999928],[101.73303360000006,-0.310891099999935],[101.73683920000008,-0.311442199999931],[101.738149,-0.309416099999964],[101.74335850000006,-0.309510299999943],[101.75352050000004,-0.311060699999928],[101.75465630000008,-0.312334699999951],[101.75374620000008,-0.319050599999969],[101.75753820000006,-0.323802199999932],[101.75989720000007,-0.331352699999968],[101.74606220000004,-0.344398],[101.74814050000003,-0.347795799999972],[101.74768740000007,-0.352109199999973],[101.765105,-0.358039599999927],[101.77631040000006,-0.364618399999927],[101.78851830000008,-0.365685399999961],[101.79253530000005,-0.37068359999995],[101.79771350000004,-0.372589699999935],[101.80089990000005,-0.377868099999944],[101.80458630000004,-0.380686399999945],[101.81085870000004,-0.381973599999981],[101.81963110000004,-0.376322799999969],[101.82437680000004,-0.375130199999944],[101.82873780000006,-0.37678829999993],[101.83433720000005,-0.38194169999997],[101.83788350000003,-0.392266699999936],[101.84544670000008,-0.398574599999961],[101.84943230000005,-0.404443199999946],[101.86277970000003,-0.40423919999995],[101.87240030000004,-0.392512299999964],[101.88846450000005,-0.393194199999925],[101.89084640000004,-0.396208099999967],[101.89257430000004,-0.395723799999928],[101.90688770000008,-0.399494699999934],[101.92721980000005,-0.400114299999927],[101.93921470000004,-0.404944199999932],[101.95115580000004,-0.407537399999967],[101.96081020000008,-0.406460399999958],[101.96962340000005,-0.400349299999959],[102.01877190000005,-0.350069099999928],[102.03163540000008,-0.329814299999953],[102.04742650000009,-0.312029],[102.09716870000005,-0.275560199999973],[102.10202520000007,-0.273117099999979],[102.11731180000004,-0.270452699999964],[102.15021540000004,-0.26959979999998],[102.165246,-0.263565],[102.16914530000008,-0.259148599999946],[102.17411370000008,-0.246734799999956],[102.17934460000004,-0.212384499999928],[102.190576,-0.186268199999972],[102.194754,-0.179636499999958],[102.20733970000003,-0.171979699999952],[102.22509790000004,-0.166468599999973],[102.25264330000005,-0.165841],[102.300557,-0.174092899999948],[102.33909140000009,-0.177701299999967],[102.36807620000008,-0.178831499999944],[102.38371580000006,-0.17655579999996],[102.40715520000003,-0.16643769999996],[102.43288470000005,-0.147387399999957],[102.458261,-0.119291],[102.475463,-0.097796899999935],[102.47966130000003,-0.088939299999936],[102.48541070000005,-0.069193599999949],[102.49630160000004,0.012168900000063],[102.50007750000003,0.023332100000061],[102.51516310000005,0.049138300000038],[102.53813640000004,0.074943],[102.55115090000004,0.084668700000066],[102.565644,0.093202900000051],[102.59339460000007,0.101282300000037],[102.62677190000005,0.103564400000039],[102.71696940000004,0.105364500000064],[102.73066980000004,0.108323800000051],[102.74494980000009,0.113701300000059],[102.78185110000004,0.11714790000002],[102.794994,0.119761800000049],[102.81412210000008,0.126431],[102.83510680000006,0.13786390000007],[102.84400540000007,0.145397400000036],[102.85900610000004,0.153086200000075],[102.87036980000005,0.162122],[102.88411930000007,0.176664500000072],[102.90292090000008,0.202078500000027],[102.91751270000003,0.218596400000024],[102.96002270000008,0.256850800000052],[103.00393350000007,0.290864800000065],[103.015296,0.297073200000057],[103.02763930000003,0.301304300000027],[103.04404910000005,0.304404300000044],[103.07154010000005,0.313853100000074],[103.11599920000003,0.32512950000006],[103.14501670000004,0.340469300000052],[103.20809410000004,0.408388200000047],[103.25599350000005,0.44639890000002],[103.26362050000006,0.452150600000039],[103.29552890000008,0.468591500000059],[103.33689060000006,0.485341600000027],[103.33887780000003,0.487624800000049],[103.34659960000005,0.510894400000041],[103.35603260000005,0.531001500000059],[103.35725020000007,0.537351200000046]]],[[[103.276743,0.72401990000003],[103.27475450000009,0.72691240000006],[103.27276590000008,0.725104600000066],[103.27475450000009,0.722935300000074],[103.276743,0.72401990000003]]],[[[103.27493530000004,0.729081700000052],[103.27168130000007,0.732878],[103.27041580000008,0.729804800000068],[103.27493530000004,0.729081700000052]]]]},"properties":{"id":"pelalawan","nama":"Pelalawan","shape_name":"Pelalawan","skor":62.0,"skor_risiko":56.0,"level_risiko":"TINGGI","kategori":"Waspada / koridor","polres":"Polres Pelalawan","n_kasus":11,"layer":"choropleth"}},{"type":"Feature","geometry":{"type":"MultiPolygon","coordinates":[[[[100.88102570000007,2.004334400000062],[100.88250440000007,2.006675900000062],[100.882629,2.014507700000024],[100.88058150000006,2.026119900000026],[100.87726,2.034059800000023],[100.87041970000007,2.042419100000075],[100.84387890000005,2.069775600000071],[100.82051080000008,2.087818200000072],[100.80608450000005,2.095874],[100.79591720000008,2.094831500000055],[100.79688820000007,2.088752800000066],[100.803302,2.078035100000022],[100.80507080000007,2.071185800000023],[100.82781510000007,2.041248900000028],[100.84394010000005,2.023099],[100.86652810000004,2.001953400000048],[100.88102570000007,2.004334400000062]]],[[[100.64244210000004,2.21953620000005],[100.63446770000007,2.218606500000021],[100.63177250000007,2.213021100000049],[100.63183680000009,2.206696600000043],[100.63546750000006,2.193231600000047],[100.64291880000007,2.185602900000049],[100.65447430000006,2.17685460000007],[100.67957490000003,2.162991200000022],[100.68388790000006,2.162818100000038],[100.68382350000007,2.168788900000038],[100.67524,2.182233200000042],[100.67051850000007,2.196249500000022],[100.65172460000008,2.216528900000071],[100.64244210000004,2.21953620000005]]],[[[100.73304540000004,2.271835200000055],[100.73218490000005,2.273402300000043],[100.72988990000005,2.271816600000022],[100.72910170000006,2.273367500000063],[100.72658770000004,2.271460700000034],[100.72466910000009,2.272638400000062],[100.72502140000006,2.270816600000046],[100.72378290000006,2.273130700000024],[100.72388080000007,2.269302400000072],[100.72016680000007,2.268703200000061],[100.71943770000007,2.270389800000032],[100.71853820000007,2.26871170000004],[100.71777960000009,2.269833],[100.71759910000009,2.264543900000035],[100.71569540000007,2.265715300000068],[100.71680470000007,2.263114800000039],[100.71397110000004,2.263485900000035],[100.71433160000004,2.261388500000066],[100.71306590000006,2.260249900000076],[100.71021530000007,2.260681600000055],[100.71120510000009,2.258916900000031],[100.71000520000007,2.255840700000022],[100.70600710000008,2.251981],[100.70423060000007,2.247079],[100.70419210000006,2.235898900000052],[100.70728030000004,2.219085],[100.72027960000008,2.177337700000066],[100.72965150000005,2.157429600000057],[100.74201540000007,2.14292290000003],[100.75163610000004,2.136726800000076],[100.77025730000008,2.129341100000033],[100.78482790000004,2.121052100000043],[100.78617240000005,2.124830200000076],[100.78499270000003,2.133049100000051],[100.77673720000007,2.158595600000069],[100.77839070000005,2.184618400000033],[100.76454850000005,2.203895100000068],[100.75175680000007,2.253927300000043],[100.73991920000009,2.261194600000067],[100.73304540000004,2.271835200000055]]],[[[100.75177480000008,2.28112550000003],[100.74515190000005,2.281764100000032],[100.738234,2.280470700000023],[100.73787570000007,2.276586700000053],[100.73968920000004,2.269351500000027],[100.74344,2.262747700000034],[100.75154350000008,2.258998500000075],[100.75657240000004,2.278272700000059],[100.753971,2.281172800000036],[100.75177480000008,2.28112550000003]]],[[[101.02615550000007,2.309647600000062],[101.01271220000007,2.309389400000043],[100.99981710000009,2.306841900000052],[100.98506310000005,2.306099900000049],[100.98237330000006,2.30527150000006],[100.97961090000007,2.301738600000022],[100.98271040000009,2.299792600000046],[100.98905320000006,2.30006110000005],[100.99333060000004,2.302343500000063],[101.001672,2.302193100000068],[101.02041890000004,2.299184600000046],[101.03080550000004,2.300558],[101.03463770000008,2.304615400000046],[101.037386,2.305193400000064],[101.03780230000007,2.307065100000045],[101.03613150000007,2.308676200000036],[101.03304890000004,2.309360300000037],[101.02897950000005,2.307909900000027],[101.02615550000007,2.309647600000062]]],[[[101.31741720000008,1.474730100000045],[101.33303440000009,1.496340500000031],[101.31394860000006,1.526824900000065],[101.31104870000007,1.541827100000035],[101.30792960000008,1.547073],[101.29996580000005,1.588604],[101.29296590000007,1.598093800000072],[101.28466010000005,1.615330800000038],[101.28140920000004,1.626173100000074],[101.28177840000006,1.631620800000064],[101.27147040000006,1.647010700000067],[101.26962080000004,1.654909800000041],[101.26373850000004,1.661398700000063],[101.25290670000004,1.681451300000049],[101.241986,1.694264900000064],[101.20293020000008,1.752829200000065],[101.12994880000008,1.840755100000024],[101.12607990000004,1.851623],[101.12106630000005,1.857640700000047],[101.117078,1.869690400000025],[101.11292580000008,1.872328],[101.10832010000007,1.881779700000038],[101.09855220000009,1.89201840000004],[101.08809340000005,1.907525700000065],[101.08798870000004,1.910465100000067],[101.084533,1.915803500000038],[101.07901930000008,1.919293800000048],[101.07308040000004,1.929098700000054],[101.06023660000005,1.955078200000059],[101.05791150000005,1.975578900000073],[101.05400620000006,1.993919400000038],[101.03263430000004,2.04457530000002],[101.02586120000007,2.065034600000047],[101.018712,2.075536800000066],[101.01860550000004,2.090581200000031],[101.012846,2.098195500000031],[101.00932370000004,2.119869700000038],[101.01277450000003,2.144779800000038],[101.03644320000006,2.215759400000024],[101.05008440000006,2.24327820000002],[101.05165870000008,2.248175400000036],[101.05172780000004,2.257579700000065],[101.05454070000008,2.267374400000051],[101.05616870000006,2.270582],[101.061816,2.275299600000039],[101.06021990000005,2.281163500000048],[101.05639790000004,2.284162700000024],[101.05215640000006,2.29122540000003],[101.04663180000006,2.292944],[101.03727870000006,2.29317130000004],[101.02749680000005,2.290833],[100.98768860000007,2.293152200000065],[100.94578610000008,2.304543],[100.89671220000008,2.305375400000059],[100.86310280000004,2.300692600000048],[100.863088,2.299420400000031],[100.85899470000004,2.298400300000026],[100.84469740000009,2.298049200000037],[100.84296510000007,2.29641040000007],[100.83689710000004,2.297950400000047],[100.83626540000006,2.295930300000066],[100.82541980000008,2.296672],[100.82072390000008,2.293949],[100.818496,2.296430200000032],[100.815357,2.293935400000066],[100.81203840000006,2.295296400000041],[100.79901610000007,2.29160550000006],[100.79674580000005,2.292633700000067],[100.79620820000008,2.291112400000031],[100.78891240000007,2.289631900000074],[100.77790120000009,2.283180600000037],[100.76823270000006,2.275087300000052],[100.76367880000004,2.269207200000039],[100.760366,2.251280500000064],[100.76583040000008,2.211490300000037],[100.76820750000007,2.204284400000063],[100.77871990000006,2.190463600000044],[100.78156350000006,2.183368],[100.77863260000004,2.159730800000034],[100.78769580000005,2.133107400000029],[100.78920760000005,2.118363700000032],[100.79499280000005,2.112806600000056],[100.84367280000004,2.079033800000047],[100.862941,2.05752190000004],[100.87737770000007,2.04373750000002],[100.88387690000008,2.032687100000032],[100.88679410000003,2.021587400000044],[100.88902910000007,1.995698800000071],[100.86446380000007,1.987624100000062],[100.84483140000003,2.009016300000042],[100.82127580000008,2.031825400000059],[100.803006,2.051836800000046],[100.79324810000008,2.064780300000052],[100.78301430000005,2.074554800000044],[100.77363430000008,2.081053600000075],[100.75933490000006,2.08769],[100.74067390000005,2.093240700000024],[100.72764190000004,2.096204500000056],[100.72206920000008,2.095161500000074],[100.68482910000006,2.120122800000047],[100.66893980000003,2.124048300000027],[100.64991810000004,2.124842],[100.647281,2.127205500000059],[100.63121250000006,2.134175200000072],[100.61739210000007,2.137806400000045],[100.56770030000007,2.15597820000005],[100.54737460000007,2.170396800000049],[100.51844720000008,2.196818800000074],[100.50286,2.207745400000022],[100.49553850000007,2.21101740000006],[100.49073560000005,2.216805600000043],[100.48784310000008,2.215194],[100.48674870000008,2.219023800000059],[100.48359960000005,2.220149700000036],[100.48116560000005,2.224090200000035],[100.47855540000006,2.224706],[100.47446380000008,2.23112610000004],[100.46234380000004,2.240221100000042],[100.46085920000007,2.243651500000055],[100.45577720000006,2.247066700000062],[100.45576350000005,2.248806200000047],[100.44056570000004,2.259347900000023],[100.438108,2.264883500000053],[100.43559240000008,2.26575310000004],[100.43564230000004,2.267285100000038],[100.434216,2.266902300000027],[100.43416930000006,2.269050600000071],[100.43247310000004,2.269109],[100.42973750000004,2.272942700000044],[100.42709610000009,2.281733100000054],[100.42556150000007,2.282655500000033],[100.42602060000007,2.284535600000027],[100.42472060000006,2.28598850000003],[100.42364490000006,2.285279900000035],[100.42426710000007,2.287121600000035],[100.42070640000009,2.287999400000047],[100.41989790000008,2.292691200000036],[100.418205,2.293226],[100.41909030000005,2.294519100000059],[100.415586,2.296342500000037],[100.41470350000009,2.299819200000059],[100.41260310000007,2.299770300000034],[100.41355960000004,2.301513300000067],[100.41123630000004,2.302174800000046],[100.40826390000007,2.308065],[100.40457830000008,2.309819800000071],[100.40376830000008,2.312722600000029],[100.40180480000004,2.312561100000039],[100.39948,2.31650140000005],[100.39774750000004,2.314669],[100.398945,2.318996800000036],[100.39559980000007,2.319926400000043],[100.39269620000005,2.329839900000024],[100.393923,2.331651200000067],[100.39258830000006,2.331412300000068],[100.39317330000006,2.334097100000065],[100.38671120000004,2.345456900000045],[100.38838110000006,2.348407400000042],[100.38448280000006,2.349802900000043],[100.38331630000005,2.352772100000038],[100.38237420000007,2.357605200000023],[100.38419690000006,2.359756900000036],[100.38168550000006,2.360110400000053],[100.38106340000007,2.361751300000037],[100.37986230000007,2.369141400000046],[100.38215780000007,2.374129100000061],[100.38018690000007,2.375786600000026],[100.37977160000008,2.378651],[100.36138320000003,2.392750800000044],[100.36143610000005,2.403789600000039],[100.35968840000004,2.403918800000042],[100.35659450000009,2.414085600000021],[100.34752060000005,2.428620800000033],[100.34143330000006,2.456626400000061],[100.34198370000007,2.45869330000005],[100.34006210000007,2.461256900000024],[100.34082950000004,2.464377300000024],[100.34711920000007,2.465629900000067],[100.34738810000005,2.466988100000037],[100.34589430000005,2.467161600000054],[100.34710630000006,2.469344300000046],[100.34383920000005,2.469917700000053],[100.34553240000008,2.471307400000057],[100.34265850000008,2.470490300000051],[100.34170630000006,2.47141890000006],[100.34032010000004,2.470124200000043],[100.33847260000005,2.471914],[100.33983640000008,2.475453600000037],[100.33693210000007,2.482342800000026],[100.33787070000005,2.486017900000036],[100.33070970000006,2.504129400000068],[100.33072910000004,2.513861700000064],[100.33312,2.519086],[100.32947840000008,2.520805800000062],[100.32916070000005,2.522603200000049],[100.33324870000007,2.527194300000076],[100.33241190000007,2.528305100000068],[100.33010990000008,2.527727900000059],[100.32382910000007,2.539801700000055],[100.32275050000004,2.544933700000058],[100.31956270000006,2.528946900000051],[100.307102,2.491265700000042],[100.30714930000005,2.480027700000051],[100.30012610000006,2.460751100000039],[100.299622,2.446216100000072],[100.29545260000003,2.428214],[100.29939630000007,2.356466100000034],[100.30191440000004,2.349935],[100.30082360000006,2.340143],[100.31305550000008,2.310027],[100.31736380000007,2.289711600000032],[100.32780760000009,2.275919200000033],[100.33356560000004,2.263944700000025],[100.33535880000005,2.253424600000073],[100.34998270000006,2.230591600000025],[100.35935750000004,2.211730600000067],[100.36506120000007,2.21023230000003],[100.36358850000005,2.168874900000048],[100.33670560000007,2.122234700000035],[100.33046460000008,2.095939300000055],[100.31553960000008,2.052412200000049],[100.31645570000006,1.998084800000072],[100.31330310000004,1.944011300000057],[100.31440020000008,1.909613100000058],[100.31078380000008,1.899677900000029],[100.31115850000003,1.892797500000029],[100.30507250000005,1.882290700000055],[100.29217670000008,1.87887610000007],[100.289267,1.876789900000063],[100.28847680000007,1.873385400000075],[100.28150730000004,1.865107700000067],[100.27998110000004,1.842330700000048],[100.281297,1.83396010000007],[100.27767660000006,1.813479800000039],[100.28429790000007,1.800717100000043],[100.28894720000005,1.795798],[100.29615580000007,1.791228100000069],[100.33058110000007,1.784648900000036],[100.35375010000007,1.782145300000025],[100.35233620000008,1.737781100000063],[100.34165140000005,1.715148900000031],[100.33854820000005,1.712897500000054],[100.33975440000006,1.712439200000063],[100.32861480000008,1.698830300000054],[100.31905150000006,1.690039500000069],[100.32030460000004,1.680495700000051],[100.33067550000004,1.678550200000075],[100.34319660000006,1.679138],[100.36897020000004,1.667005200000062],[100.38290180000007,1.672065],[100.40070360000004,1.665581900000063],[100.40701840000008,1.672755100000074],[100.41201680000006,1.661205100000075],[100.41260960000005,1.646076300000061],[100.40638310000008,1.639645500000029],[100.40342540000006,1.624011],[100.41116450000004,1.619409],[100.414801,1.60948540000004],[100.41404450000005,1.600104],[100.41028830000005,1.591857],[100.40395480000007,1.58591720000004],[100.40804230000003,1.575454400000069],[100.41150460000006,1.571965400000067],[100.41150030000006,1.565626100000031],[100.41864720000007,1.566700700000069],[100.41750740000003,1.555074800000057],[100.41253220000004,1.541248],[100.41746530000006,1.536461100000054],[100.42249750000008,1.525680800000032],[100.42011760000008,1.514804100000049],[100.42287930000003,1.512888400000065],[100.42495350000007,1.508919400000025],[100.42577970000008,1.502027600000019],[100.423953,1.488757],[100.41720960000004,1.470534800000053],[100.41306350000008,1.465017400000022],[100.39835470000008,1.461068900000043],[100.38817220000004,1.455533800000069],[100.38516710000005,1.459847],[100.37678450000004,1.455342800000039],[100.33269340000004,1.46012410000003],[100.323679,1.459458900000072],[100.32320670000007,1.475376400000073],[100.32155410000007,1.475058500000046],[100.32178140000008,1.477520900000059],[100.31677950000005,1.476083200000062],[100.30897230000005,1.47172420000004],[100.30349810000007,1.47172740000002],[100.29440810000006,1.473602],[100.28585040000007,1.478857900000037],[100.28156270000005,1.475695],[100.27941440000006,1.466158900000039],[100.28241190000006,1.463344900000038],[100.28832230000006,1.460951700000066],[100.29145480000005,1.457115700000031],[100.29975120000006,1.454741400000046],[100.30603680000007,1.450651300000061],[100.31942760000004,1.446754800000065],[100.32274660000007,1.442909900000075],[100.32749330000007,1.443200500000046],[100.33205250000003,1.439824500000043],[100.33904270000005,1.439103500000044],[100.34539040000004,1.43630980000006],[100.33356720000006,1.433362800000054],[100.35521760000006,1.417551100000026],[100.381167,1.391788700000063],[100.41189840000004,1.382739800000024],[100.417717,1.375915400000054],[100.45282590000005,1.345921],[100.45836050000008,1.343227800000022],[100.45815890000006,1.340658500000075],[100.44928860000005,1.336412400000029],[100.45901910000003,1.326992],[100.46798910000007,1.323143900000048],[100.47867910000008,1.322561200000052],[100.48219360000007,1.316623],[100.493723,1.305586],[100.51880370000003,1.28902590000007],[100.52932530000004,1.28039590000003],[100.54597530000007,1.271741],[100.55655380000007,1.261303200000043],[100.58939740000005,1.240198700000064],[100.60261990000004,1.226874200000054],[100.607249,1.224208100000055],[100.61672980000009,1.222648800000059],[100.62092010000003,1.223977900000023],[100.62820120000003,1.231297400000074],[100.64078150000006,1.25015430000002],[100.64762010000004,1.255032500000027],[100.65358380000004,1.271008100000074],[100.65403180000004,1.281882600000074],[100.65756370000008,1.287872500000049],[100.66429090000008,1.290642300000059],[100.67134230000005,1.28331380000003],[100.69359260000004,1.252006900000026],[100.69998340000006,1.246232600000042],[100.70593560000003,1.244453300000032],[100.72798480000006,1.243995],[100.74540460000009,1.245315],[100.75598640000004,1.242644800000051],[100.76767190000004,1.241971200000023],[100.78597320000006,1.243290300000069],[100.79391370000008,1.247723300000075],[100.79678990000008,1.262146],[100.80347410000007,1.268350300000066],[100.80329030000007,1.275672300000053],[100.80641290000005,1.288835300000073],[100.81599010000008,1.307742],[100.82959210000007,1.323605800000053],[100.85645380000005,1.345369500000061],[100.86552240000003,1.356338900000026],[100.901951,1.381639700000051],[100.92891830000008,1.39516],[100.931918,1.397856300000058],[100.93743890000007,1.39594610000006],[100.94643420000006,1.398003],[100.95195980000005,1.401334100000042],[100.95339490000003,1.404478900000072],[100.95287590000004,1.400496500000031],[100.95433810000009,1.397433],[100.94959960000006,1.390858700000024],[100.95162530000005,1.387227700000039],[100.95624350000008,1.384842],[100.95533580000006,1.37735710000004],[100.94754060000008,1.35122],[100.95417330000004,1.348990700000058],[100.97126180000004,1.348434500000053],[100.97484890000004,1.349978700000065],[100.99512340000007,1.351504800000043],[101.01348980000006,1.351220400000045],[101.02800640000004,1.360567500000059],[101.05690890000005,1.373601800000074],[101.07484090000008,1.384328],[101.07924,1.39047110000007],[101.08584450000006,1.393177300000048],[101.09568710000008,1.40083020000003],[101.10229190000007,1.403875300000038],[101.11359280000005,1.413881400000037],[101.12048590000006,1.413467],[101.12373320000006,1.41713690000006],[101.13691380000006,1.419165200000066],[101.14004270000004,1.423273800000061],[101.15121820000007,1.432143600000074],[101.16848150000004,1.441612300000031],[101.24102180000006,1.465618900000038],[101.27055380000007,1.468419200000028],[101.29555470000008,1.473521500000061],[101.31741720000008,1.474730100000045]]],[[[100.55589870000006,2.868137300000058],[100.55730680000005,2.869761600000061],[100.55443130000003,2.868614600000058],[100.55452840000004,2.866838200000075],[100.55747810000008,2.867622200000028],[100.55589870000006,2.868137300000058]]],[[[100.562657,2.883173900000031],[100.56159230000009,2.88385390000002],[100.56148350000007,2.882229],[100.56602220000008,2.876347600000031],[100.56650740000003,2.88047210000002],[100.56427420000006,2.883903800000041],[100.562657,2.883173900000031]]]]},"properties":{"id":"rokan-hilir","nama":"Rokan Hilir","shape_name":"Rokan Hilir","skor":86.0,"skor_risiko":91.0,"level_risiko":"SANGAT TINGGI","kategori":"Prioritas peta","polres":"Polres Rohil","n_kasus":17,"layer":"choropleth"}},{"type":"Feature","geometry":{"type":"Polygon","coordinates":[[[100.94754060000008,1.35122],[100.95533580000006,1.37735710000004],[100.95624350000008,1.384842],[100.95162530000005,1.387227700000039],[100.94959960000006,1.390858700000024],[100.95433810000009,1.397433],[100.95287590000004,1.400496500000031],[100.95339490000003,1.404478900000072],[100.95195980000005,1.401334100000042],[100.94643420000006,1.398003],[100.93743890000007,1.39594610000006],[100.931918,1.397856300000058],[100.92891830000008,1.39516],[100.901951,1.381639700000051],[100.86552240000003,1.356338900000026],[100.85645380000005,1.345369500000061],[100.82959210000007,1.323605800000053],[100.81599010000008,1.307742],[100.80641290000005,1.288835300000073],[100.80329030000007,1.275672300000053],[100.80347410000007,1.268350300000066],[100.79678990000008,1.262146],[100.79391370000008,1.247723300000075],[100.78597320000006,1.243290300000069],[100.76767190000004,1.241971200000023],[100.75598640000004,1.242644800000051],[100.74540460000009,1.245315],[100.72798480000006,1.243995],[100.70593560000003,1.244453300000032],[100.69998340000006,1.246232600000042],[100.69359260000004,1.252006900000026],[100.67134230000005,1.28331380000003],[100.66429090000008,1.290642300000059],[100.65756370000008,1.287872500000049],[100.65403180000004,1.281882600000074],[100.65358380000004,1.271008100000074],[100.64762010000004,1.255032500000027],[100.64078150000006,1.25015430000002],[100.62820120000003,1.231297400000074],[100.62092010000003,1.223977900000023],[100.61672980000009,1.222648800000059],[100.607249,1.224208100000055],[100.60261990000004,1.226874200000054],[100.58939740000005,1.240198700000064],[100.55655380000007,1.261303200000043],[100.54597530000007,1.271741],[100.52932530000004,1.28039590000003],[100.51880370000003,1.28902590000007],[100.493723,1.305586],[100.48219360000007,1.316623],[100.47867910000008,1.322561200000052],[100.46798910000007,1.323143900000048],[100.45901910000003,1.326992],[100.44928860000005,1.336412400000029],[100.45815890000006,1.340658500000075],[100.45836050000008,1.343227800000022],[100.45282590000005,1.345921],[100.417717,1.375915400000054],[100.41189840000004,1.382739800000024],[100.381167,1.391788700000063],[100.35521760000006,1.417551100000026],[100.33356720000006,1.433362800000054],[100.33160390000006,1.430854100000033],[100.32813250000004,1.430656700000043],[100.32469950000007,1.427799],[100.31562070000007,1.425667500000031],[100.31090550000005,1.422115100000042],[100.310051,1.418775900000071],[100.30753340000007,1.416999200000021],[100.29639940000004,1.418171200000074],[100.288742,1.423115200000041],[100.28340120000007,1.424664500000063],[100.27345990000003,1.422752700000046],[100.26567840000007,1.422963800000048],[100.26055930000007,1.420478400000036],[100.25173190000004,1.412804900000026],[100.23851760000008,1.412628200000029],[100.22208390000009,1.409825700000056],[100.21191430000005,1.40602],[100.20078250000006,1.398772700000052],[100.16880810000004,1.402710900000045],[100.13602420000007,1.403872800000045],[100.11729570000006,1.39532360000004],[100.10110450000008,1.39736],[100.09528350000005,1.400416900000039],[100.08689850000007,1.400489300000061],[100.06909960000007,1.398706300000072],[100.05103280000009,1.394835900000032],[100.04162580000008,1.392040100000031],[100.03164690000006,1.381559800000048],[100.02928140000006,1.376224600000057],[100.02535950000004,1.356916200000057],[100.02552790000004,1.335094200000071],[100.02940050000007,1.326100500000052],[100.03700050000003,1.318600500000059],[100.05030050000005,1.313100500000075],[100.05913550000008,1.297531500000048],[100.07444740000005,1.276110800000026],[100.09532930000006,1.270228400000065],[100.10271450000005,1.270032],[100.10780310000007,1.26780830000007],[100.11998780000005,1.25515],[100.122757,1.250011500000028],[100.122795,1.246981900000037],[100.11895750000008,1.234956100000034],[100.11988070000007,1.226299600000061],[100.11804,1.216653700000052],[100.12440470000007,1.206345400000032],[100.12419870000008,1.20254140000003],[100.12149020000004,1.196922800000038],[100.12982170000004,1.185996200000034],[100.13542910000007,1.168274200000042],[100.14343790000004,1.159332600000027],[100.15244290000004,1.157296900000063],[100.15844720000007,1.153449],[100.16305560000006,1.146049100000027],[100.16386410000007,1.13848020000006],[100.16609950000009,1.134209500000054],[100.17274320000007,1.133471100000065],[100.17761510000008,1.126721800000041],[100.18399060000007,1.124251500000071],[100.18289950000008,1.120663300000047],[100.18029770000004,1.119977900000038],[100.17909250000008,1.117537],[100.16927080000005,1.122704700000043],[100.16310110000006,1.118066800000065],[100.16015190000007,1.119827500000042],[100.146604,1.118733200000065],[100.141774,1.117189900000028],[100.13465740000004,1.112079400000027],[100.12846240000005,1.104334200000039],[100.12321440000005,1.094109100000026],[100.12146180000008,1.082013],[100.12255270000009,1.077393900000061],[100.12091250000003,1.073655500000029],[100.12123820000005,1.06804690000007],[100.12582340000006,1.058477900000071],[100.12925710000007,1.055104],[100.13765710000007,1.06105210000004],[100.14020530000005,1.060752200000024],[100.14114360000008,1.049366600000042],[100.13871750000004,1.039177100000074],[100.14024340000003,1.02937970000005],[100.14449320000006,1.019427400000041],[100.14938370000004,1.012198400000045],[100.15953810000008,1.008543100000054],[100.16488670000007,1.003969300000051],[100.16658030000008,0.998412100000053],[100.16445140000008,0.997685800000056],[100.16146860000003,0.999475],[100.159111,0.995029600000066],[100.15644850000007,0.994132],[100.15407520000008,0.990841300000056],[100.14759040000007,0.98804],[100.14578990000007,0.98517970000006],[100.143715,0.986096800000041],[100.13954920000003,0.98415330000006],[100.14162420000008,0.978482500000041],[100.14673630000004,0.97534],[100.14785750000004,0.96584480000007],[100.14461490000008,0.961617],[100.14308180000006,0.953520800000035],[100.13190470000006,0.948564],[100.12841030000004,0.936815],[100.12974560000004,0.93066140000002],[100.13578030000008,0.925016400000061],[100.13224770000005,0.911154600000032],[100.13769470000005,0.90193030000006],[100.14137730000004,0.899790200000041],[100.13993050000005,0.892168300000037],[100.14276860000007,0.883581500000048],[100.14156330000009,0.881651600000055],[100.13718590000008,0.881302800000071],[100.13407540000009,0.866178400000024],[100.13785960000007,0.844186900000068],[100.12900850000005,0.84361210000003],[100.12816780000009,0.847395400000039],[100.12387870000003,0.846904900000027],[100.12274180000009,0.838441500000044],[100.11905650000006,0.834638200000029],[100.12033330000008,0.831676400000049],[100.12001840000005,0.826278700000046],[100.12228090000008,0.823575800000071],[100.12425990000008,0.81648830000006],[100.13800830000008,0.800353900000061],[100.14495870000007,0.793745],[100.15296930000005,0.788870800000041],[100.15704350000004,0.783821400000022],[100.164604,0.780324700000051],[100.17861730000004,0.764380100000039],[100.19328710000008,0.763815700000066],[100.20054490000007,0.744736],[100.21107030000007,0.735512300000039],[100.21322120000008,0.735625500000026],[100.21905320000008,0.742738700000075],[100.22379690000008,0.738794],[100.23925890000004,0.733954100000062],[100.24270120000006,0.694307600000059],[100.24077290000008,0.679348800000071],[100.23781930000007,0.673329],[100.21576290000007,0.663115100000027],[100.20302720000007,0.643600900000024],[100.20152390000004,0.643238],[100.20133820000007,0.64094110000002],[100.19981570000004,0.640752],[100.19609180000003,0.635351700000058],[100.18675190000005,0.62658360000006],[100.17827990000006,0.58951490000004],[100.17681910000005,0.572675200000049],[100.17979720000005,0.565903300000059],[100.18409790000004,0.560950500000047],[100.19173890000008,0.560038200000065],[100.19483040000006,0.557803100000058],[100.20015130000007,0.55985110000006],[100.20450920000007,0.557914900000071],[100.21147130000008,0.559108800000047],[100.22112840000005,0.556250700000021],[100.231994,0.548450700000046],[100.23717730000004,0.542559200000028],[100.23819570000006,0.540680800000075],[100.23756730000008,0.535345200000052],[100.22941530000008,0.527662900000053],[100.21613560000009,0.52069640000002],[100.21658680000007,0.511646300000052],[100.22156890000008,0.502891200000022],[100.22614220000008,0.501405200000022],[100.23023050000006,0.497421700000075],[100.23771760000005,0.494667100000072],[100.24204480000009,0.490763800000025],[100.24236250000007,0.485818700000038],[100.23975940000008,0.480099100000075],[100.23728980000004,0.478789800000072],[100.23763440000005,0.475101],[100.24302320000004,0.468765100000041],[100.24387230000008,0.465691100000072],[100.24620860000005,0.464247200000045],[100.250004,0.455853500000046],[100.26041040000007,0.445721200000037],[100.25623150000007,0.44503480000003],[100.25501250000008,0.44197470000006],[100.25901410000006,0.432309],[100.27822760000004,0.409374200000059],[100.28693120000008,0.403236200000038],[100.28961830000009,0.398446900000067],[100.29469070000005,0.400583600000061],[100.30051260000005,0.396600200000023],[100.31340210000008,0.398236300000065],[100.31676120000009,0.402028],[100.31957150000005,0.402992900000072],[100.33764790000004,0.390719500000046],[100.34415820000004,0.384513],[100.34718970000006,0.384285300000045],[100.36405140000005,0.390281200000061],[100.36610830000006,0.394831500000066],[100.37577140000008,0.389314],[100.38918490000003,0.39897430000002],[100.40248250000008,0.405935900000031],[100.40985020000005,0.414663500000074],[100.416499,0.417764900000066],[100.41978990000007,0.423900700000047],[100.43102980000003,0.421830200000045],[100.43532820000007,0.417534900000021],[100.44789550000007,0.41885],[100.44781370000004,0.422033],[100.45267030000008,0.424630700000023],[100.46186220000004,0.434036400000025],[100.46528250000006,0.443014600000026],[100.47233680000005,0.445152300000075],[100.47447440000008,0.449427600000035],[100.47725340000005,0.451137700000061],[100.48815550000006,0.454130400000054],[100.49136190000007,0.457978200000071],[100.49756120000006,0.459047100000021],[100.51209730000005,0.457764500000053],[100.51423490000008,0.463108600000055],[100.51979280000006,0.470162900000048],[100.53026740000007,0.478072200000042],[100.54120620000003,0.503162600000053],[100.54736880000007,0.511419600000067],[100.55463670000006,0.51484],[100.56233250000008,0.524887],[100.571738,0.532155100000068],[100.57686840000008,0.528521],[100.578151,0.524887],[100.58563280000004,0.518474],[100.60358920000004,0.510778300000027],[100.60893260000006,0.50628990000007],[100.64078450000005,0.467170200000055],[100.65083150000004,0.459688400000061],[100.66258860000005,0.447289900000044],[100.68246820000007,0.431899100000066],[100.69037420000006,0.420674700000063],[100.69443980000005,0.418004],[100.70683820000005,0.403467900000066],[100.71645770000003,0.397696200000041],[100.72046610000007,0.390547200000071],[100.72671840000004,0.388504200000057],[100.728001,0.385939],[100.73505530000006,0.380808700000046],[100.74251930000008,0.377811800000075],[100.74989130000006,0.379570700000045],[100.75453,0.381064],[100.76046810000008,0.385732300000029],[100.77271430000008,0.389839],[100.77011520000008,0.381994700000064],[100.77753560000008,0.376950100000045],[100.77512350000006,0.376016700000037],[100.80276370000007,0.354905],[100.81049970000004,0.353156600000034],[100.815185,0.354890500000067],[100.83477160000007,0.370425600000033],[100.838933,0.375392400000067],[100.84009240000006,0.380981600000041],[100.83943340000008,0.386668500000042],[100.84134930000005,0.392269900000031],[100.84226390000003,0.424967200000026],[100.84126390000006,0.427745500000071],[100.84080210000008,0.466614],[100.83871480000005,0.476031100000057],[100.825071,0.492781900000068],[100.81955080000006,0.511014800000055],[100.80857350000008,0.529435200000023],[100.79316550000004,0.544911700000057],[100.78960450000005,0.54470630000003],[100.78549570000007,0.540939900000069],[100.77700420000008,0.528408],[100.77159430000006,0.528202600000043],[100.74583780000006,0.544558800000061],[100.73365290000004,0.554426200000023],[100.72262670000003,0.55783230000003],[100.71479610000006,0.566962200000034],[100.70948990000005,0.569750400000032],[100.68971770000007,0.587028400000065],[100.67997740000004,0.587567700000022],[100.67678960000006,0.589494200000047],[100.67421,0.593883500000061],[100.67390740000008,0.59832670000003],[100.66694150000006,0.604999],[100.66224960000005,0.607524700000056],[100.65227860000005,0.618448500000056],[100.65046290000004,0.625917700000059],[100.64445880000005,0.63487],[100.64134580000007,0.63774630000006],[100.62614610000008,0.644637900000021],[100.624301,0.647086900000033],[100.61573370000008,0.658609600000034],[100.61002220000006,0.670979600000067],[100.60436430000004,0.690832],[100.59722290000008,0.698874200000034],[100.59396930000008,0.700128900000038],[100.59538,0.704063800000029],[100.61142150000006,0.716152600000044],[100.65659110000007,0.745894600000042],[100.67807020000004,0.778627500000027],[100.64140850000007,0.797519900000054],[100.61254650000006,0.807444900000064],[100.61793760000006,0.817369800000051],[100.61751880000008,0.823231900000053],[100.62764630000004,0.823209700000064],[100.63524110000009,0.833414400000038],[100.64362710000006,0.823958],[100.647755,0.825503],[100.67962010000008,0.813360100000068],[100.69169990000006,0.803922400000033],[100.70042230000007,0.810769],[100.691439,0.82158910000004],[100.70331140000008,0.83211110000002],[100.724258,0.841401900000051],[100.72825590000008,0.833237200000042],[100.74452890000003,0.848440400000072],[100.75042590000004,0.849097900000061],[100.73998890000007,0.858494300000075],[100.74499160000005,0.869792100000041],[100.75928360000006,0.85580310000006],[100.76384260000003,0.858181700000046],[100.77150050000006,0.865332900000055],[100.90687270000006,1.029913100000044],[100.93258910000009,1.248483100000044],[100.93524060000004,1.280247800000041],[100.94754060000008,1.35122]],[[100.74499160000005,0.869792100000041],[100.73405690000004,0.876036200000044],[100.74001460000005,0.887372200000073],[100.75861360000005,0.886787300000037],[100.75854420000007,0.884159600000032],[100.76534430000004,0.884392400000024],[100.76573810000008,0.879608800000028],[100.77642980000007,0.879603700000075],[100.77642660000004,0.872827400000062],[100.75821050000008,0.871640200000058],[100.75836960000004,0.877619300000049],[100.75108550000004,0.877622700000074],[100.74499160000005,0.869792100000041]]]},"properties":{"id":"rokan-hulu","nama":"Rokan Hulu","shape_name":"Rokan Hulu","skor":95.0,"skor_risiko":61.2,"level_risiko":"TINGGI","kategori":"Prioritas peta","polres":"Polres Rohul","n_kasus":16,"layer":"choropleth"}},{"type":"Feature","geometry":{"type":"Polygon","coordinates":[[[100.93258910000009,1.248483100000044],[100.90687270000006,1.029913100000044],[101.27336540000005,0.828258500000061],[101.29865690000008,0.810470100000032],[101.30094510000004,0.808074800000043],[101.30027520000004,0.804602100000068],[101.30565560000008,0.800759],[101.30956860000003,0.802715500000033],[101.311071,0.805825],[101.31477440000003,0.806453800000043],[101.31805850000006,0.800269800000024],[101.32008490000004,0.800269800000024],[101.32053910000008,0.802401],[101.32263540000008,0.80323960000004],[101.33482870000006,0.797439900000029],[101.32345520000007,0.722473800000046],[101.31547020000005,0.711779600000057],[101.31119250000006,0.708642600000076],[101.31775160000007,0.702368700000022],[101.31432950000004,0.697235500000033],[101.317609,0.694668900000067],[101.32259960000005,0.695952200000022],[101.37818940000005,0.662598400000036],[101.37776030000003,0.66870670000003],[101.38224020000007,0.681218200000046],[101.38631240000007,0.686529500000063],[101.39726980000006,0.692421],[101.40147080000008,0.689093900000046],[101.40715160000008,0.688265100000024],[101.41131340000004,0.683525600000053],[101.41499740000006,0.682822500000043],[101.41781390000006,0.684935300000063],[101.42640440000008,0.674706400000048],[101.44073560000004,0.665977100000021],[101.45709930000004,0.661824300000035],[101.48449490000007,0.659672700000044],[101.48429150000004,0.654884500000037],[101.48907770000005,0.651272200000051],[101.49199250000004,0.654435100000057],[101.49607160000005,0.655886900000041],[101.49815690000008,0.659515900000031],[101.51875210000009,0.656989600000031],[101.54028440000008,0.658007200000043],[101.54445550000008,0.649845300000038],[101.54590340000004,0.642240500000071],[101.549801,0.638430100000051],[101.554931,0.637182300000063],[101.55983990000004,0.637952300000052],[101.56381930000003,0.640944800000057],[101.56921930000004,0.640307800000073],[101.57139620000004,0.638686700000051],[101.57420180000008,0.632887400000072],[101.57130980000005,0.624804400000073],[101.57559860000003,0.617653],[101.58081650000008,0.612757800000054],[101.58806270000008,0.609827900000028],[101.59143410000007,0.606591500000036],[101.59035120000004,0.600612],[101.58811080000004,0.596825400000057],[101.58445040000004,0.595322100000033],[101.578501,0.597092400000065],[101.58181550000006,0.58816870000004],[101.58445350000005,0.585045200000025],[101.58600070000006,0.577551800000037],[101.58522410000006,0.574742400000048],[101.57995040000009,0.570998400000065],[101.58196030000005,0.558667900000046],[101.57941320000003,0.556889900000044],[101.57578870000003,0.550627100000042],[101.57858410000006,0.542460800000072],[101.58835210000007,0.542306],[101.58838310000004,0.539286900000036],[101.59257950000006,0.533677500000067],[101.59201080000008,0.530542],[101.59543980000007,0.529377100000033],[101.61068990000007,0.536521200000038],[101.61179190000007,0.53931590000002],[101.624711,0.541956200000072],[101.64175760000006,0.54317640000005],[101.659077,0.54070420000005],[101.66457820000005,0.537422800000058],[101.66539690000008,0.501028600000041],[101.67654940000006,0.455645900000036],[101.671622,0.446483300000068],[101.67064710000005,0.43145190000007],[101.67163340000008,0.407790800000043],[101.69215190000006,0.419380800000056],[101.69677120000006,0.434972600000037],[101.69751660000009,0.445755],[101.71788030000005,0.449857400000042],[101.72583010000005,0.448501600000043],[101.73331770000004,0.445081400000049],[101.75054210000008,0.429459200000053],[101.79425890000005,0.407501500000023],[101.79849580000007,0.417729],[101.81276270000006,0.424507],[101.81503120000008,0.430133400000045],[101.81941430000006,0.432699100000036],[101.83659990000007,0.436265900000024],[101.84425320000008,0.449608900000044],[101.84989720000004,0.47516330000002],[101.84333750000008,0.482836300000031],[101.84172150000006,0.495138900000029],[101.83429260000008,0.498058400000048],[101.831197,0.507067600000028],[101.84981210000007,0.510391100000049],[101.885503,0.510554900000045],[101.88638610000004,0.45745450000004],[101.87809310000006,0.457254200000023],[101.87814060000005,0.449313],[101.89482740000005,0.449357200000065],[101.89472820000009,0.454244100000039],[101.90843140000004,0.454289500000073],[101.90848420000003,0.459888900000067],[101.91470370000008,0.459886400000073],[101.91475670000005,0.465893],[101.91359350000005,0.465231700000061],[101.91298770000009,0.467777200000057],[101.91152140000008,0.467981400000042],[101.91147470000004,0.477195100000074],[101.92047530000008,0.477394900000036],[101.92149570000004,0.498519400000021],[101.91709660000004,0.498470500000053],[101.91704470000008,0.495416300000045],[101.91577920000009,0.495318800000064],[101.91579210000003,0.498819200000071],[101.91437470000005,0.498819200000071],[101.91277240000005,0.502455200000043],[101.91283410000005,0.504550400000028],[101.92022920000005,0.504612100000031],[101.92016760000007,0.506091100000049],[101.915977,0.50707710000006],[101.91982840000009,0.52091020000006],[101.97341070000004,0.550225200000057],[101.97745740000005,0.571925],[102.06195560000003,0.587852],[102.11855310000004,0.596784500000069],[102.34016450000007,0.611379100000022],[102.41701150000006,0.620645500000023],[102.526612,0.63112510000002],[102.73142090000005,0.653612700000053],[102.77966620000007,0.660082500000044],[102.84823370000004,0.666723800000057],[102.85619680000008,0.669168900000045],[102.86013330000009,0.672842900000035],[102.86838590000008,0.686130200000036],[102.872145,0.70177810000007],[102.87983290000005,0.711199900000054],[102.89332640000003,0.719390900000064],[102.90065060000006,0.720967500000029],[102.89337910000006,0.728177800000026],[102.87697760000003,0.73392350000006],[102.84959050000003,0.738790600000073],[102.81805780000008,0.736639700000069],[102.78786660000009,0.730893900000069],[102.76739090000007,0.731207300000051],[102.74994470000007,0.735908400000028],[102.72957350000007,0.745415],[102.71902220000004,0.747608800000023],[102.71849990000004,0.750325],[102.69520360000007,0.754921500000023],[102.66908660000007,0.755548400000066],[102.65665490000004,0.752205400000037],[102.64213390000003,0.751265200000034],[102.62426990000006,0.742072],[102.59386980000005,0.736639700000069],[102.57005110000006,0.737475400000051],[102.54288950000006,0.746250700000076],[102.53024890000006,0.745728400000075],[102.52878630000004,0.744370300000071],[102.52680140000007,0.744892600000071],[102.52847290000005,0.745101600000055],[102.52806860000004,0.74617470000004],[102.50768380000005,0.748653500000046],[102.487626,0.760980700000061],[102.46934410000006,0.777068700000029],[102.46035990000007,0.779889400000059],[102.450122,0.787097600000038],[102.43988420000005,0.791067400000031],[102.42034870000003,0.801618700000063],[102.41094660000005,0.808095700000024],[102.40115350000008,0.817210800000055],[102.37720350000006,0.85113640000003],[102.36247350000008,0.869313800000043],[102.34951950000004,0.88185],[102.33896830000003,0.900131800000054],[102.334894,0.904519500000049],[102.30929940000004,0.924890700000049],[102.29728560000007,0.937635800000066],[102.28861480000006,0.940038600000037],[102.26270670000008,0.956231100000025],[102.23847020000005,0.982243600000061],[102.225934,1.000107600000035],[102.22290450000008,1.007420300000035],[102.21851680000003,1.027478100000053],[102.20786110000006,1.048267200000055],[102.19196250000005,1.087240700000052],[102.19154760000004,1.104365800000039],[102.19407140000004,1.119932200000051],[102.20723430000004,1.169449900000075],[102.20838350000008,1.187209500000051],[102.20744320000006,1.193268600000067],[102.20232430000004,1.206640500000049],[102.19574280000006,1.217191700000058],[102.17944590000008,1.230354700000021],[102.17735650000009,1.230668100000059],[102.17283770000006,1.227631600000052],[102.17349120000006,1.215102400000035],[102.17181970000007,1.205700300000046],[102.16333320000007,1.191048700000067],[102.162007,1.190790800000059],[102.15099780000008,1.186886900000047],[102.14628190000008,1.186671200000035],[102.14261090000008,1.180601],[102.13186780000007,1.17693410000004],[102.10980010000009,1.147411700000021],[102.107215,1.137467700000059],[102.09461310000006,1.12532310000006],[102.061908,1.076994],[102.032624,1.03756930000003],[102.01131350000009,1.012536700000055],[101.99308150000007,0.995215200000075],[101.96899430000008,0.960484800000074],[101.93773710000005,0.958857500000022],[101.91468390000006,0.96251890000002],[101.90932740000005,0.959535600000038],[101.90193680000004,0.947059700000068],[101.84057470000005,0.946856900000057],[101.87841480000009,1.01428420000002],[101.88415540000005,1.043088400000045],[101.88348080000009,1.068318600000055],[101.87389360000009,1.099985600000025],[101.86368250000004,1.119645600000069],[101.85069910000004,1.137892200000067],[101.81385670000009,1.16891750000002],[101.74048810000005,1.192774200000031],[101.71185010000005,1.197127100000046],[101.61201360000007,1.030612200000064],[101.539421,0.925400400000058],[101.52495220000009,0.93065230000002],[101.52241510000005,0.93543660000006],[101.52028330000007,0.948724700000071],[101.51826250000005,0.951419200000032],[101.51354720000006,0.954306100000053],[101.49778450000008,0.959678900000029],[101.48910460000008,0.966334900000049],[101.47765320000008,0.971242700000062],[101.47433320000005,0.975909800000068],[101.45595320000007,0.984859300000039],[101.45518330000004,0.986495200000036],[101.457974,0.99813910000006],[101.45595320000007,1.003335600000071],[101.44998690000006,1.006414900000038],[101.43988260000003,1.007377200000064],[101.43348330000003,1.016086100000052],[101.42250760000007,1.013958100000025],[101.41635430000008,1.02282230000003],[101.40875210000007,1.021859900000038],[101.401234,1.023399600000062],[101.39431750000006,1.02051270000004],[101.37637050000006,1.023832700000071],[101.37236320000005,1.026549100000068],[101.36769240000007,1.027278900000056],[101.36549640000004,1.032204700000023],[101.35876030000009,1.029029100000059],[101.35362370000007,1.032683200000065],[101.35119870000005,1.032752500000072],[101.33981360000007,1.028154700000073],[101.33191190000008,1.034995400000071],[101.32653110000007,1.035598800000059],[101.32159310000009,1.041635700000029],[101.31631370000008,1.042021100000056],[101.31011570000004,1.046591200000023],[101.30540040000005,1.044955300000026],[101.29779820000005,1.047457300000076],[101.29617090000005,1.051143800000034],[101.29091620000008,1.049903100000051],[101.28843490000008,1.052895300000046],[101.2883,1.057000900000048],[101.28417870000004,1.058271600000069],[101.282391,1.060398],[101.27804310000005,1.053884800000048],[101.27449550000006,1.044210600000042],[101.26653530000004,1.036824500000023],[101.26084090000006,1.034235500000023],[101.25087640000004,1.021269300000029],[101.23668820000006,1.013642],[101.23452270000007,1.009906600000022],[101.23051410000005,1.006868900000029],[100.93258910000009,1.248483100000044]]]},"properties":{"id":"siak","nama":"Siak","shape_name":"Siak","skor":36.0,"skor_risiko":20.0,"level_risiko":"RENDAH","kategori":"Pantau","polres":"Polres Siak","n_kasus":7,"layer":"choropleth"}}]}