{"type":"Topology","arcs":[[[1337,866],[-1,7],[34,7],[10,3],[12,0],[9,2],[24,-2],[14,-7],[0,-15],[3,-7],[9,-6],[-2,-13],[-16,0],[-8,5],[-8,11],[-19,12],[-3,-2],[4,-13],[13,-10],[2,-20],[10,-20],[6,-4],[11,-1],[13,-12],[18,-12],[14,-15],[13,-4],[16,-10],[14,0],[-4,8],[-16,8],[-8,10],[-4,-6],[-19,6],[-3,13],[-5,0],[-7,8],[1,5],[10,5],[4,15],[10,7],[16,-12],[1,-8],[5,-11],[3,-14],[19,0],[3,-4],[4,-18],[3,-5],[6,-21],[4,-25],[-15,-11],[-8,-3],[-17,6],[-7,10],[-8,2],[-15,25],[-6,-3],[-16,0],[-5,9],[-6,15],[-10,7],[-5,13],[-9,1],[-13,-7],[-14,4],[-6,17],[-9,13],[-3,11],[11,32],[-7,13],[-8,1],[-1,-11],[-17,-7],[-19,6],[-2,22]],[[1824,840],[-10,9],[-15,9]],[[1799,858],[-2,3]],[[1797,861],[-3,3]],[[1794,864],[3,8]],[[1797,872],[6,-8],[10,9]],[[1813,873],[6,-2],[10,-10],[16,-11],[-7,-14],[-7,-3]],[[1831,833],[0,0],[-1,1]],[[1830,834],[-3,2]],[[1827,836],[-1,3],[-2,1]],[[1813,873],[40,37],[47,0],[1,-12],[10,0],[2,-42],[-12,-11],[-7,5],[-7,0],[-2,-7],[3,-12],[-6,-7],[-18,9],[-15,3],[-10,-10],[-8,7]],[[1794,864],[-3,6],[6,2]],[[1827,836],[-3,4]],[[1799,858],[-1,1],[-1,2]],[[1831,833],[-1,1]],[[251,1752],[5,-2],[3,-31],[-18,-8],[-9,0],[-1,0],[-1,23],[5,4],[1,-1],[1,-1],[1,0],[1,-1],[1,2],[10,8],[-2,4],[3,3]],[[1949,769],[5,8],[-9,26],[-1,8],[18,-5],[10,-14],[7,-2],[7,-10],[22,-8],[-5,-4],[-22,0],[0,-12],[-5,-4],[-2,-20],[-9,-11],[6,-10],[-3,-7],[8,-6],[7,-12],[-6,-9],[-10,1],[-4,6],[-15,0],[-4,11],[1,9],[-9,5],[2,7],[11,0],[1,14],[-7,1],[-5,17],[-5,5],[3,21],[4,-5],[9,0]],[[2159,663],[-19,9],[-22,14],[1,16],[13,1],[4,9],[-7,5],[-1,12],[1,23],[16,-2],[12,-17],[2,-70]],[[2207,605],[-2,5],[-13,10],[-21,8],[-13,3],[-33,-1],[-11,6],[1,10],[9,-7],[10,0],[-1,8],[59,-22],[0,41],[3,1],[23,-26],[6,-12],[-17,0],[0,-24]],[[1751,394],[-16,21],[-5,0],[-9,-15],[-6,1],[1,19],[4,6],[11,8],[-2,19],[7,18],[-6,13],[-5,18],[-5,32],[2,6],[95,1],[5,-19],[-11,-15],[-3,-16],[0,-20],[-5,-29],[-12,-8],[-3,-6],[-1,-19],[-18,-7],[-11,8],[-1,-16],[-6,0]],[[268,4647],[13,0],[24,0],[14,0],[8,0],[14,0],[0,-21],[0,-9],[0,-13],[-10,3],[-16,-1],[-23,1],[0,8],[-23,2],[-36,0],[0,-11],[-42,0],[6,6],[7,18],[11,4],[19,2],[9,-2],[3,6],[18,3],[4,4]],[[570,4458],[-66,-1],[-1,104],[11,64],[98,-9],[-32,-144],[-10,-14]],[[164,3945],[-10,3],[-3,26],[-16,-1],[-17,-4],[-6,-9],[-11,-8],[-7,7],[-14,-4],[-7,-10],[-9,-4],[-4,8],[6,12],[9,8],[-17,13],[3,8],[-3,16],[6,10],[22,1],[14,12],[4,-13],[15,-5],[1,-12],[22,-24],[32,4],[27,32],[3,7],[17,15],[19,33],[-5,18],[9,8],[-2,-43],[-6,-12],[-3,-13],[-5,-13],[1,-6],[-13,-9],[-3,-13],[2,-4],[-6,-8],[-20,-5],[-25,-21]],[[522,3886],[0,29],[-111,1],[1,52],[9,-10],[28,30],[62,-14],[67,0],[13,-32],[-13,1],[0,-57],[-56,0]],[[266,3060],[-27,1],[-20,9],[-10,1],[-14,-9],[-37,-1],[0,40],[1,9],[0,57],[33,1],[40,27],[32,5],[0,-11],[17,0],[-1,-25],[91,2],[-3,-4],[0,-36],[-7,-5],[-2,-7],[11,-12],[1,-11],[-3,-5],[-60,-1],[0,-24],[-28,0],[-14,-1]],[[359,4867],[-2,17],[-5,1],[-1,19],[12,0],[0,35],[-12,0],[0,12],[-7,0],[-1,39],[3,8],[31,1],[-2,-31],[2,-15],[1,-30],[6,0],[-1,-27],[0,-22],[-1,-84],[46,-2],[6,-19],[-1,-49],[2,0],[0,-29],[-10,-4],[-1,-5],[-9,0],[-36,1],[-9,0],[3,134],[1,45],[-1,3],[-14,2]],[[608,4806],[-25,0],[-1,29],[-98,0],[-5,58],[15,33],[-11,19],[-3,16],[3,8],[-2,14],[23,0],[-4,-42],[9,-14],[57,0],[1,-26],[41,-95]],[[392,4917],[12,0],[22,-75],[-6,-2],[10,-49],[-44,0],[-2,55],[0,22],[0,11],[0,10],[0,11],[-1,17],[9,0]],[[300,4716],[6,0],[40,0],[5,-3],[0,20],[6,0],[0,37],[-6,0],[0,9],[6,1],[0,48],[7,1],[-1,9],[-6,6],[0,21],[4,0],[2,0],[13,-1],[2,-108],[0,-64],[0,-6],[0,-4],[0,-7],[0,-4],[-24,0],[-9,-1],[-3,0],[-56,1],[-8,0],[9,6],[9,10],[4,12],[-3,6],[0,4],[1,1],[1,3],[0,2],[0,0],[0,1],[1,0]],[[281,4671],[9,0],[34,0],[15,-1],[3,0],[4,0],[1,0],[0,-23],[-9,0],[-11,0],[-11,0],[-11,0],[-23,0],[-12,0],[-2,0],[6,7],[7,17]],[[299,4716],[6,20],[8,9],[-5,14],[-5,17],[15,0],[0,-12],[12,0],[-1,25],[16,0],[-1,-73],[-23,0],[-6,0],[-5,0],[-5,0],[-6,0]],[[352,4347],[-2,9],[9,6],[-4,12],[23,11],[16,-1],[-2,-6],[16,-1],[0,-5],[-12,-10],[-1,8],[-9,-5],[-21,-3],[-1,-15],[-12,0]],[[395,4298],[9,-4],[8,10],[8,0],[-15,-13],[-10,7]],[[377,4295],[-10,-11],[9,-14],[-1,-8],[16,8],[8,-2],[-12,-13],[0,-11],[-10,-5],[-6,10],[-14,6],[-3,6],[-13,-3],[0,10],[-7,1],[1,21],[-2,6],[14,-3],[14,1],[8,6],[8,-5]],[[15,3673],[-15,22],[7,13],[64,51],[17,19],[50,24],[23,10],[0,7],[24,13],[0,-6],[6,-7],[7,13],[6,0],[16,-10],[-18,-57],[-26,1],[-17,0],[-9,5],[-18,-6],[-21,-17],[-14,4],[-7,-6],[-4,-9],[-16,-20],[-1,7],[-6,5],[-6,-4],[-18,-18],[-10,1],[-10,-12],[-1,-20],[-3,-3]],[[4705,494],[27,-1],[0,-17],[22,-1],[-1,-24],[0,-24],[-6,0],[0,-30],[-50,26],[-26,0],[-32,-15],[-44,6],[1,21],[29,8],[25,9],[19,5],[9,4],[26,10],[1,23]],[[3270,117],[-4,-16],[-9,-8],[11,-9],[-11,-40],[1,-8],[8,-8],[14,22],[9,3],[2,-9],[1,-13],[10,-4],[6,11],[4,0],[9,-22],[0,-16],[-10,0],[-18,23],[-19,1],[0,-10],[-39,3],[-12,32],[-7,17],[-9,5],[-64,47],[-49,3],[1,44],[-39,51],[-52,69],[-7,13],[-31,13],[-4,21],[6,7],[2,10],[5,7],[14,-13],[88,-78],[21,-19],[28,-24],[19,-19],[31,-26],[7,-2],[14,-12],[-1,-3],[39,-22],[13,-9],[21,-9],[1,-3]],[[4765,347],[14,-20],[4,6],[8,-14],[-7,-11],[-17,10],[-4,-10],[-20,11],[-5,-12],[-9,5],[-10,-26],[-8,36],[-7,16],[0,6],[50,1],[-1,18],[12,-16]],[[4934,343],[45,-4],[12,-6],[8,-13],[-10,-9],[-4,-31],[-21,-10],[-6,-5],[1,-18],[-8,-3],[-29,6],[0,9],[23,13],[-13,15],[-5,15],[-8,3],[-1,15],[11,24],[5,-1]],[[4100,484],[-26,0]],[[4074,484],[-16,0],[5,15]],[[4063,499],[3,11],[9,9],[24,10]],[[4099,529],[1,-4],[0,-41]],[[4054,561],[-1,-9],[-11,-4],[-3,-6],[-8,6],[-8,-7],[-13,-4],[-5,-3],[-10,11],[-4,9],[-10,0]],[[3981,554],[1,14],[18,0],[16,-5],[38,-2]],[[4063,499],[-12,-3],[0,-70],[1,-33],[1,-18],[0,-22],[-12,-4],[-2,6],[-9,6],[-5,0],[-20,15],[-13,8],[0,6],[-6,14],[-9,6],[2,8],[-3,9],[-9,-8],[-2,15],[-4,3],[9,13],[-5,12],[7,15],[1,14],[-9,15],[0,8],[-8,11],[4,15],[15,-8],[7,14],[-1,8]],[[4054,561],[62,-2],[-1,-7],[-16,-23]],[[3856,288],[11,0],[-1,-32]],[[3866,256],[0,-3],[-70,-1],[0,34],[23,10],[-4,19],[-8,7],[10,8],[-19,9],[-5,35],[2,7],[-5,13],[4,10],[-1,9],[15,23],[20,0],[0,-91],[14,0],[-1,-57],[15,0]],[[3902,475],[31,-8],[-9,-19],[-16,3],[-13,8],[7,16]],[[3856,288],[-5,8],[-2,11],[-5,3],[11,13],[-8,13],[4,15],[17,-1],[0,10],[-11,1],[-13,21],[-1,11],[25,3],[15,0],[0,17],[29,-1],[20,-23],[12,-19],[1,-57],[-13,0],[1,-21],[-6,0],[1,-43],[-50,3],[-12,4]],[[4068,354],[-7,-2],[-3,12],[1,11],[47,1],[-6,-8],[-32,-14]],[[4100,484],[53,0],[2,-59],[-82,-3],[0,45],[1,17]],[[2028,446],[9,6],[11,1],[27,-5],[16,3],[9,12],[8,12],[2,17],[13,5],[8,-17],[4,-17],[9,0],[3,6],[2,32],[10,1],[4,-8],[21,-21],[14,1],[2,-14],[-13,10],[-7,-1],[-8,-12],[-4,-14],[-5,-31],[-5,-9],[-28,-34],[-55,-2],[-26,42],[-9,17],[-12,20]],[[2107,253],[-9,7],[-2,20],[-4,17],[3,17],[6,16],[10,12],[17,11],[0,-21],[-10,-7],[-4,-13],[3,-8],[12,5],[9,-3],[22,15],[9,-3],[3,-8],[-3,-4],[0,-13],[7,0],[9,-9],[14,-1],[13,3],[21,0],[0,-24],[-2,-13],[-12,0],[0,-13],[-43,0],[0,-12],[-20,0],[0,-9],[-20,0],[0,20],[37,0],[-22,24],[-32,0],[-12,-6]],[[2188,589],[60,-1],[57,-11],[25,-5],[10,14],[21,-21],[2,1],[0,21],[80,-1],[4,-2],[-5,-11],[-4,-17],[9,-5],[-3,-21],[0,-18],[13,-17],[-1,-21],[-11,-31],[8,-19],[-7,-2],[-12,6],[-7,12],[-2,-12],[-9,-3],[-6,9],[-17,2],[-15,21],[-3,8],[-15,16],[-6,-6],[-13,8],[-1,10],[6,13],[-2,7],[-7,4],[2,9],[2,19],[-13,1],[-6,-16],[-13,8],[7,8],[-1,7],[-9,1],[-11,-4],[-17,8],[-13,-3],[-3,-9],[-11,13],[-13,5],[-11,-1],[-9,2],[-8,12],[-16,6],[-6,6]],[[175,1631],[-1,15],[3,22],[7,5],[11,0],[5,6],[1,-27],[-9,-5],[1,-9],[-6,-17],[-12,10]],[[1119,763],[8,9],[19,-5],[-4,-14],[-15,-8],[-7,6],[-1,12]],[[254,1751],[3,-32],[-17,-8],[-1,1],[-3,-1],[-4,0],[-1,1],[-1,22],[4,4],[1,-1],[2,-1],[1,0],[1,1],[6,4],[4,4],[-3,4],[3,3],[2,-3],[3,2]],[[132,1755],[4,2],[26,-1],[7,-11],[5,-2],[0,-29],[31,0],[-9,-12],[3,-7],[-7,-11],[-11,-3],[-30,0],[-11,-7],[0,14],[12,0],[-1,27],[2,24],[-6,7],[-15,9]],[[3517,1209],[-3,-37],[-4,-61],[-2,-7],[-11,3],[-20,0],[-23,-4],[-22,-8],[-19,-10],[-20,-14],[-6,-10],[-8,-22],[0,-15],[-21,-12],[-4,-1],[0,2],[-3,0],[-1,-1],[-6,0],[-13,10],[-1,4],[-4,0],[0,4],[2,1],[-2,4],[0,5],[0,13],[1,12],[2,5],[3,7],[2,5],[6,13],[19,35],[9,14],[20,18],[55,41],[4,1],[8,4],[7,3],[30,3],[10,-1],[6,-2],[5,0],[4,-2]],[[2633,3691],[10,6]],[[2643,3697],[13,5],[17,-4],[30,-23],[17,-10],[16,-4],[49,-26],[12,-9],[7,-16],[-3,-18],[0,-6],[8,-7],[2,-7],[-29,-29],[-11,-5],[-40,-2],[3,5],[12,4],[5,8],[-3,12],[-10,6],[-10,-2],[-17,-15],[-8,25],[-5,9],[-25,37],[-21,26],[-31,28],[12,12]],[[950,3425],[-8,-14]],[[942,3411],[-11,-17],[-11,-5]],[[920,3389],[-15,-5],[-7,-8],[-25,-17],[-21,-4],[-20,-1]],[[832,3354],[-12,-1],[-6,3],[-37,-8],[-8,-6],[-10,-2],[0,-48],[-1,-19]],[[758,3273],[-13,2],[-34,9],[-23,1],[1,41],[18,16]],[[707,3342],[10,8],[31,20],[0,14],[50,30]],[[798,3414],[38,24],[15,1],[14,3],[36,-4],[8,3],[18,0],[13,-4],[14,1],[-4,-13]],[[942,3411],[22,1],[2,-78],[0,-12],[-53,0]],[[913,3322],[-9,0],[-22,-18],[-38,0],[0,-12],[-56,-46],[-29,25],[-1,2]],[[832,3354],[7,-6],[24,0],[18,-2],[16,23],[12,9],[11,11]],[[1317,3233],[-36,-59],[-17,-21]],[[1264,3153],[-75,72],[-36,34],[-48,48]],[[1105,3307],[4,13],[23,0],[19,11],[28,-24],[22,27],[-12,11],[4,4]],[[1193,3349],[9,-10],[65,-61],[50,-45]],[[2822,3234],[6,20],[-1,12],[64,3],[5,-16],[14,-62],[45,-56],[23,-34],[31,-16],[58,-50],[36,-50],[6,-9],[15,-17],[-93,2],[-6,27],[-14,31],[-87,82],[-16,15],[-5,23],[3,3],[-3,15],[-16,15],[-22,0],[-11,-5],[-26,-63],[-16,-41],[3,-23],[-8,-27],[5,-3],[-7,-34],[-10,-46],[4,-7],[3,-18],[-12,7],[-14,17],[-7,23],[-6,-11],[-14,25],[-19,31],[6,35],[54,23],[20,7],[-11,33],[11,13],[6,9],[7,24],[-11,46],[10,43],[0,4]],[[810,3159],[19,15],[-1,5],[26,23],[3,-7],[11,12],[-1,5],[12,13],[-1,8],[28,25],[2,-4],[39,4],[-39,-78],[-9,-13],[-8,-1],[-4,-7],[2,-7],[-16,-20],[-30,-49],[-18,23],[-28,42],[13,11]],[[2670,2953],[-17,41]],[[2653,2994],[4,5],[-1,27],[4,17],[-5,11],[-9,10],[-22,36],[-17,16],[-3,63],[64,1],[37,-1],[-60,-59],[-1,-13],[52,-52],[-4,-6],[-14,1],[-2,-21],[12,-2],[0,-7],[-7,-57],[-11,-10]],[[1230,2902],[21,5]],[[1251,2907],[1,0]],[[1252,2907],[40,3],[48,7],[2,-1]],[[1342,2916],[24,-9],[8,1],[11,-4],[6,-16],[-30,-37],[-11,-9],[-16,-10],[-14,-6],[-5,-4],[-1,-1],[-1,0],[-6,-1],[-1,0],[-2,0],[-1,0],[-1,0],[-3,0],[-5,0],[-7,0],[-18,2],[-11,19],[14,18],[-20,1],[-12,4],[-17,14],[-13,15],[20,9]],[[1568,2815],[4,4]],[[1572,2819],[4,4]],[[1576,2823],[3,2]],[[1579,2825],[3,4]],[[1582,2829],[19,15],[6,10],[29,20]],[[1636,2874],[25,-42],[-9,-13],[10,-9],[29,17],[1,4],[7,-3],[3,1],[4,-2],[1,3],[6,-1],[-1,-3],[1,-10],[12,-5],[8,-9],[-20,3],[-14,4],[-29,-1],[-19,-11],[-22,-15],[0,33],[-33,-1],[-28,1]],[[1736,2803],[-12,13],[-10,3],[1,5],[-3,7],[-4,0],[-3,-2],[-8,5],[-7,-2],[-2,11],[-19,26],[-1,6],[-17,16],[20,-10],[11,-9],[15,-8],[16,30],[1,3],[1,1],[1,3],[4,11],[5,-4],[31,-16],[11,-6],[-9,-19],[-13,10],[-1,0],[-1,1],[-1,0],[-6,1],[-10,5],[-3,-17],[-6,3],[-13,-24],[27,-18],[15,-18],[-10,-7]],[[1582,2829],[-3,-4]],[[1579,2825],[-3,-2]],[[1576,2823],[-4,-4]],[[1572,2819],[-4,-4]],[[1568,2815],[-130,-2]],[[1438,2813],[0,56],[1,17]],[[1439,2886],[23,0],[47,26],[6,0],[39,-23],[11,17],[15,-16],[12,0],[4,-4],[40,-12]],[[2398,2824],[-50,-1],[-26,-36],[-62,-82]],[[2260,2705],[-5,-7],[-12,-2],[-12,6],[0,5],[-11,6],[0,6],[27,25],[7,27],[16,17],[18,15],[10,-1],[-3,11],[18,13],[-1,20],[23,25],[64,-26],[-1,-21]],[[2398,2824],[5,-1],[0,-43],[14,0],[-13,-28]],[[2404,2752],[0,-31],[-33,-7],[-13,-2],[-20,-6],[-78,-1]],[[1428,2800],[0,-1]],[[1428,2799],[0,-2]],[[1428,2797],[0,-1]],[[1428,2796],[0,-6]],[[1428,2790],[0,-1]],[[1428,2789],[0,-3]],[[1428,2786],[0,-1]],[[1428,2785],[0,-1]],[[1428,2784],[0,-11]],[[1428,2773],[0,-1]],[[1428,2772],[0,-3]],[[1428,2769],[0,-1]],[[1428,2768],[1,-6]],[[1429,2762],[-1,-1]],[[1428,2761],[1,-1]],[[1429,2760],[0,-1]],[[1429,2759],[0,-9]],[[1429,2750],[-1,-1]],[[1428,2749],[0,-1]],[[1428,2748],[0,-2]],[[1428,2746],[0,-2]],[[1428,2744],[1,-2]],[[1429,2742],[-1,-1]],[[1428,2741],[0,-6]],[[1428,2735],[0,-1]],[[1428,2734],[1,-4]],[[1429,2730],[0,-1]],[[1429,2729],[0,-1]],[[1429,2728],[0,-2]],[[1429,2726],[0,-5]],[[1429,2721],[-45,-1],[0,-34],[-45,-1],[0,62]],[[1339,2747],[0,7]],[[1339,2754],[14,10],[73,43]],[[1426,2807],[2,1]],[[1428,2808],[0,-8]],[[2560,2615],[0,4],[-63,0],[0,25],[-7,0]],[[2490,2644],[0,25],[21,0]],[[2511,2669],[2,0]],[[2513,2669],[5,0]],[[2518,2669],[31,-1]],[[2549,2668],[6,0]],[[2555,2668],[2,0]],[[2557,2668],[1,0]],[[2558,2668],[6,-3],[4,-15],[14,6],[2,-4],[12,1],[1,12],[9,-3],[3,4],[1,0],[1,1],[0,1],[18,2]],[[2629,2670],[0,2]],[[2629,2672],[-1,19]],[[2628,2691],[-6,32]],[[2622,2723],[-1,4]],[[2621,2727],[-2,2]],[[2619,2729],[1,3]],[[2620,2732],[0,2]],[[2620,2734],[1,0]],[[2621,2734],[14,2]],[[2635,2736],[0,6]],[[2635,2742],[0,3]],[[2635,2745],[0,4]],[[2635,2749],[0,2]],[[2635,2751],[-3,1]],[[2632,2752],[0,1]],[[2632,2753],[0,2]],[[2632,2755],[0,2],[51,1],[-22,-24],[5,-9],[-16,-18],[6,-7],[26,24],[10,11],[1,12],[6,12],[8,0]],[[2707,2759],[10,0],[-43,-51],[-1,-14],[-28,-38],[-14,-25],[-15,-8],[-9,0],[0,-8],[-7,-7]],[[2600,2608],[-16,-32],[-24,0],[0,7]],[[2560,2583],[0,16]],[[2560,2599],[0,1]],[[2560,2600],[0,1]],[[2560,2601],[0,14]],[[2497,2606],[-6,0]],[[2491,2606],[-1,0]],[[2490,2606],[0,8]],[[2490,2614],[7,-8]],[[2490,2614],[0,0],[0,1]],[[2490,2615],[0,-1]],[[2106,2688],[26,13],[17,15],[9,-5],[2,-12],[14,-9],[-13,-30],[-9,-9],[-2,-9],[-27,-8],[-11,-19],[-26,10],[-8,8],[-16,27],[-7,4],[-5,21],[52,1],[4,2]],[[2307,2597],[-12,-1],[-2,-33],[-57,0],[-3,2],[-48,-3]],[[2185,2562],[-26,-3],[-18,44],[12,10],[21,11],[7,-14],[6,8],[-11,29],[3,6],[29,31],[98,0],[2,-2],[0,-24],[-1,-61]],[[1168,2565],[-7,5],[1,11],[4,12],[16,9],[25,0],[12,-2],[-1,-49],[19,5],[19,-10],[-3,-10],[3,-9],[-9,-12],[5,-12],[2,-16],[-30,-19],[-23,36],[-6,4],[0,10],[-27,41],[0,6]],[[1585,2598],[0,-48],[1,-42],[-15,0],[0,10],[-12,0],[0,30],[11,0],[0,20],[-37,-1],[0,-13],[-9,4],[-13,-1],[2,-27],[0,-20],[12,0],[1,-39],[11,0],[1,-17],[-11,0],[1,-18],[12,-4],[22,-1],[-1,36],[11,0],[0,-5],[16,1],[1,-33]],[[1589,2430],[2,-47],[-46,23],[-39,2],[-4,1],[-14,15],[34,41],[0,8],[-7,17],[-21,22],[-24,20],[-21,-15],[11,50],[-2,12],[-8,13],[14,-6],[28,-3],[16,-27],[31,18],[-10,15],[56,9]],[[2307,2597],[0,-31]],[[2307,2566],[1,-60],[3,-4]],[[2311,2502],[-40,0]],[[2271,2502],[-80,0],[-5,1],[-1,59]],[[753,2408],[-16,0],[2,17],[-17,0],[7,13],[0,19],[-5,-4],[-6,6],[5,24],[-2,23],[-6,8],[13,15],[-2,18],[6,3],[20,-14],[10,-15],[12,-4],[1,-64],[23,0],[10,-20],[10,-16],[10,-28],[-35,2],[-38,16],[-2,1]],[[1294,2368],[-7,2],[22,27],[-22,7],[0,57],[32,1],[39,0],[5,-8],[-6,-9],[24,1],[1,-77],[-50,0],[-38,-1]],[[2368,2347],[-34,2]],[[2334,2349],[-146,9]],[[2188,2358],[-1,10],[11,6],[9,-2],[6,3],[27,22],[1,4],[15,9],[3,7],[6,-2],[26,8],[12,-1],[1,-7],[19,-9],[16,2],[3,-7],[17,-9],[4,-16],[0,-20],[5,-9]],[[2328,2251],[6,98]],[[2368,2347],[12,0],[-11,10],[-4,7],[2,21],[-2,16],[9,3],[0,9],[7,0],[1,-15],[9,-10],[11,-1],[1,-32],[12,0],[3,-9],[0,-55],[-2,-20],[-35,0],[-5,-23],[-48,3]],[[2328,2251],[-1,-16],[-16,-13],[-75,14],[-72,39],[-3,24],[-11,14],[-1,8],[9,6],[4,10],[-1,13],[11,9],[16,-1]],[[1526,2143],[7,-67],[4,-8],[-12,-10],[-10,-3],[-17,1]],[[1498,2056],[-11,13],[-4,12],[-14,15],[-4,6],[-17,11],[-4,8],[-1,17],[12,5],[6,7],[13,0],[10,-11],[-13,-1],[-2,-10],[12,-24],[9,19],[1,11],[-9,12],[7,2],[4,9],[13,-5],[4,-4],[16,-5]],[[2826,2063],[-7,-3],[-7,-15],[1,-9],[10,-10],[-1,-11],[-8,-10],[-2,-10],[-21,-12],[-26,67],[46,51],[52,-1],[0,6],[18,0],[3,-12],[-12,-15],[-13,-8],[1,-9],[20,-13],[12,9],[3,6],[10,-14],[37,-21],[3,-17],[-2,-47],[-35,2],[-2,12],[-34,0],[14,-13],[-88,-1],[-4,8],[26,16],[-1,16],[6,3],[13,-7],[11,7],[16,-2],[0,12],[-15,-5],[-9,18],[-18,7],[0,10],[3,6],[0,9]],[[1746,1820],[-17,20],[-14,8],[-12,-1]],[[1703,1847],[-1,47],[25,-2],[0,13],[22,-1],[10,-10],[1,-27],[11,-5],[-8,-19],[-7,-10],[-8,-5],[-2,-8]],[[1838,1773],[51,9],[-16,20],[4,4],[-16,42],[-4,5],[-1,1],[-2,2],[2,1],[1,1],[5,1],[2,1],[14,-6],[2,-8],[13,-9],[3,-31],[13,-15],[-4,-17],[-10,-4],[4,-14],[17,-9],[-9,-36],[-8,9],[-17,-2],[3,-12],[-20,-1],[-27,68]],[[1746,1820],[8,-9],[12,1],[50,-46],[-5,-30],[7,-36],[-3,-20],[-10,-6],[0,11],[4,23],[-6,12],[-30,50],[-8,5],[-16,27],[-14,8],[-8,8],[-24,29]],[[1945,1583],[0,4]],[[1945,1587],[5,20],[-14,6],[5,19],[13,22],[10,1],[-9,17],[4,5],[2,10],[5,2],[5,10],[12,-8],[-5,-16],[8,-11],[-1,-9],[3,-14],[5,-4],[-4,-13],[7,-7],[1,-10],[-1,-21],[-12,-7],[6,-35],[-3,-3],[2,-11],[-16,-3],[-8,4],[-15,3],[-7,29],[2,20]],[[1854,1492],[4,9],[8,-2],[28,0],[0,-38],[4,-8],[-13,0],[-10,9],[-10,18],[-2,10],[-9,2]],[[2522,1301],[2,-34],[-3,0]],[[2521,1267],[-31,3],[-12,4],[-22,1],[-14,4],[-10,36],[-11,1],[-13,39],[1,4],[-5,14],[-4,22],[24,-22],[41,-36],[15,-9],[23,-18],[19,-9]],[[2545,1036],[85,0]],[[2630,1036],[0,-39]],[[2630,997],[18,0],[-4,-12],[0,-11]],[[2644,974],[-100,0]],[[2544,974],[1,62]],[[2294,878],[-3,-13],[17,-2],[2,-34],[-7,-14],[-5,1],[-1,-22],[8,-9],[18,-3],[2,-18],[9,-12],[12,-8],[-6,-10],[1,-11],[11,-14],[3,-14],[8,-13],[7,-1],[10,5],[3,9],[17,10],[5,13],[33,-8],[-10,-42],[-8,-15],[-10,-7],[-9,-1],[-24,6],[-12,-6],[-7,0],[-9,4]],[[2349,649],[-5,3],[-3,14],[2,15],[-4,20],[0,7],[-13,26],[-15,15],[-33,37],[-8,20],[-1,10],[-12,5],[-5,7],[-7,-10],[-5,6],[-22,11],[1,16],[-19,-1],[2,-19],[-9,-6],[-7,0],[-6,5],[-12,-5],[-1,-11],[10,-8],[-3,-12],[-7,-6],[-11,1],[-7,8],[-9,3],[-2,11],[-10,2],[-4,6],[5,12],[-10,0],[-13,8],[-13,11],[-5,19],[-3,21],[-20,14],[-8,-3],[-9,11],[-3,15],[10,2],[22,0],[12,-9],[7,-2],[15,-11],[6,2],[6,-5],[10,-1],[1,-12],[-1,-38],[3,-10],[12,-14],[11,2],[4,11],[7,5],[-9,19],[0,11],[16,-7],[7,20],[5,0],[7,6],[5,2],[3,-2],[2,0],[6,2],[1,6],[3,-2],[1,3],[4,-3],[3,1],[10,-5],[13,-2],[7,3],[5,-6],[2,0],[3,3],[2,0],[3,0],[3,-6],[6,0],[3,-3],[-1,-6],[3,-2],[10,4],[1,-5]],[[2318,885],[-2,0]],[[2316,885],[-4,-2],[-4,0],[-2,-1],[-1,-4]],[[2305,878],[-2,-1]],[[2303,877],[-2,1]],[[2301,878],[-1,1]],[[2300,879],[-5,0]],[[2295,879],[-2,5],[-11,-4],[0,8],[-3,3],[-8,1],[-1,5],[-4,0],[-2,-1],[-3,-2],[-2,0],[-1,4],[-3,2],[-8,-3],[-28,8],[-1,0],[-3,-2],[-2,1],[-2,-2],[0,-3],[-4,-1],[-3,-2],[-2,2],[-4,0],[-11,-8],[-7,7],[-14,6],[-74,35],[-9,16],[4,17]],[[2087,971],[4,-4]],[[2091,967],[4,-4]],[[2095,963],[14,-14]],[[2109,949],[22,0],[18,-7],[43,-8],[25,-3],[19,-5],[10,-5],[17,-2],[31,4],[20,5],[13,5],[9,-6],[-8,-12],[5,-3],[4,0],[-7,-10],[4,-7],[-16,-10]],[[2324,886],[11,9],[-4,7],[7,5],[-1,5],[-5,1],[1,4],[4,3],[2,6],[24,-30],[-20,-21],[-7,4]],[[2336,879],[-12,7]],[[2305,878],[2,3]],[[2307,881],[-2,-3]],[[2310,882],[4,2]],[[2314,884],[-4,-2]],[[2321,885],[3,1]],[[2324,886],[-3,-1]],[[2308,882],[1,0]],[[2309,882],[-1,0]],[[4541,2386],[16,-21],[15,-14],[14,5],[19,-11],[5,-5],[-8,-13],[-7,-19],[-8,-13],[-21,-8],[-14,-3],[-14,3],[-15,4],[-15,1],[-13,-5],[-31,-7],[-24,0],[-52,3]],[[4388,2283],[-3,3],[4,29],[3,7],[20,7],[53,18],[20,6],[15,6],[32,20],[9,7]],[[3736,1114],[39,20],[13,-8],[-4,-5],[4,-8],[-6,-4],[-13,-5],[4,-14],[-5,-6],[-13,-6],[-9,12],[-10,20],[0,4]],[[2303,1174],[10,0],[11,5],[7,-5],[18,2],[8,-4],[5,9],[21,1],[1,-11],[5,0],[2,-19],[5,-11],[11,-1],[8,-4],[2,-12],[28,3],[8,-4],[0,-6],[-10,-1],[-13,-13],[-9,-1],[-12,-7],[-14,0],[-11,-12],[-136,-2]],[[2248,1081],[24,19],[53,38],[-22,36]],[[1912,4362],[1,3],[29,0],[2,-26],[18,-53],[3,-24],[3,-15],[7,-21],[14,-36],[7,-15],[9,-11],[-15,-19],[-7,-3],[-9,12],[-7,15],[-7,19],[-11,51],[-4,22],[-3,14],[-9,22],[-12,20],[6,21],[-12,6],[-3,7],[0,11]],[[1997,4131],[8,14],[12,7],[21,-6],[22,-5],[15,1],[14,3],[7,2],[13,1],[6,-6],[3,-7],[5,-5],[14,-5],[-3,-14],[-15,3],[-14,1],[-43,3],[-22,-2],[-31,1],[-6,2],[-6,12]],[[1662,3716],[-6,1],[-3,6],[-3,22],[3,7],[20,2],[9,-10],[14,-1],[10,-12],[14,1],[14,15],[19,9],[13,4],[7,-1],[11,-28],[-2,-7],[-21,-20],[-29,-1],[10,-11],[1,-7],[-2,-14],[-6,-4],[-5,-9],[-12,28],[-7,20],[-5,6],[-44,4]],[[1687,3231],[20,0],[7,-3],[0,-15],[-7,-12],[-2,-8],[10,-19],[-4,-6],[-7,-1],[-7,0],[-7,1],[-7,1],[-7,0],[-7,-1],[-7,-2],[-7,-1],[-20,8],[-2,23],[0,33],[21,2],[33,0]],[[1773,3164],[5,2],[25,1],[0,-7],[18,-2],[16,-3],[3,-12],[7,-48],[46,-2],[2,-14],[0,-20],[-6,-10],[-1,-12],[-16,-16],[1,-10],[-99,-1],[-5,10],[-40,-5],[-5,58],[9,6],[9,21],[4,25],[6,12],[3,16],[18,11]],[[758,4587],[97,3]],[[855,4590],[1,0]],[[856,4590],[82,3]],[[938,4593],[6,-5],[8,-12],[2,-14],[-9,-11],[-14,5],[-7,0],[-7,-13],[-2,-21],[28,-6],[10,-9],[6,-13],[16,-24],[-6,-2],[-15,-2],[-69,2],[-21,-3],[4,59],[0,32],[-5,21],[-6,4],[-13,0],[-21,-9],[-14,-3],[-22,0],[-15,2],[-5,4],[-9,12]],[[1585,2598],[38,8],[1,-3],[43,0],[6,9],[41,8],[26,-39],[-4,-79],[-36,0],[0,-72],[-111,0]],[[1862,1641],[7,-1],[8,-12],[7,-2],[1,-37],[13,-1],[12,-28],[12,-29],[-1,-7],[-8,1],[-16,15],[-3,7],[3,7],[-10,19],[-13,6],[-3,22],[-5,13],[-12,8],[7,12],[1,7]],[[1656,3165],[6,1],[6,1],[7,2],[9,0],[9,-2],[9,0],[-3,-11],[-8,-12],[0,-22],[-53,-1],[18,44]],[[871,2521],[-3,0],[-1,-3],[0,-65],[-26,-1],[0,12],[-22,-1],[0,12],[3,20],[8,8],[-9,17],[0,16],[-16,1],[-1,9],[-49,-1],[-1,25],[-4,0],[-3,18],[-22,22],[0,22],[16,1],[5,3],[11,1],[11,-8],[16,-16],[23,-15],[16,-6],[21,-17],[2,-5],[25,-18],[20,-21],[-7,-9],[-13,-1]],[[828,2713],[0,-17],[4,0],[0,-23],[-7,-7]],[[825,2666],[-14,16],[-7,3],[-11,10],[-9,4],[0,20],[9,-6],[9,2],[6,-7],[10,-1],[10,6]],[[874,2739],[26,-23],[0,-19],[-13,-13],[7,-8],[0,-6],[11,2],[17,-37],[3,1],[21,32]],[[946,2668],[19,-20],[2,0],[23,-27],[11,-11],[40,-44],[39,-40],[20,-22],[-22,-1],[-64,0],[-8,7],[-9,17],[-30,8],[-6,4],[-42,39],[-27,24],[-23,25],[-44,39]],[[828,2713],[11,15],[35,11]],[[3220,1044],[0,51]],[[3220,1095],[0,6],[13,2],[11,-4],[22,3],[12,6],[9,0],[3,6],[14,0]],[[3304,1114],[8,0],[0,-35],[-10,0],[2,-45],[15,-7]],[[3319,1027],[4,-1],[1,0],[1,1],[1,0],[0,0]],[[3326,1027],[5,0],[2,-4],[11,-9],[8,-1],[-2,-7],[-22,-23],[-7,-3],[-29,13],[-5,-4],[-1,-14],[-28,2],[-37,50],[-1,17]],[[2490,2606],[1,0]],[[2497,2606],[23,-23],[39,-36]],[[2559,2547],[0,-38],[-28,-58],[-166,1],[-20,1]],[[2345,2453],[-1,22]],[[2344,2475],[49,0],[0,92],[-39,1],[-17,0]],[[2337,2568],[1,115],[65,0],[1,69],[0,0]],[[2404,2752],[4,8],[16,0]],[[2424,2760],[208,-3],[0,-2]],[[2632,2753],[0,-1]],[[2635,2751],[0,-2]],[[2635,2745],[0,-3]],[[2635,2742],[0,-6]],[[2621,2734],[-1,0]],[[2620,2732],[-1,-3]],[[2619,2729],[2,-2]],[[2621,2727],[1,-4]],[[2622,2723],[6,-26],[0,-6]],[[2629,2672],[0,-2]],[[2629,2670],[0,-2],[-71,0]],[[2557,2668],[-2,0]],[[2549,2668],[-31,1]],[[2513,2669],[-2,0]],[[2490,2644],[0,-29]],[[2560,2600],[0,-17]],[[2560,2583],[0,16]],[[2560,2599],[0,2]],[[2560,2601],[0,14]],[[2560,2615],[0,-15]],[[2424,2760],[0,26],[24,17],[26,13],[40,18],[48,16],[144,1],[1,-92]],[[2586,2836],[-1,-27],[19,1],[1,26],[-19,0]],[[1945,1583],[-10,-4],[-24,33],[14,4],[-10,18],[-6,1],[-14,24],[-4,20],[2,24],[4,4],[11,2],[2,7],[18,-2],[0,-28],[-4,-1],[-10,13],[-6,-6],[0,-17],[-5,-10],[2,-6],[12,0],[2,-13],[16,-41],[10,-18]],[[1502,3608],[29,-10],[19,-18],[11,-4]],[[1561,3576],[0,-30],[2,-7],[28,-27],[2,-7],[1,-38],[1,-14],[-9,-3],[-40,1],[-7,4],[-31,43],[-23,27],[2,85],[15,-2]],[[1502,3608],[1,8],[-5,23],[6,4],[29,1],[42,6],[4,-6],[3,-14],[0,-24],[2,-6],[13,-8],[14,-4],[-2,-21],[-21,5],[-12,7],[-15,-3]],[[2925,1582],[3,-19],[-2,-6],[12,-55],[14,-10],[25,-1],[3,-15],[9,-4],[16,0],[-16,-14],[7,-3],[9,8],[6,-7],[10,0],[5,-11],[13,-1],[5,-8],[-15,-8],[3,-21],[-17,-6],[1,-9],[-58,-1],[-6,19],[-6,9],[-3,-15],[1,-32]],[[2944,1372],[-73,-4],[-3,7],[0,24],[-2,5]],[[2866,1404],[0,10],[-4,6],[-14,0]],[[2848,1420],[0,14],[5,26],[10,34],[14,85],[32,1],[16,2]],[[492,3374],[37,21],[2,-2],[-1,-19],[4,-20],[12,-1],[4,-6],[19,9],[20,18],[40,0],[10,-8],[15,-5],[0,-15],[-23,-1],[-6,-13],[-16,-15],[-9,-1],[-27,1],[-12,9],[-9,-9],[-11,-1],[-37,0],[-4,2],[9,12],[-9,11],[-9,18],[1,15]],[[1688,2293],[76,-4],[52,4],[36,1],[86,-4],[2,-14],[-12,-46],[-6,-15],[-15,-27],[-20,-30],[-19,-33],[-11,-20],[-4,-5],[-8,2],[-26,12],[-18,11]],[[1801,2125],[1,17]],[[1802,2142],[3,15],[1,30],[-2,7],[-44,1],[-14,3],[-11,0]],[[1735,2198],[-19,28],[-29,2],[-2,-7]],[[1685,2221],[-1,33],[2,35],[2,4]],[[3069,1839],[0,-12]],[[3069,1827],[10,-28]],[[3079,1799],[9,-4],[12,10]],[[3100,1805],[17,-1]],[[3117,1804],[-2,-29],[0,-11]],[[3115,1764],[-2,-15]],[[3113,1749],[-28,-3],[-18,-11]],[[3067,1735],[-2,0]],[[3065,1735],[-40,-6]],[[3025,1729],[-3,-1]],[[3022,1728],[-38,-5]],[[2984,1723],[-15,18],[-78,-24],[4,-12],[-19,-17]],[[2876,1688],[-16,27],[-20,29],[-2,14],[0,28],[4,29],[11,9],[7,13],[-2,24],[21,-3],[6,-14],[11,-10],[-4,-13],[24,-2],[1,15],[6,2],[2,6],[21,3],[10,-12],[11,-10],[0,-7],[5,-5],[15,1],[12,8],[7,-3],[27,5],[14,1],[22,16]],[[3092,1337],[7,6],[3,45],[31,0],[47,-7],[4,-15]],[[3184,1366],[-5,-5],[-3,-30],[-6,-3],[10,-10],[-1,-8],[-7,-21]],[[3172,1289],[-4,-6]],[[3168,1283],[-10,-10],[-7,-1],[-9,12],[-6,-8],[8,-23],[14,1],[6,-3],[6,13],[22,-1]],[[3192,1263],[7,0],[4,-6]],[[3203,1257],[-5,-14],[-5,-7],[-14,1],[-2,-6],[-1,-22],[-4,-14],[-5,-2]],[[3167,1193],[-8,-2],[-5,5],[-16,26],[-11,-1]],[[3127,1221],[0,1]],[[3127,1222],[-4,32],[-10,13],[-9,7],[6,7],[-7,8],[5,7],[-1,19],[4,11],[-19,11]],[[1147,2987],[16,8],[8,-1],[14,4],[13,10],[20,5]],[[1218,3013],[7,-14],[18,-14],[6,0],[15,-18],[45,-21],[23,-1],[8,-17],[2,-12]],[[1252,2907],[-1,0]],[[1230,2902],[9,14],[-30,5],[-30,0],[-27,-7],[-14,11],[-10,12],[-26,18]],[[1102,2955],[40,10],[15,11],[0,7],[-10,4]],[[835,4111],[0,27],[18,0],[0,35],[22,0]],[[875,4173],[63,0],[0,37],[37,0],[0,-40],[11,-8],[43,0],[0,-23]],[[1029,4139],[-106,-1],[-1,-12],[2,-30],[2,-3]],[[926,4093],[-6,-9],[-17,0],[-11,-2]],[[892,4082],[-20,-6],[-4,-5],[-1,-11],[-8,-4],[-24,0],[0,55]],[[875,4173],[1,13],[4,11],[9,12],[12,13],[21,13],[18,8],[15,9],[26,-6],[8,-6],[23,-12],[23,-9],[15,-7],[33,-73],[-54,0]],[[743,3983],[0,6],[21,-1]],[[764,3988],[8,0],[-1,18],[9,2],[2,0],[1,0],[1,0],[2,1],[2,0],[8,2],[6,0],[8,2],[-1,-79],[38,-2],[7,-5],[0,0],[1,-1],[1,-1],[1,0],[0,-1],[1,0],[13,-8],[10,-21],[16,-15],[-3,-4]],[[894,3876],[-27,0],[-1,1],[-1,-1],[-3,1],[0,0],[-2,0],[-1,0],[-2,0],[-14,0],[-28,1],[0,4],[-12,13],[-54,65],[-3,-32],[19,-23],[1,-1],[1,-1],[2,-2],[0,-1],[6,-7],[4,-5],[28,-31],[0,-6],[58,-3],[34,0],[4,-7],[-1,-35]],[[902,3806],[-25,0],[5,-24],[-14,2]],[[868,3784],[-27,4],[-18,15],[-12,7]],[[811,3810],[-88,1],[4,23],[-14,8],[-8,12],[-2,11],[4,12],[-6,11],[-4,23],[5,7],[3,12],[8,9],[1,6],[0,5],[1,0],[0,1],[0,1],[-3,9],[-1,1],[-1,0],[-1,1],[-1,3],[-5,5],[4,0],[1,0],[2,0],[2,0],[1,0],[30,-1],[0,13]],[[1264,3153],[-41,-27],[-23,-22],[-61,53],[1,39],[-31,-1],[-24,-36],[-3,-6],[-1,-1],[-2,-2],[-1,-3],[-3,-4],[-1,-1],[-1,-2],[-5,3],[4,8],[-4,14],[7,20],[-3,17],[3,15],[31,36],[-9,24],[8,30]],[[1014,2733],[90,135]],[[1104,2868],[7,-4],[10,-12],[51,-46],[65,-65],[11,-12],[-23,-33],[-1,-1],[-1,-1],[0,-1],[-1,-1],[-9,-13],[-4,-5],[-3,-5],[-1,-1],[-1,-1],[0,-1],[-4,-6],[-4,-5],[-6,-9],[-8,-12],[-5,-7],[-29,-41],[-26,-36],[-27,24],[-13,-20],[-4,6],[12,17],[-31,33],[0,-4],[-12,-15],[-3,5],[11,13],[0,15],[-4,9],[-11,0],[-33,38],[-17,-22],[-7,1],[-16,11],[47,72]],[[1783,3227],[-12,-15],[-12,-10],[-13,24],[1,2],[1,1],[0,1],[5,8],[4,5],[0,1],[1,1],[0,1],[7,13],[-1,20],[3,27],[4,0],[4,19],[12,0],[1,22],[-1,28],[-16,-1],[-1,11],[-7,3],[-6,20],[-23,11],[-8,15],[-11,7],[4,14],[46,13],[1,-14],[44,9],[2,-19],[2,-51],[4,-13],[7,-11],[-3,-3],[-6,-33],[7,2],[61,-11],[3,-5],[26,-4],[14,-12],[14,-21],[1,-8],[-10,-11],[-28,-10],[-14,-9],[-11,-1],[-18,-9],[-12,-13],[-7,-11],[-19,16],[0,10],[-20,6],[0,13],[-15,25],[-12,0],[-4,-34],[-4,-11],[15,-8]],[[1015,3918],[10,3],[8,-6],[11,3],[1,7],[13,-10],[17,7]],[[1075,3922],[5,-10],[10,0],[9,8],[5,-8],[18,-5],[7,0],[3,7],[8,8],[6,-3],[5,-8],[5,-11],[12,0],[7,6],[11,-1],[3,-3],[-1,-8],[2,-41],[2,-53],[25,0],[1,-32],[-1,-52],[-4,1],[-41,-30],[-9,21],[-5,1],[-9,-10],[-27,33],[-19,12],[2,12],[-28,9],[-13,0],[-15,9],[-10,-7],[-18,-1],[3,-10],[15,-23],[8,-15],[-8,-10],[-10,-2],[-10,1],[-23,27],[-22,0],[0,15],[-38,-1],[-1,48],[2,32],[2,10],[-4,8],[3,6],[1,11],[6,0],[0,30],[-12,0],[-3,12],[0,17],[17,3],[25,-7],[16,-1],[7,4],[20,-3]],[[1189,3903],[-2,2],[-13,1],[-11,-6],[-7,1],[-3,10],[-7,9],[-5,2],[-2,0],[-8,-8],[-2,-7],[-23,5],[-6,9],[8,7],[12,1],[12,15],[13,-16],[32,-8],[8,0],[5,-6],[-1,-11]],[[1156,3691],[-6,8],[8,8],[6,-2],[4,-22],[-5,0],[-7,8]],[[1636,3746],[-1,16],[0,33],[-24,29],[-23,7],[3,22],[38,-6],[9,26],[7,-2],[-1,-126],[-8,1]],[[1615,3013],[0,1],[0,1],[-1,6],[0,3],[0,6],[-1,38],[4,0],[1,14],[0,23],[18,0],[0,15],[36,2],[47,0],[2,-11],[-5,-16],[-12,-33],[10,0],[-11,-42],[8,-9],[12,-2],[0,-7],[9,-3],[25,-16],[-1,-5],[11,-4],[7,5],[11,-3],[-7,-12],[-23,-12],[-3,-3],[-3,-1],[-4,-2],[-1,-1],[-2,-1],[-1,-1],[0,-1],[-1,0],[-6,-5],[-46,34],[-3,-3],[-70,45]],[[1627,2990],[-14,-33],[33,-16],[-5,-40],[-9,8],[-15,9],[-3,-9],[-31,2],[-1,18],[-10,1],[-2,-5],[-52,6],[-35,-16],[-4,-4],[-13,-3],[-6,-6],[-58,5],[0,37],[35,6],[92,29],[29,54],[28,0],[29,-20],[17,-11],[-5,-12]],[[1438,2813],[-6,-3]],[[1432,2810],[-4,-2]],[[1426,2807],[0,20],[-16,-7],[-6,-5],[-26,-14],[-27,-19],[-13,-3],[1,-25]],[[1339,2747],[0,-20],[-16,0],[-11,-7],[-18,-7],[-21,16],[-12,13],[26,18],[14,23],[6,18],[25,13],[10,7],[23,21],[16,20],[9,0],[8,10],[7,0],[18,18],[16,0],[0,-4]],[[2790,2492],[0,-21],[-2,-8],[-37,-15],[-73,-16],[-38,-10],[-8,-1],[-48,-21],[-7,0],[-29,-12],[-7,22],[30,30],[26,-3],[29,5],[89,30],[75,20]],[[2803,2371],[-2,-6],[5,-14]],[[2806,2351],[4,-7]],[[2810,2344],[19,-33],[-6,-12]],[[2823,2299],[-12,-24],[-86,64],[-8,-6],[-16,12],[-17,-14],[-78,-77],[-3,-12],[4,-9],[-10,-2],[0,23],[-12,5],[-3,-15],[-14,6],[4,96],[92,53],[139,1],[-5,-21],[5,-8]],[[2544,2044],[-7,14],[28,79],[-4,6],[-13,0],[-18,103],[59,-35],[84,-81],[32,-33],[12,13],[16,-17],[-12,-12],[2,-3],[-1,-47],[-43,-22],[-85,-48],[-7,-3],[-43,86]],[[2239,1164],[-7,20],[-5,-6],[7,-23],[10,-14],[-33,-25],[-25,-9],[-24,3],[26,37],[14,4],[13,19],[-8,9],[4,9],[5,5],[10,-11],[4,11],[24,3],[14,3],[34,-8],[2,-12],[-17,0],[-31,7],[-13,-9],[-4,-13]],[[2095,963],[-4,4]],[[2087,971],[1,13],[8,13],[17,19],[20,16],[-7,11],[18,36],[21,23],[23,-1],[20,7],[41,31],[-8,11],[-2,14]],[[2239,1164],[3,8],[14,9],[31,-6],[16,-1]],[[2248,1081],[-44,-32],[-20,-3],[-9,-8],[-9,1],[-5,-3],[-1,-13],[-24,-30],[-10,-26],[-17,-18]],[[2600,2608],[7,-15],[-12,-21],[-28,-32],[-8,7]],[[1118,4366],[-25,18],[-20,13],[-30,5],[-6,3],[-34,34],[72,118],[64,-59],[48,-44],[39,-37],[28,-25],[-19,-21],[-48,-56],[-8,9],[-35,25],[-26,17]],[[1455,4282],[12,-19],[18,-23],[1,-7],[-6,-4],[-12,7],[-14,3],[-8,12],[5,5],[-4,6],[-3,14],[7,3],[-22,31],[-7,14],[-6,6],[-7,-1],[-21,-5],[-5,6],[-6,12],[-12,20],[-2,6],[4,14],[-2,7],[-13,18],[8,13],[-1,7],[-37,64],[-30,57],[35,27],[5,-5],[21,-42],[16,-36],[8,-14],[8,-21],[15,-33],[14,-27],[6,-15],[23,-64],[15,-33],[-3,-3]],[[1774,3958],[-23,-17],[-18,-9],[-19,-8],[-22,-4],[-17,-10],[4,12],[9,15],[4,18],[-7,9],[-4,11],[-2,23],[28,-5],[17,6],[90,50],[14,-13],[7,-9],[1,-8],[-10,-17],[-25,-23],[-27,-21]],[[2204,2036],[-35,35],[80,86],[39,-28],[49,31],[84,-27],[0,-28],[11,0],[7,0],[28,-41],[-27,-71],[-23,-8],[-29,31],[-7,6],[3,3],[9,11],[0,14],[24,0],[0,36],[-21,0],[-1,38],[-105,1],[-28,-1],[4,-21],[3,-6],[-2,-16],[-25,-19],[12,-15],[11,-4],[-1,-17],[1,-42],[-4,-2],[-57,54]],[[3338,1173],[-14,4],[-21,0],[-6,4],[-16,1]],[[3281,1182],[-6,3],[-25,28],[-4,11]],[[3246,1224],[0,28],[3,48]],[[3249,1300],[23,-1],[30,3],[7,-1],[15,-6],[38,-11],[21,-3],[5,-6],[1,-16],[6,-4],[14,-2],[4,-6],[0,-8]],[[3413,1239],[1,-12],[-38,-16],[-30,-21],[-6,-9],[-2,-8]],[[3002,902],[7,-3],[16,13],[-5,17],[0,10],[7,15],[-7,10]],[[3020,964],[-1,0]],[[3019,964],[6,10],[-4,22],[3,7],[-3,11]],[[3021,1014],[-8,8],[4,5]],[[3017,1027],[24,-21],[12,32],[7,3],[5,-13],[-7,0],[1,-15],[-5,-11],[9,-1],[8,-6],[8,6],[5,12],[23,16],[12,-3]],[[3119,1026],[-10,-2],[-13,-9],[-6,-11],[-21,-23],[-14,-22],[1,-38]],[[3056,921],[3,-25],[-3,-26],[3,-7],[-6,-10],[2,-5],[-14,-13],[-24,-21],[-5,1],[-4,14],[-10,23],[-9,9],[-1,14],[6,8],[-5,9],[12,1],[1,9]],[[3019,964],[0,0],[-1,-1]],[[3018,963],[1,1]],[[3019,1263],[3,0],[7,13],[-3,18],[7,-2],[1,11],[22,7]],[[3056,1310],[1,-10]],[[3057,1300],[7,-84],[-2,-2],[2,-51],[19,0],[0,-12],[-32,0],[0,14]],[[3051,1165],[4,0],[0,62],[-36,0],[0,36]],[[3048,1128],[-5,8],[-8,-6],[1,-8]],[[3036,1122],[-9,-3]],[[3027,1119],[-13,9],[-6,13],[-13,13],[-1,15]],[[2994,1169],[25,1],[0,24]],[[3019,1194],[9,0],[0,-29],[23,0]],[[3057,1300],[4,4],[10,19],[-6,11],[17,9],[10,-6]],[[3127,1222],[0,-2]],[[3127,1220],[-4,-10],[-4,-23],[-5,-12],[-4,-16],[0,-14]],[[3110,1145],[-2,-30],[-8,1],[-21,8]],[[3079,1124],[9,12],[7,0],[-1,10],[-40,0],[-2,-15]],[[3052,1131],[-4,-3]],[[2744,1038],[-2,-1],[-44,-2],[-32,-14],[-36,0]],[[2630,1021],[0,15]],[[2630,1036],[0,22],[-85,1],[0,-23]],[[2545,1036],[0,-30]],[[2545,1006],[-25,-19]],[[2520,987],[-22,-19],[9,-31],[11,-26],[-3,-4],[0,-14],[-21,1],[-7,11],[-11,2],[-4,6],[-9,22],[-8,2],[-3,5],[-1,7],[-5,13],[22,18]],[[2468,980],[12,32],[28,52],[56,38]],[[2564,1102],[43,33],[65,1],[54,-2],[25,14],[7,11],[58,43],[9,-3],[9,13],[17,-1],[12,2],[5,-4],[12,4],[8,-11],[19,-35],[-5,-8],[-25,-5],[-5,-17],[-14,-28],[-28,-18],[-24,-13],[-34,-23],[-28,-17]],[[2848,1420],[-77,0]],[[2771,1420],[0,16],[22,1],[0,72],[-23,0],[0,12],[-17,0],[-3,17],[-10,23],[-6,19]],[[2734,1580],[-11,26],[-2,12],[-13,32],[0,35]],[[2708,1685],[44,19],[-1,1]],[[2751,1705],[-3,3]],[[2748,1708],[-8,9],[13,8],[11,-6],[6,2],[30,0],[6,-1]],[[2806,1720],[-3,-10],[14,-18],[16,-16],[43,-38],[25,-27],[22,-20],[2,-9]],[[2771,1420],[-14,0]],[[2757,1420],[-2,30],[-15,23],[-6,15],[0,6],[-16,0],[-8,7],[0,12],[8,-1],[-2,15],[6,6],[-6,14],[8,15],[-7,2],[-6,-8],[-7,5],[9,10],[-2,20],[8,2],[4,-11],[11,-2]],[[1193,3349],[-7,6],[5,10],[7,-3],[8,20],[7,0],[-3,17],[11,12],[6,2],[21,-11],[43,-27],[15,-11],[22,-30],[6,-21],[5,-27],[-2,-13],[-8,-19],[-12,-21]],[[891,2868],[-1,-6],[7,-11],[-4,-6],[-11,6],[-8,-11],[-13,-11],[-22,-17],[-8,12],[-17,-10],[-3,1],[-65,-35],[-8,6],[-16,3],[-7,10],[12,25],[12,3],[7,6],[-2,7],[7,15],[-1,14],[-4,4],[1,9],[9,9],[9,-13],[-1,-5],[21,-27],[3,0],[13,-14],[18,10],[-16,28],[27,40],[8,-8],[15,-8],[15,-11],[23,-15]],[[874,2739],[1,23],[-2,4],[8,16],[17,2],[0,4],[21,6],[0,33],[12,2],[11,-2],[0,19],[0,11],[0,6],[1,4],[44,7],[18,19],[8,2],[4,8],[25,27],[0,12],[-15,27],[1,12],[-9,-1],[-2,8],[-15,2],[11,16],[-18,10],[7,12],[5,-4],[22,-43],[9,-25],[11,-12],[11,-4],[12,4],[16,12],[0,-9],[-7,-11],[-16,-3],[-7,-5],[13,-16],[-8,-10],[27,-23],[17,18],[18,-5],[2,-8],[-14,-1],[-9,-15]],[[1014,2733],[-15,11],[-7,-19],[-14,-10],[-32,-47]],[[1032,2872],[-27,-3],[-55,-3],[-8,-1],[3,-9],[0,-12],[-3,-3],[0,-16],[3,-7],[99,33],[-1,22],[-11,-1]],[[2174,4588],[9,6]],[[2183,4594],[2,-8],[13,-1],[-1,-5],[-10,-7],[10,-7],[-9,-6],[8,-9],[-1,-12],[16,0],[6,-7],[9,4],[6,-2],[-2,-9],[-6,-7],[0,-11],[7,-13],[-6,-10]],[[2225,4484],[0,-1]],[[2225,4483],[9,-7],[10,-1],[-4,-13]],[[2240,4462],[-6,3],[2,3],[-1,2],[-1,1],[-18,2],[1,7],[-1,1],[-4,2]],[[2212,4483],[-3,1],[-1,-1]],[[2208,4483],[-3,-2],[2,-4],[-1,-4],[-3,-3],[-1,-4],[7,-9],[-9,0],[-11,6],[4,15],[7,-2],[2,7]],[[2202,4483],[1,6],[-11,0],[-6,-5],[-6,2],[-7,9],[10,1],[-5,12],[9,6],[4,10],[-26,5],[-12,6],[1,18],[-7,2],[2,13],[7,8],[18,12]],[[1468,2643],[40,-1],[-1,-10],[44,-1],[0,11],[33,0],[0,-14],[16,0],[1,-11],[-20,0],[-7,-2],[-22,0],[-14,-6],[-5,3],[-37,-2],[-10,17],[-8,0],[-10,16]],[[1687,1740],[-13,0],[-13,-6],[-15,15],[39,31],[1,7],[6,4],[13,-5],[14,0],[6,-5],[12,-18],[9,-20],[1,-21],[3,-14],[-1,-7],[-7,-1],[-5,5],[-6,21],[-7,0],[-6,13],[-15,1],[-16,0]],[[931,2456],[2,-5],[16,4],[9,-4]],[[958,2451],[14,-13],[11,-4],[4,-9],[2,-13],[7,1],[5,-6],[1,-11],[8,-8],[-4,-8],[-27,-17],[0,-8],[11,-17],[-26,-23],[-12,13],[-14,-13],[-24,-14],[-6,7],[-2,15],[-13,3],[-12,11],[-2,8],[9,11],[-2,7],[-7,0],[-9,11],[-3,12],[-4,36],[11,10],[37,11],[12,0],[0,13],[8,0]],[[820,3068],[14,-4],[16,-3],[7,1],[7,9],[29,0],[21,-2],[12,6],[7,1],[6,-5],[15,0],[9,-3],[2,-111],[-87,1],[-58,74],[-4,8],[1,22],[3,6]],[[894,3876],[32,0],[0,-72],[-24,2]],[[892,4034],[17,0],[9,6],[14,1],[7,-4],[12,-1],[14,10],[12,0],[8,-7],[18,0],[6,-10],[13,-9],[15,0]],[[1037,4020],[1,0]],[[1038,4020],[0,-2]],[[1038,4018],[1,-8]],[[1039,4010],[0,-1]],[[1039,4009],[-2,-10],[0,-26],[-69,0],[0,-23]],[[968,3950],[-19,0],[-14,-9],[-4,7],[-17,7],[-5,-15],[-28,12],[-15,-5],[-27,4],[-4,6],[-11,-3],[-13,6],[0,58]],[[811,4018],[80,1],[1,15]],[[1029,4139],[0,-15],[-8,0],[-57,-19],[-25,-5],[-13,-7]],[[2521,3869],[47,-42],[10,-35],[11,-13],[-16,-8],[-2,-4],[-25,29],[-12,-1],[-18,28],[15,14],[1,0],[0,1],[1,1],[0,1],[-22,22]],[[2511,3862],[10,7]],[[2633,3691],[-29,28],[-14,15],[0,11],[6,8],[12,1],[7,-8],[61,-21],[22,-7],[-4,-11],[-35,-1],[-10,-3],[-6,-6]],[[3265,2809],[0,1]],[[3265,2810],[22,-1],[7,2],[-7,9],[3,10],[31,-3],[66,-14],[2,-7],[9,-1],[18,8],[14,3],[9,-3],[12,-14],[10,0],[5,6],[-1,17],[9,0],[12,6],[15,5],[46,-8],[40,-15],[43,-10],[-2,-18],[-37,3],[-44,-3],[-48,-2],[-44,-8],[-33,0],[-30,0],[-37,0],[-46,-2],[-41,10]],[[3268,2780],[-2,26]],[[3266,2806],[-1,3]],[[2748,1708],[3,-3]],[[2708,1685],[-12,31],[-4,3],[-4,18],[-11,18],[0,7],[-27,26],[-11,9],[-12,6],[-3,11],[-13,20],[-6,12],[-3,11],[-17,45],[64,45],[13,12],[4,0],[53,37],[19,-10],[16,-1],[9,-13],[-4,-10],[17,-42],[3,-21],[0,-22],[11,-27],[1,-15],[-5,-29],[0,-16],[10,-35],[12,-30],[-2,-5]],[[2984,1723],[13,-20],[5,-3],[16,-4]],[[3018,1696],[-27,-8],[0,-25],[16,-41],[3,-45],[13,-19],[76,-80],[-10,-11],[-41,31],[-23,16],[-38,17],[-14,17],[-12,45],[-9,28],[-76,67]],[[4221,2189],[-8,3],[-43,35],[-25,23],[-67,56],[-10,11],[-9,12],[-10,6]],[[4049,2335],[27,16],[54,31],[52,30],[34,22]],[[4216,2434],[7,-6],[14,-36],[23,-43],[15,-29],[6,-16],[13,-39],[7,-23],[5,-2]],[[4306,2240],[-20,-26],[-27,13],[-36,-9],[-2,-7],[0,-22]],[[4388,2283],[-22,0],[-21,-5],[-19,-12],[-10,-11],[-10,-15]],[[4216,2434],[27,18],[21,11],[27,12],[46,23],[17,13],[16,14],[42,-25],[6,-4],[7,-14],[44,-41],[25,-25],[14,-4],[14,0],[19,-26]],[[4221,1943],[-100,-119]],[[4121,1824],[-45,18],[-18,12],[2,7],[12,10],[26,29],[11,31]],[[4109,1931],[21,45],[13,21],[14,19],[8,32]],[[4165,2048],[30,7],[23,7],[21,2],[18,-10],[21,6],[20,-11],[15,-1],[44,-16],[33,-10],[36,-6],[43,-1],[15,3],[15,16],[19,34],[18,28],[14,20],[14,18],[17,14],[13,8],[14,1],[23,-3],[54,-16],[34,-13],[14,-3],[40,-2],[14,-4],[6,-4],[21,-22],[16,-27],[7,-31],[4,-45],[1,-60],[-4,-25],[-9,-28],[-8,-12],[-14,-2],[-22,8],[-40,9],[-29,6],[-30,8],[-22,17],[-38,10],[-16,1],[-58,-15],[-6,1],[-14,-5],[-21,11],[6,-12],[-40,1],[-30,4],[-29,8],[-22,9],[-30,8],[-28,11],[-58,18],[-15,2],[-23,-5],[-14,-6],[-7,-6]],[[4221,2189],[1,-104]],[[4222,2085],[-19,16],[-19,12],[-6,-4],[-3,-14],[-12,-8],[-27,-9],[-14,-8],[-20,-8],[-12,-8],[-2,-7],[9,-20],[5,-5],[8,0],[37,15],[18,11]],[[4109,1931],[-59,-1],[-15,11],[-107,1],[-67,82],[-88,96],[-11,15],[36,31],[125,94],[107,62],[19,13]],[[3817,1064],[19,12],[11,2],[5,-10],[19,13],[-4,8],[23,16],[92,-16],[4,-5],[-35,-22],[1,-17],[-44,-11],[-37,-30],[-4,9],[-20,-13],[-1,-12],[-6,-4],[-8,7],[-30,-15],[-16,10],[-13,-27],[-7,7],[-18,35],[55,35],[-5,9],[20,13],[-1,6]],[[2838,1315],[8,0],[1,-6],[-4,-7],[6,-13],[-3,-7]],[[2846,1282],[-3,-6],[-8,-2],[-13,6],[-10,-11],[-14,-5],[-32,2],[-15,-1],[-2,-14],[-17,-16],[-13,-5],[-12,-18],[-13,4],[-14,-7],[-23,-18],[-5,0],[-11,11],[-10,20],[4,13],[1,22],[8,12],[5,-5],[13,6],[14,-5],[15,15],[13,6],[37,9],[19,7],[7,12],[14,-4],[6,2],[4,6],[8,2],[39,-5]],[[3177,989],[-5,-5],[-28,36],[-25,6]],[[3017,1027],[8,-1],[7,13],[-5,8],[7,4],[9,11],[7,1],[-6,12],[1,8],[10,10],[7,3],[16,-6],[-2,-6],[7,-12],[8,3]],[[3091,1075],[2,-3]],[[3093,1072],[7,2],[19,-2],[4,3],[54,-86]],[[3184,969],[7,-1],[3,13],[-10,6]],[[3184,987],[7,4]],[[3191,991],[13,-23],[7,-9]],[[3211,959],[4,-6],[24,-27]],[[3239,926],[-22,-2],[-25,30],[-8,15]],[[2033,1505],[10,-38],[24,-84],[3,-14],[-1,-20],[-3,-32],[-6,-23]],[[2060,1294],[-12,-32],[-12,-10],[-43,0],[-52,2],[-9,13],[-11,29],[-5,22],[7,22],[2,32],[-4,21],[-6,14],[-11,16],[-10,5],[-2,7],[76,-2],[0,74],[-39,2],[-1,15],[53,-1],[12,3],[13,7],[16,-4],[7,-5],[4,-19]],[[2047,1353],[4,13],[-7,6],[-3,-23],[6,4]],[[1972,1178],[-35,-26],[6,-63]],[[1943,1089],[-57,-16],[-4,11],[15,33],[-3,9],[5,12],[8,7],[-8,15],[17,6],[-1,12],[-14,34],[-3,12],[-4,3],[-6,24],[-6,9],[-17,18],[-12,16],[-25,-5],[-8,8],[3,12],[-5,13],[-11,4],[-8,6],[-8,15],[11,9],[21,-1],[7,3],[5,-13],[15,-18],[23,-46],[14,0],[21,-25],[-10,-9],[15,-23],[13,8],[46,-54]],[[1972,1178],[61,-24],[-5,-18],[-38,4],[-10,-9],[-11,-13],[-2,-11],[2,-12],[17,-17],[-43,11]],[[856,4590],[-1,0]],[[758,4587],[-33,25],[-6,13],[0,15],[-4,13],[-17,14],[-5,10],[-5,25],[74,0],[78,0],[24,-24],[27,-23],[27,-13],[18,-5],[0,-6],[15,-12],[10,-13],[6,-11],[-29,-2]],[[747,4085],[10,26],[-2,10],[-2,20],[-2,6],[0,14],[41,0],[0,-12],[26,0],[0,-23],[-62,-68],[-9,27]],[[811,4018],[-6,0],[2,41],[-4,14],[-7,5],[39,33]],[[892,4082],[0,-48]],[[1856,4181],[-16,1],[1,19],[3,28],[0,14],[24,-2],[4,-4],[-10,-40],[0,-15],[-6,-1]],[[1392,4139],[29,-29],[-6,-17],[0,-20],[-8,-11],[-1,-9],[4,-5],[30,-19],[25,17],[0,-13],[-12,-15],[-10,-21],[-20,-15],[-13,-5],[-13,-21],[-41,0],[-18,22],[-10,21],[0,13],[6,18],[2,16],[1,21],[23,12],[13,15],[5,14],[0,9],[-5,10],[19,12]],[[1842,3756],[27,-1],[5,-2],[-25,-31],[-17,-27],[-11,-27],[-8,-30],[-2,-18],[-2,-39],[2,-68],[-47,2],[9,6],[0,10],[-8,1],[-6,16],[-1,38],[-4,12],[-13,37],[11,10],[15,33],[26,27],[26,22],[-7,10],[10,7],[20,12]],[[707,3342],[-44,-2],[0,42],[-2,28],[27,0],[3,4],[31,4],[-1,21],[25,0],[0,9],[12,0],[0,34],[44,0],[1,-29],[-5,-26],[0,-13]],[[950,3425],[28,40],[59,0],[-9,-53],[-23,-29],[11,-22],[1,-6],[-26,-44],[0,-18],[-28,-3],[-50,32]],[[1147,2987],[-5,3]],[[1142,2990],[-21,9],[-7,-8],[-18,10],[-46,27]],[[1050,3028],[-25,17],[14,26],[28,-16],[12,-6],[4,13],[26,42],[0,9],[-36,28],[17,25],[62,-59],[58,-54],[0,-31],[8,0],[0,-9]],[[1429,2721],[0,5]],[[1429,2726],[0,2]],[[1429,2729],[0,1]],[[1428,2734],[0,1]],[[1428,2741],[1,1]],[[1428,2744],[0,2]],[[1428,2748],[0,1]],[[1428,2749],[1,1]],[[1429,2759],[0,1]],[[1429,2760],[-1,1]],[[1428,2761],[1,1]],[[1428,2768],[0,1]],[[1428,2772],[0,1]],[[1428,2784],[0,1]],[[1428,2785],[0,1]],[[1428,2789],[0,1]],[[1428,2796],[0,1]],[[1428,2797],[0,2]],[[1428,2799],[0,1]],[[1432,2810],[8,-19],[38,2],[2,-39],[5,-3],[23,2],[3,-30],[-1,-11],[-23,1],[12,11],[-9,9],[-14,3],[-7,-4],[7,-20],[-29,-4],[7,19],[-10,7],[-12,-5],[-1,-5],[7,-18],[-14,-1],[0,-25],[-16,12],[-20,18],[8,7],[0,1],[2,3],[31,0]],[[1660,2633],[-31,0],[0,29],[20,-3],[2,-3],[15,0],[32,11],[16,1],[0,-16],[-18,3],[-11,-9],[-15,0],[-10,-13]],[[1445,2602],[-1,14],[-19,4],[0,4],[41,0],[15,-14],[0,-5],[-36,-3]],[[1331,2610],[7,-7],[10,-15],[-1,-13],[9,-12],[-7,-22],[-11,-5],[-7,-8],[-3,-11],[-10,-4],[-2,-15],[-4,-8],[-15,-1],[-37,0],[0,66],[11,1],[-2,7],[18,3],[8,-13],[7,3],[-5,14],[7,15],[5,2],[-1,1],[0,0],[-1,1],[-1,2],[2,0],[1,-1],[0,0],[0,-1],[1,0],[0,0],[2,2],[1,1],[0,1],[1,1],[0,0],[1,1],[1,1],[0,0],[1,0],[0,0],[1,0],[2,1],[2,-1],[1,1],[0,9],[0,3],[0,2],[0,0],[0,1],[2,4],[1,0],[0,0],[1,-1],[1,-1],[0,0],[0,0],[1,0],[0,-1],[2,-3]],[[2307,2566],[30,2]],[[2344,2475],[0,28],[-33,-1]],[[2345,2453],[0,-1],[-73,0],[-1,50]],[[2511,3862],[22,-23],[-17,-16],[-30,50],[-26,27],[-15,14],[-67,36],[-39,18],[-21,5],[-22,2],[-29,-8],[-49,-29],[-1,21],[24,16],[46,9],[-1,40],[23,-5],[15,0],[28,-6],[34,-17],[12,-10],[17,-17],[28,-25],[34,-34],[17,-13],[27,-28]],[[1473,3949],[-8,-9],[1,-11],[9,-8],[12,-2],[2,8],[15,-3],[15,-16],[-3,-7],[-11,-8],[-7,0],[-12,8],[-14,6],[-16,4],[-6,4],[-23,32],[20,20],[7,-2],[19,-11],[0,-5]],[[1487,3928],[0,-7],[-14,3],[-7,7],[0,8],[7,7],[3,-13],[11,-5]],[[1839,3201],[11,-8],[-2,-14],[-14,0],[-13,-6],[-7,-1],[-22,3],[-1,2],[33,29],[15,-5]],[[579,3221],[14,0],[46,3],[22,1],[3,-8],[-2,-49],[1,-39],[-8,-3],[-15,0],[-2,-16],[-7,-2],[-13,5],[-21,-6],[-2,-8],[-4,-28],[-42,-12],[-44,-9],[-22,-2],[-43,-1],[-13,6],[-1,7],[0,45],[2,14],[7,9],[17,3],[5,6],[7,-3],[14,2],[13,-6],[15,6],[6,0],[3,9],[16,0],[-1,9],[-19,0],[-6,14],[0,12],[-6,5],[-16,2],[3,6],[-13,0],[-1,12],[28,2],[5,4],[6,14],[14,1],[54,-5]],[[2686,3900],[-10,9],[-2,12],[1,11],[6,10],[7,4],[28,0],[31,-5],[122,-42],[-2,-50],[-16,-37],[-31,5],[-27,-4],[-20,-4],[-10,0],[-15,7],[-8,8],[-11,20],[-12,15],[-11,7],[-8,21],[-12,13]],[[1102,2955],[-2,12],[-48,28],[-2,33]],[[1050,3028],[1,3],[29,-20],[33,-18],[7,7],[22,-10]],[[1003,3275],[7,11],[15,17],[13,18],[1,14],[5,6],[22,3],[8,-1],[5,-7],[1,-16],[-2,-29],[-4,-7],[-15,-15],[-6,-33],[0,-16],[3,-15],[-1,-41],[-9,-14],[-46,-1],[-2,43],[0,39],[6,5],[14,2],[-1,31],[-14,6]],[[1038,4020],[31,-11],[14,-82],[-8,-5]],[[1015,3918],[-18,10],[-11,0],[-18,8],[0,14]],[[1039,4009],[0,1]],[[1038,4018],[-1,2]],[[931,2456],[-14,35],[-13,-4],[-24,42],[0,1],[-12,0],[-1,-13],[0,-56],[-20,0],[0,19],[-8,1],[9,60],[-9,10],[17,9],[30,-25],[82,-70],[-2,-9],[-8,-5]],[[2500,2921],[33,-46]],[[2533,2875],[-14,-15],[-49,-24],[-39,2],[-27,27],[1,17],[-28,12],[0,38],[18,-9],[11,-7],[17,-5],[23,-2],[15,0],[12,3],[27,9]],[[2500,2921],[20,9],[27,7],[17,3],[42,29],[9,10],[32,27],[6,-12]],[[2670,2953],[10,-24],[-17,-8],[-22,-19],[-13,17],[-30,-9],[-16,3],[-23,-16],[-26,-22]],[[768,3717],[22,0]],[[790,3717],[0,-29],[-22,0],[0,29]],[[768,3717],[0,29],[22,0],[0,-29]],[[868,3784],[14,-37],[-34,2],[-37,61]],[[743,3983],[-5,7],[2,14],[-2,8],[26,0],[0,-24]],[[479,3483],[-1,11],[8,13],[13,3],[14,15],[10,6],[5,7],[11,8],[16,2],[4,5],[12,3],[11,7],[25,20],[9,5],[12,-3],[36,0],[17,3],[22,7],[5,-23],[-1,-8],[-9,-10],[-16,-2],[0,-6],[-45,-1],[0,-12],[-6,-12],[-5,-2],[1,-14],[10,-29],[-18,-13],[-8,8],[-40,-1],[0,-16],[-22,0],[-1,3],[-25,7],[-1,4],[-43,15]],[[2684,3180],[-81,0],[23,31],[-26,48],[-22,13],[3,7],[10,-2],[5,15],[5,3],[3,-12],[9,-1],[5,18],[15,-3],[3,-13],[-3,-6],[-13,-14],[18,-26],[51,61],[47,1],[-11,-39],[-33,-33],[1,-48],[-9,0]],[[2216,3041],[7,7],[24,-24],[12,-14],[26,-23],[15,-8],[26,-24],[36,-20],[-7,-14],[3,-5],[-9,-6],[-41,11],[-17,6],[1,11],[-10,10],[0,4],[-21,23],[-14,11],[-15,20],[-16,35]],[[3265,2809],[1,-3]],[[3268,2780],[-9,5],[-29,12],[-58,35],[-28,11],[-26,8],[-19,12],[-9,10],[-10,16],[-10,39],[5,14],[0,7],[9,-1],[6,-8],[0,-19],[7,-1],[4,16],[12,9],[20,0],[5,-7],[23,-28],[22,-19],[18,-6],[16,-14],[-25,-8],[4,-8],[25,8],[10,-2],[16,-8],[3,-14],[14,-17],[1,-12]],[[4152,2695],[-3,-13],[-12,0],[-3,-14],[6,-11],[-19,-23],[-4,-8],[2,-8],[9,0],[21,8],[27,20],[23,20],[6,-1],[8,-6],[-4,-13],[-7,-1],[3,-18],[10,-18],[-10,0],[-3,-8],[-12,-5],[4,-18],[-21,-9],[-33,-15],[-42,-15],[-19,13],[5,19],[-3,11],[5,2],[0,10],[12,0],[5,8],[0,13],[7,-2],[-2,19],[2,9],[5,-1],[-1,16],[18,21],[-1,14],[15,17],[6,-13]],[[1526,2143],[3,7],[18,-22],[5,-9],[5,-16],[2,-32],[-4,-20],[-10,-10],[-10,-4],[-15,-2],[-17,6],[-18,20],[13,-5]],[[2521,2023],[-5,11]],[[2516,2034],[-1,2]],[[2515,2036],[-5,9]],[[2510,2045],[-5,9],[-3,7],[-1,1],[-3,7],[-1,3],[-3,7],[-5,11],[2,5],[9,-4],[1,-12],[11,-4],[-1,-2],[0,-1],[0,-1],[5,-7],[13,-12],[12,-34],[1,-11],[9,-18],[-9,-5],[-7,12],[-14,27]],[[3120,1854],[1,2],[21,0],[2,-16],[-2,-7],[-14,2],[-8,19]],[[3079,1799],[-10,28]],[[3069,1827],[0,12]],[[3069,1839],[12,6],[8,0],[5,1],[2,1]],[[3096,1847],[19,7],[-3,-24],[-6,-4],[-6,-21]],[[3117,1804],[19,20],[6,-5],[1,-29],[-1,-47],[2,-8],[6,-7],[2,-17],[13,-14],[6,-10],[-23,1],[0,5],[-99,1],[-11,-5],[-8,0],[-12,7]],[[3022,1728],[3,1]],[[3065,1735],[2,0]],[[3113,1749],[-1,-3],[-21,-10],[-18,-27],[56,-1],[0,55],[-14,1]],[[3188,2185],[-6,-7],[-5,-15],[-5,-4],[-5,-14],[-6,-4],[-29,-10],[-7,1],[-39,15],[-19,3],[-4,20],[-17,30],[6,18],[-2,7],[-7,6],[-14,2],[-6,20],[16,-4],[25,-16],[21,-10],[26,-17],[3,-8],[2,-24],[0,-22],[11,-8],[21,8],[24,19],[16,14]],[[3031,2228],[5,0],[6,-9],[2,-24],[8,-19],[6,-8],[8,-22],[6,-5],[11,-1],[48,-14],[20,5],[12,0],[2,-9],[-17,-17],[-13,-4],[-15,4],[-21,7],[-28,6],[-5,5],[-6,15],[-4,15],[-8,21],[-17,54]],[[4221,2189],[13,0],[19,-11],[26,-12],[39,23],[4,5],[22,14],[4,-6],[1,-15],[3,-6],[7,-3],[14,2],[37,7],[45,6],[6,-3],[9,-21],[12,-19],[-5,-5],[-15,-7],[-30,-34],[-18,-14],[-12,-9],[-8,0],[-22,9],[-43,1],[-41,-5],[-29,-5],[-20,4],[-17,0]],[[4221,1943],[-2,-20],[1,-46],[-4,-42],[0,-18],[3,-41],[-7,-2],[-58,2],[-34,4],[-16,0],[2,8],[18,33],[-3,3]],[[3883,1671],[10,4],[14,1],[30,0],[45,2],[35,1],[36,-2],[41,0],[38,3],[-4,-7],[-33,-22],[-31,-23],[-7,-23],[-8,-22],[-5,-5],[-27,-8],[-56,-22]],[[3961,1548],[4,24],[13,36],[9,22],[-3,6],[-15,4],[-29,10],[-30,8],[-27,13]],[[2134,1529],[39,2],[28,0],[3,-15],[0,-15],[-3,-7],[-31,1],[-23,-3],[-3,-5]],[[2144,1487],[-1,32],[-9,10]],[[3472,2897],[-3,20],[100,-3],[4,-6],[14,-3],[13,1],[4,-7],[-2,-14],[-14,0],[-15,3],[-27,5],[-15,3],[-29,5],[-7,0],[-13,-5],[-10,1]],[[1685,2221],[-2,-23],[0,-22],[-6,-6],[-29,-10],[3,31],[-1,22],[2,48],[-2,7],[1,22],[6,5],[31,-2]],[[1802,2142],[-1,-17]],[[1801,2125],[-4,-5],[1,-37],[-21,-2],[-29,-1],[-7,4],[-3,14],[-2,22],[2,7],[19,24],[7,-3],[10,-10],[5,6],[-7,29],[-13,7],[-14,3],[-10,15]],[[1725,1958],[-10,8],[-14,8],[-2,7],[10,27],[7,12],[4,14],[11,9],[20,0],[21,-2],[13,8],[10,11],[16,-16],[-9,-13],[-6,-3],[-6,3],[-16,-25],[-14,1],[-11,-9],[-2,-8],[3,-7],[-13,-8],[-12,-17]],[[1761,1944],[6,2],[28,0],[6,-5],[13,-34],[4,-6],[18,-12],[19,-22],[2,-9],[0,-7],[-3,-7],[1,-14],[-6,-3],[-29,1],[-24,-1],[-7,18],[-6,21],[10,19],[1,7],[-6,29],[-6,5],[-19,9],[-2,9]],[[1507,1667],[4,2],[12,-2],[23,0],[23,5],[21,8],[7,-4],[17,-16],[3,-6],[-13,-18],[-14,-1],[-10,10],[-7,2],[-29,-3],[-10,6],[-16,5],[-12,8],[1,4]],[[2543,1105],[1,6],[3,0],[5,3],[1,4],[6,0],[5,-16]],[[2468,980],[-37,-31],[1,6],[0,2],[1,2],[-2,-1],[0,2],[-6,10],[0,16],[8,-4],[5,4],[11,-4],[12,-1],[-6,22],[9,3],[2,21],[15,10],[5,6],[1,5],[-1,6],[-13,12],[5,5],[2,-3],[3,0],[8,3],[5,7],[6,-5],[19,8],[3,7],[4,-1],[4,0],[4,3],[3,5],[-2,6],[6,4]],[[2543,1105],[-7,-3],[2,-5],[-1,-5],[-3,-3],[-5,-2],[-4,6],[-4,-11],[-16,-5],[-9,1],[-6,-6],[-9,-3],[-4,5],[-4,-8],[2,-6],[6,-2],[6,-7],[-6,-4],[-1,-10],[-15,-10],[-3,-21],[-8,-3],[-2,-8],[3,-10],[-5,-2],[-10,4],[-15,-1],[-13,-9],[9,26],[6,11],[21,25],[-7,10],[0,5],[14,19],[0,22],[14,13],[6,-6],[0,34],[4,2],[12,-3],[16,0],[25,-12],[15,-1],[5,-7],[-4,2],[-2,-1],[4,-3],[-4,-2],[-2,1],[0,-3],[-3,-2],[2,-2]],[[2409,961],[4,9],[7,9],[7,-18],[3,-1],[0,-2],[2,-1],[0,-1],[-2,-2],[-1,-5],[-7,-9],[10,-5],[-32,-60],[-4,4],[4,47],[9,35]],[[3465,749],[-2,-6],[-17,-3],[-8,15],[-5,5],[-22,11],[-25,16],[-9,11],[12,24],[7,4],[17,2],[4,5],[12,-22],[31,-17],[6,-33],[-1,-12]],[[2810,2344],[-4,7]],[[2803,2371],[-5,8],[5,21],[28,9],[6,-3],[10,-29],[6,-8],[10,-6],[15,-4],[6,1],[11,-6],[-5,-14],[-5,-6],[-13,-5],[-13,-17],[2,-6],[29,-31],[36,-12],[9,-10],[16,-22],[15,-1],[9,12],[15,-3],[2,-11],[14,-16],[21,-7],[12,-7],[10,-28],[11,-55],[-4,-4],[-6,-15],[-2,-22],[-2,-6],[-9,-5],[-57,70],[-23,23],[-46,51],[-28,28],[-36,38],[-13,16],[-11,10]],[[3096,1847],[-4,-1],[0,1],[4,28],[-3,18],[-9,35],[-56,49],[-12,-18],[2,-8],[13,-26],[-3,-24],[7,-12],[0,-20],[-27,13],[0,25],[-6,13],[0,25],[-7,7],[-6,13],[-8,-3],[-5,10],[3,14],[-1,6],[9,8],[8,-2],[10,9],[10,-2],[4,10],[3,19],[41,5],[-11,12],[-5,16],[6,7],[-1,17],[8,23],[8,6],[52,-35],[1,-77],[3,-149],[-28,-12]],[[3167,1193],[-1,-14],[5,-15],[3,-14],[-7,-16]],[[3167,1134],[-8,-31],[-7,-13],[-8,20]],[[3144,1110],[-1,32],[-14,3],[-19,0]],[[3127,1220],[0,1]],[[3204,2205],[57,-1],[25,-7],[16,-6],[24,-13],[42,0],[98,53],[60,18],[12,-6],[3,-12],[-1,-5],[-30,-12],[-12,-3],[-20,-9],[-41,-29],[-16,-2],[-16,-11],[-18,-21],[-11,-27],[-13,-6],[-42,15],[-11,20],[-8,11],[-9,22],[-7,10],[-12,6],[-17,-1],[-13,-10],[-8,-3],[-23,19],[-9,5],[0,5]],[[3961,1548],[-3,-6],[-6,-22],[-6,-4],[-25,-26],[-10,-13],[-32,-33],[-33,-41],[-7,-14],[-25,-18],[-9,2],[42,116],[15,54],[17,106],[4,22]],[[2907,1310],[10,1],[18,20],[-3,5]],[[2932,1336],[23,6],[2,-10],[-9,-20],[0,-12],[13,0],[0,-8],[-23,0],[0,-4],[-21,-37],[-27,29],[17,30]],[[3019,1263],[-5,0],[0,29],[-9,0],[-18,-18],[-8,1]],[[2979,1275],[4,37],[-19,0],[7,12],[0,13],[20,4],[11,11],[54,0],[0,-42]],[[3700,2273],[-6,2],[-14,-4],[1,9],[7,3],[0,2],[0,3],[2,2],[-7,17],[0,8],[-44,-22],[8,97],[66,-21],[-18,-70],[4,-3],[41,23],[10,-28],[-21,-8],[-29,-10]],[[2505,2029],[6,-11]],[[2511,2018],[-10,-6],[-6,11],[10,6]],[[2505,2029],[10,6]],[[2515,2035],[1,-1]],[[2521,2023],[-10,-5]],[[2505,2029],[-5,10],[10,6]],[[2515,2036],[0,-1]],[[3220,1095],[-8,-15],[-15,11],[-1,6]],[[3196,1097],[0,4]],[[3196,1101],[25,5],[-3,10]],[[3218,1116],[-2,7]],[[3216,1123],[42,7],[11,7],[14,13],[-2,32]],[[3338,1173],[6,-8]],[[3344,1165],[-32,-43],[-8,-8]],[[3580,1325],[4,-9],[71,-64],[-6,36],[53,7],[13,0],[12,-8],[-19,-39],[-9,-26],[-16,-10],[-28,19],[-46,50],[-25,2],[-58,19],[-15,15],[-14,3],[6,7],[6,-5],[14,8],[35,-1],[22,-4]],[[3454,976],[-11,-15]],[[3443,961],[-18,-25],[-49,0],[0,16],[-26,1],[0,-26],[14,0],[0,-19],[-23,-33]],[[3341,875],[-1,-3],[-18,18],[-11,8],[-7,16],[0,9],[10,0],[6,15],[8,-6],[17,33],[-7,5],[6,20],[8,4],[7,9],[11,1],[11,13],[8,0],[11,10],[19,-18]],[[3419,1009],[35,-33]],[[3019,1194],[-8,0]],[[3011,1194],[0,32],[2,23],[-10,0],[0,-10],[-19,0],[-5,22],[0,14]],[[3079,1124],[-27,0],[0,7]],[[3036,1122],[7,-3],[5,9]],[[3144,1110],[-4,-5],[-3,-15],[-14,-2],[-8,-9],[-20,-4],[-2,-3]],[[3093,1072],[-2,3]],[[3021,1014],[-12,-23]],[[3009,991],[-12,2],[0,-18]],[[2997,975],[-19,-23],[-7,2],[-11,9],[1,16],[0,70],[6,16]],[[2967,1065],[47,-7],[5,4],[4,10],[6,2],[-1,10]],[[3028,1084],[-1,35]],[[3019,964],[1,0]],[[3002,902],[-24,1],[-1,-31],[-12,4],[-10,-3],[-16,-21],[-9,-6],[-8,1],[7,12],[-7,12],[-6,4],[0,10]],[[2916,885],[0,33],[3,13],[8,16],[7,2],[38,-2],[7,2],[7,-14],[11,20],[0,20]],[[3009,991],[6,-1],[-2,-36],[5,9]],[[2907,1310],[-22,-2],[-6,-5],[-18,0],[6,9],[-4,7],[7,4],[3,15],[23,5],[31,1],[5,-8]],[[2838,1315],[-10,9],[-1,15],[12,3],[12,0],[-2,-15],[11,-10],[-1,-33],[-13,-2]],[[2944,1372],[17,-9],[1,-13],[-33,1],[-4,4],[0,9],[-15,-1],[-13,-5],[-10,1],[0,-8],[-13,-3],[-9,10],[-6,-13],[-13,0],[-10,6],[4,14]],[[2840,1365],[0,9],[-8,12],[6,10],[28,8]],[[2522,1301],[34,-9],[-2,-14],[-10,-1],[-8,3],[1,-17],[-13,-5],[-3,9]],[[2788,1231],[11,-9],[-1,-4],[-19,-7],[-3,-10],[-17,3],[-19,-11],[-8,18],[-11,6],[7,6],[7,-7],[10,-1],[9,12],[8,1],[11,-5],[10,0],[5,8]],[[2916,885],[-16,0],[-20,27],[-2,9],[7,9],[4,17],[-22,22],[-1,6],[15,0],[0,11],[18,1],[-3,42],[-14,7],[-3,6],[10,13],[20,-1],[14,19]],[[2923,1073],[44,-8]],[[3443,961],[6,-8],[-1,-23],[4,-9]],[[3452,921],[1,-3]],[[3453,918],[-6,-6],[-8,7],[-4,-9],[8,-19],[-1,-20],[-5,-3],[-5,-13],[-19,0],[-5,-12],[-8,-4],[-5,4],[3,17],[-1,10],[-5,7],[-26,0],[-2,-8],[-23,6]],[[2294,878],[1,-1],[5,1],[2,-1],[2,0],[1,1]],[[2307,881],[1,1]],[[2309,882],[1,0]],[[2314,884],[7,1]],[[2336,879],[-3,-8],[4,-15],[22,-6],[3,-15],[8,-10],[12,-13],[1,-19],[16,0],[36,-33],[1,61],[11,-16],[10,-3],[33,0],[1,-40],[10,0],[-10,-13],[0,-7],[-5,-12],[1,-8],[-4,-8],[-13,-11],[-11,-6],[-10,0],[-6,-31],[-10,-21],[3,-11],[-8,-5],[4,-11],[-27,1],[-2,-10],[38,-4],[2,-17],[-11,8],[-28,8],[-12,-4],[-9,1],[-28,-6],[-9,5],[-6,11],[0,6],[-6,4],[15,28]],[[2318,885],[-2,0]],[[2305,878],[-2,-1]],[[2300,879],[-5,0]],[[3216,1123],[-8,2],[-22,1],[-5,5],[-14,3]],[[3203,1257],[10,3],[33,-36]],[[3196,1101],[-16,1],[0,8],[8,6],[30,0]],[[3220,1044],[-3,2],[-10,16],[-22,23],[3,7],[8,5]],[[3177,989],[7,-2]],[[3184,969],[-24,2],[-15,-2],[-21,-7],[-19,-12],[18,31],[-40,-28],[-20,-18],[-7,-14]],[[3415,1396],[-2,-10],[7,-11],[15,-9],[8,-17],[-4,-9],[-9,3],[-5,18],[-10,10],[-13,0],[-25,20],[-30,15],[-6,8],[-1,10],[-7,-2],[-12,16],[5,14],[12,10],[0,8],[22,-1],[34,5],[57,7],[19,1],[26,-1],[-10,-7],[-13,-5],[-7,-24],[0,-62],[-51,27],[0,-14]],[[3344,1165],[10,15],[24,13],[7,6],[16,6],[11,0],[4,14],[18,0],[2,6],[8,6]],[[3444,1231],[0,-29]],[[3444,1202],[-54,-40],[-21,-17],[-7,-11],[-13,-24],[-4,-7],[-9,-15],[-2,-5],[-4,-10],[-1,-4],[-3,-12],[1,-16],[2,-8],[-3,-1],[0,-5]],[[2630,1036],[-85,0]],[[2744,1038],[5,-15],[-14,-18],[-1,-5],[9,-3],[8,6],[22,2],[0,-23],[-4,-1],[-5,-15],[-7,5],[0,10],[-9,1],[-3,-7],[-8,-5],[3,-9],[-25,-11],[-5,-7],[-6,1],[-18,-28],[-13,4],[6,11],[-2,7],[10,21],[20,11],[0,-16],[11,2],[2,10],[5,6],[-21,7],[-7,9],[-11,2],[-6,-6],[-9,-13],[8,-14],[-13,-14],[-9,-1],[-7,7],[-1,9],[-5,13],[-10,-3],[3,-16],[-2,-5],[-11,3],[-9,9],[-10,-4],[-7,4],[7,15],[39,0]],[[2630,997],[0,24]],[[2545,1006],[-1,-32]],[[2544,974],[45,0],[-2,-12],[-11,5],[-6,-15],[5,-6],[-21,-31],[-44,38],[14,20],[1,12],[-5,2]],[[2923,1073],[-1,29]],[[2922,1102],[106,-18]],[[2922,1102],[-15,8],[0,62]],[[2907,1172],[87,-3]],[[2907,1172],[-15,51],[4,20],[9,0],[7,-7],[8,-2],[10,9],[5,-7],[12,2],[5,5],[0,8],[-5,9],[6,14],[25,-49],[-16,-20],[23,-11],[26,0]],[[2840,1365],[-24,0],[-1,11],[-10,0],[-4,-11],[-19,-1],[0,-11],[42,-1],[-8,-9],[-46,0]],[[2770,1343],[1,77]],[[2770,1343],[-9,0],[-7,10],[0,14],[-4,4],[-14,5],[-3,14],[8,0],[0,13],[-4,15],[20,2]],[[3452,921],[-1,12],[7,19],[1,19],[-5,5]],[[3454,976],[-35,33]],[[3419,1009],[73,88],[49,-47],[13,-15],[38,-36],[73,-74],[9,-13],[57,-81],[29,-40],[42,-60],[-8,-8],[-42,-49],[-24,-23],[-29,-23],[-40,59],[-46,70],[-24,36],[-46,41],[-56,52],[-34,32]],[[3177,989],[-27,43],[5,9],[7,3],[17,1],[8,-2],[14,-18],[0,-14],[5,-5],[0,-10],[18,-23],[-6,1],[-14,-5],[-13,22]],[[3211,959],[8,7],[9,-10],[37,-4],[12,-8],[5,-7],[-2,-15],[-19,1],[-16,-2],[-6,5]],[[3236,909],[4,4],[17,0],[17,-8],[8,1],[28,-23],[7,4],[19,-22],[-20,-15],[-24,10],[-22,2],[-26,31],[-8,16]],[[3249,1300],[-1,17],[34,34],[46,-1],[49,-15],[7,-15],[-13,-1],[-4,-11],[30,-16],[29,5],[7,0],[1,-33],[23,3],[-1,-11],[-6,-12],[-7,-2],[-1,-10],[-29,7]],[[3444,1231],[0,11],[6,0],[8,17],[8,-3],[3,-2],[9,-2],[1,-2],[-2,-9],[9,-5],[3,13],[7,-8],[20,4],[3,-11],[-2,-26],[-24,5],[-27,-3],[-22,-8]],[[3488,1250],[-3,-6],[-7,-3],[2,9],[-1,3],[-3,1],[-10,4],[-13,17],[-3,18],[-14,29],[21,-7],[6,-26],[16,-27],[9,-12]],[[2880,1222],[-16,0],[-6,22],[-18,3],[-2,13],[32,8],[13,-20],[-3,-26]],[[3991,2526],[18,-17],[8,-12],[7,-15],[5,-22],[0,-8],[-12,-8],[-43,-17],[-26,-13],[-28,-19],[-9,-9],[-31,-17],[-11,-3],[-36,-16],[-22,-18],[-27,-30],[-14,-8],[-48,-19],[-21,-2],[-10,-3],[-26,-14],[-12,-3],[-48,-25],[-21,10],[34,20],[20,10],[43,17],[8,3],[8,2],[15,6],[20,8],[7,3],[5,4],[8,4],[6,4],[22,11],[36,26],[23,19],[39,24],[44,25],[21,6],[34,16],[12,7],[14,17],[0,15],[-7,20],[-10,11],[-13,8],[-39,19],[12,8],[12,-6],[21,-7],[12,-12]],[[3568,2231],[-14,-5],[-11,-7],[-7,0],[2,8],[5,5],[6,3],[19,-4]],[[2033,1505],[43,-1],[4,34],[0,29],[-3,6],[-21,0],[-29,5],[-4,13],[1,19],[-5,28],[29,3],[7,-1],[14,-25],[12,-6],[10,-11],[6,-14],[32,-50],[5,-5]],[[2144,1487],[-2,-9],[-3,-29],[6,-3],[21,19],[7,0],[19,-14],[9,-10],[-5,-14],[-5,-5],[-27,-9],[-6,3],[-10,11],[-6,-3],[0,-39],[-5,-5],[-14,-5],[0,-23],[4,-6],[28,-4],[7,-12],[-2,-14],[7,-4],[-10,-28],[-6,-4],[-25,15],[-5,5],[3,21],[1,15],[-7,-1],[-24,-20],[-3,-15],[-6,-6],[-25,0]],[[2513,2080],[-8,1]],[[2505,2081],[1,3]],[[2506,2084],[1,3]],[[2507,2087],[-1,5],[-5,3]],[[2501,2095],[-2,1]],[[2499,2096],[26,25],[23,22],[13,0],[4,-6],[-24,-69],[-7,-1],[4,-12],[-14,6],[-6,9],[0,9],[-5,1]],[[2489,2279],[6,5],[16,2],[-5,-12],[-1,-20],[-10,-18],[7,-16],[-3,-18],[15,-27],[7,-6],[-2,-12],[-9,-5],[-9,-11],[6,36],[-12,0],[-6,-1],[-1,0],[-11,1],[-2,-9],[-10,-31],[-2,-14],[-7,6],[-1,1],[-2,1],[0,2],[0,15],[-6,10],[-26,37],[-2,12],[39,37],[14,6],[4,12],[13,17]],[[2520,2157],[1,12],[-7,7],[-12,22],[-2,10],[4,14],[-7,10],[5,11],[19,-2],[2,-17],[6,-11],[4,-19],[6,-15],[1,-9],[-8,-8],[-12,-5]],[[3184,1366],[3,-11],[12,3],[5,-16],[-7,-10],[2,-8],[-4,-12],[-10,-10],[3,-12],[-16,-1]],[[3168,1283],[20,0],[5,-12],[-1,-8]],[[2505,2081],[1,3]],[[2507,2087],[6,-7]],[[2499,2096],[2,-1]],[[2496,2105],[0,-9],[6,-2],[4,-7],[-1,-5],[2,-3],[7,-3],[-3,-4],[-3,-3],[-5,-4],[-2,-4],[-2,-2],[-4,-17],[-18,-13],[-10,-11],[-10,-16],[-19,-12],[-15,-5],[-24,-113],[-113,54],[6,26],[21,-10],[6,27],[22,-3],[27,0],[1,59],[-24,0],[-27,-21],[-14,0],[0,20],[23,1],[1,43],[22,1],[-7,36],[8,4],[9,-16],[35,-2],[-1,-16],[13,0],[-2,-33],[-18,-2],[-2,-14],[-12,-15],[30,-27],[14,5],[12,4],[27,62],[-24,45],[13,52],[7,-24],[8,3],[2,26],[10,19],[10,3],[4,-2],[6,-3],[5,-3],[-2,-22],[5,-5],[-5,-15],[-2,-19],[3,-5]],[[2074,2355],[-9,-7],[-13,13],[-11,-1],[-3,-6],[3,-8],[-8,-1],[-2,-5],[-14,-1],[-8,3],[-6,10],[-10,-2],[3,34],[18,0],[30,6],[17,-13],[10,-14],[3,-8]],[[1993,2349],[7,-14],[-8,-1],[1,15]],[[1724,2932],[4,4],[12,9],[14,-14],[7,10],[35,-44],[2,-21],[4,-10],[-10,-29],[-20,11],[-23,25],[-36,25],[5,27],[6,7]],[[1207,2694],[37,1],[19,-17],[1,-31],[3,-1],[46,1],[14,-30],[6,-13],[-5,6],[-3,2],[-2,-1],[-2,-11],[-6,-5],[-3,-3],[-3,-3],[-2,-1],[-5,7],[-21,8],[-26,3],[-29,32],[-22,21],[3,35]],[[1262,2779],[-19,-17],[-7,5],[-56,43],[29,23],[13,-1],[32,0],[-11,-12],[-4,-8],[17,-15],[4,2],[57,27],[-4,-8],[-6,-10],[-19,-19],[-16,-9],[-10,-1]],[[702,3994],[7,16],[4,3],[-2,21],[-8,18],[-11,9],[-6,10],[-15,12],[-3,9],[8,20],[-9,11],[13,25],[11,-2],[0,16],[-8,0],[0,15],[24,0],[0,-15],[12,0],[0,-21],[45,-1],[0,16],[-18,0],[-2,11],[-13,0],[1,46],[81,2],[0,-34],[5,-1],[1,-39],[-6,-1],[-3,-97],[-3,-2],[-5,0],[-8,0],[0,-16],[-12,-4],[0,-11],[0,-9],[7,-20],[-3,-46],[5,0],[4,-9],[62,0],[1,-9],[0,-42],[-53,1],[-87,61],[-11,41],[-5,16]],[[1759,3229],[-20,-1],[-18,-1],[0,67],[13,-11],[11,-6],[14,-16],[-1,-22],[1,-10]],[[3386,3220],[-18,-8],[1,-11],[-11,-6],[4,-20],[-1,-4],[-23,-6],[-2,10],[10,6],[-8,19],[-9,-1],[-5,13],[-5,5],[-16,-2],[-22,-8],[-7,3],[-8,-8],[-2,-6],[-11,4],[-12,27],[8,1],[11,7],[-20,7],[7,10],[-11,0],[23,62],[44,-3],[10,-33],[33,-8],[9,-9],[-2,-6],[3,-11],[16,14],[23,-20],[2,-13],[-11,-5]],[[2205,4124],[6,-7],[-12,-11],[14,-13],[0,-6],[-41,38],[-23,6],[-68,17],[-12,3],[18,32],[2,19],[6,14],[31,-32],[29,-16],[8,4],[16,15],[25,-24],[-17,-20],[18,-19]],[[1939,4500],[14,15]],[[1953,4515],[10,9],[17,9],[0,-46],[11,-11],[-10,-18],[0,-53],[-8,-4],[-15,-16],[-8,-15],[-36,-2],[-1,10],[5,17],[1,28],[1,19],[-3,9],[2,17],[5,5],[5,16],[10,11]],[[2391,4424],[7,-48],[-22,-7],[-19,1],[-12,4],[-6,7],[-13,1],[-5,3],[-12,1],[-9,-9],[-9,-2],[-5,-5],[-6,2],[4,15],[9,12],[-16,13],[4,15],[-7,5],[-4,-6],[-15,-4],[-13,0],[-3,-9],[-7,-8],[-8,0],[-9,-15],[-15,11],[4,21],[4,10],[-19,14],[-14,-29],[-5,-7],[-18,-15],[-8,10],[-7,6],[7,7],[8,13],[8,10],[15,10],[-1,7],[-19,4],[-34,-1],[-4,4],[7,14],[4,3],[73,1],[-9,-4],[-4,-16],[13,-7],[8,1],[-3,6],[-4,4],[4,6],[1,2],[-1,6],[3,2],[7,-2],[0,-8],[1,-1],[7,0],[3,-1],[7,-1],[-1,-5],[2,-3],[5,0]],[[2212,4483],[13,1]],[[2225,4483],[1,1],[55,1],[0,17],[12,2],[0,10],[7,1],[5,1],[2,2],[18,-5],[9,3],[12,-15],[13,-21],[24,-33],[7,-14],[1,-9]],[[2202,4483],[6,0]],[[2292,4515],[0,-10],[-11,-3],[-3,73],[1,20],[17,-10],[15,-18],[0,-29],[8,-22],[-10,3],[-5,0],[-2,-3],[-8,0],[-2,-1]],[[2220,4012],[4,3],[19,3],[5,5],[38,1],[1,-39],[-47,-10],[-24,-16],[1,-2],[0,-1],[0,-1],[1,-17],[-1,0],[-1,0],[-2,0],[-12,0],[-4,0],[-12,11],[-9,5],[-8,0],[-11,9],[4,5],[39,18],[12,9],[7,17]]],"transform":{"scale":[0.0008101206227264773,0.0007698643878230448],"translate":[99.84400391159166,-1.431299289252107]},"objects":{"gfw_konsesi":{"type":"GeometryCollection","geometries":[{"arcs":[[0]],"type":"Polygon","properties":{"group":"No group","hgu":" ","name":"PT. AGRO WIRATAMA 1","company":"PT. AGRO WIRATAMA","area_ha":10583,"type":" ","layer":"gfw_konsesi"}},{"arcs":[[1,2,3,4,5,6,7,8,9]],"type":"Polygon","properties":{"group":"No group","hgu":" ","name":"PT. ALAM PERMAI SUMBAR NUSA 1","company":"PT. ALAM PERMAI SUMBAR NUSA","area_ha":744,"type":" ","layer":"gfw_konsesi"}},{"arcs":[[10,-7]],"type":"Polygon","properties":{"group":"No group","hgu":" ","name":"PT. ANAM KOTO 1","company":"PT. ANAM KOTO","area_ha":4257,"type":" ","layer":"gfw_konsesi"}},{"arcs":[[11,-5]],"type":"Polygon","properties":{"group":"No group","hgu":" ","name":"PT. ANAM KOTO 2","company":"PT. ANAM KOTO","area_ha":23,"type":" ","layer":"gfw_konsesi"}},{"arcs":[[12,-10]],"type":"Polygon","properties":{"group":"No group","hgu":" ","name":"PT. ANAM KOTO 3","company":"PT. ANAM KOTO","area_ha":2,"type":" ","layer":"gfw_konsesi"}},{"arcs":[[13,-3]],"type":"Polygon","properties":{"group":"No group","hgu":" ","name":"PT. ANAM KOTO 4","company":"PT. ANAM KOTO","area_ha":0,"type":" ","layer":"gfw_konsesi"}},{"arcs":[[14,-8]],"type":"Polygon","properties":{"group":"No group","hgu":" ","name":"PT. ANAM KOTO 5","company":"PT. ANAM KOTO","area_ha":0,"type":" ","layer":"gfw_konsesi"}},{"arcs":[[15]],"type":"Polygon","properties":{"group":"No group","hgu":" ","name":"PT. BAKRIE NUSANTARA PLANTATION","company":"PT. BAKRIE NUSANTARA PLANTATION","area_ha":588,"type":" ","layer":"gfw_konsesi"}},{"arcs":[[16]],"type":"Polygon","properties":{"group":"No group","hgu":" ","name":"PT. SCORPIO KEBUN TELADAN 1","company":"PT. SCORPIO KEBUN TELADAN","area_ha":3364,"type":" ","layer":"gfw_konsesi"}},{"arcs":[[17]],"type":"Polygon","properties":{"group":"No group","hgu":" ","name":"PT. SCORPIO KEBUN TELADAN 2","company":"PT. SCORPIO KEBUN TELADAN","area_ha":1750,"type":" ","layer":"gfw_konsesi"}},{"arcs":[[18]],"type":"Polygon","properties":{"group":"No group","hgu":" ","name":"PT. SELAGO MAKMUR PLANTATION 1","company":"PT. SELAGO MAKMUR PLANTATION","area_ha":1235,"type":" ","layer":"gfw_konsesi"}},{"arcs":[[19]],"type":"Polygon","properties":{"group":"No group","hgu":" ","name":"PT. TIDAR KERINCI AGUNG (II)","company":"PT. TIDAR KERINCI AGUNG (II)","area_ha":8306,"type":" ","layer":"gfw_konsesi"}},{"arcs":[[20]],"type":"Polygon","properties":{"group":"No group","hgu":" ","name":"PT. INDO SEPADAN JAYA","company":"PT. INDO SEPADAN JAYA","area_ha":3423,"type":" ","layer":"gfw_konsesi"}},{"arcs":[[21]],"type":"Polygon","properties":{"group":"No group","hgu":" ","name":"PT. ABDI BUDI MULYA","company":"PT. ABDI BUDI MULYA","area_ha":11153,"type":" ","layer":"gfw_konsesi"}},{"arcs":[[22]],"type":"Polygon","properties":{"group":"No group","hgu":" ","name":"PT. TAPIAN NADENGGAN","company":"PT. TAPIAN NADENGGAN","area_ha":5456,"type":" ","layer":"gfw_konsesi"}},{"arcs":[[23]],"type":"Polygon","properties":{"group":"No group","hgu":" ","name":"PT. TORGANDA 1","company":"PT. TORGANDA","area_ha":9132,"type":" ","layer":"gfw_konsesi"}},{"arcs":[[24]],"type":"Polygon","properties":{"group":"No group","hgu":" ","name":"PT. PERKEBUNAN VII","company":"PT. PERKEBUNAN VII","area_ha":16994,"type":" ","layer":"gfw_konsesi"}},{"arcs":[[25]],"type":"Polygon","properties":{"group":"No group","hgu":" ","name":"PT. CISADANE SAWIT RAYA","company":"PT. CISADANE SAWIT RAYA","area_ha":8317,"type":" ","layer":"gfw_konsesi"}},{"arcs":[[26]],"type":"Polygon","properties":{"group":"No group","hgu":" ","name":"PT. WANANAULI NUSAPERSADA","company":"PT. WANANAULI NUSAPERSADA","area_ha":7838,"type":" ","layer":"gfw_konsesi"}},{"arcs":[[27]],"type":"Polygon","properties":{"group":"No group","hgu":" ","name":"PT. PERKEBUNAN VI","company":"PT. PERKEBUNAN VI","area_ha":3364,"type":" ","layer":"gfw_konsesi"}},{"arcs":[[28]],"type":"Polygon","properties":{"group":"No group","hgu":" ","name":"PT. DAYA LABUHAN INDAH","company":"PT. DAYA LABUHAN INDAH","area_ha":5246,"type":" ","layer":"gfw_konsesi"}},{"arcs":[[29]],"type":"Polygon","properties":{"group":"No group","hgu":" ","name":"PT. CIPTA JAYA RAYA","company":"PT. CIPTA JAYA RAYA","area_ha":1302,"type":" ","layer":"gfw_konsesi"}},{"arcs":[[30]],"type":"Polygon","properties":{"group":"No group","hgu":" ","name":"PT. SURYA MAKMUR","company":"PT. SURYA MAKMUR","area_ha":1794,"type":" ","layer":"gfw_konsesi"}},{"arcs":[[31]],"type":"Polygon","properties":{"group":"No group","hgu":" ","name":"PT. SUNGAI PINANG 6","company":"PT. SUNGAI PINANG","area_ha":789,"type":" ","layer":"gfw_konsesi"}},{"arcs":[[32]],"type":"Polygon","properties":{"group":"No group","hgu":" ","name":"PT. SUNGAI PINANG 7","company":"PT. SUNGAI PINANG","area_ha":73,"type":" ","layer":"gfw_konsesi"}},{"arcs":[[33]],"type":"Polygon","properties":{"group":"No group","hgu":" ","name":"PT. SUNGAI PINANG 8","company":"PT. SUNGAI PINANG","area_ha":1486,"type":" ","layer":"gfw_konsesi"}},{"arcs":[[34]],"type":"Polygon","properties":{"group":"No group","hgu":" ","name":"PT. EKA PENDAWA SAKTI","company":"PT. EKA PENDAWA SAKTI","area_ha":6286,"type":" ","layer":"gfw_konsesi"}},{"arcs":[[35]],"type":"Polygon","properties":{"group":"No group","hgu":" ","name":"PT. MENDAHARA AGRO JAYA INDUSTRI  (I)","company":"PT. MENDAHARA AGRO JAYA INDUSTRI  (I)","area_ha":5885,"type":" ","layer":"gfw_konsesi"}},{"arcs":[[36]],"type":"Polygon","properties":{"group":"No group","hgu":" ","name":"PT. RIGUNAS AGRI UTAMA","company":"PT. RIGUNAS AGRI UTAMA","area_ha":19394,"type":" ","layer":"gfw_konsesi"}},{"arcs":[[37]],"type":"Polygon","properties":{"group":"No group","hgu":" ","name":"PT. KASWARI UNGGUL 1","company":"PT. KASWARI UNGGUL","area_ha":2035,"type":" ","layer":"gfw_konsesi"}},{"arcs":[[38]],"type":"Polygon","properties":{"group":"No group","hgu":" ","name":"PT. KASWARI UNGGUL 3","company":"PT. KASWARI UNGGUL","area_ha":3846,"type":" ","layer":"gfw_konsesi"}},{"arcs":[[39,40,41,42]],"type":"Polygon","properties":{"group":"No group","hgu":" ","name":"PT. AGROWIYANA (II)","company":"PT. AGROWIYANA (II)","area_ha":1061,"type":" ","layer":"gfw_konsesi"}},{"arcs":[[43,44]],"type":"Polygon","properties":{"group":"No group","hgu":" ","name":"PT. WIRAKARYA SAKTI","company":"PT. WIRAKARYA SAKTI","area_ha":1122,"type":" ","layer":"gfw_konsesi"}},{"arcs":[[-42,45,-44,46]],"type":"Polygon","properties":{"group":"No group","hgu":" ","name":"PT. AGROWIYANA (I)","company":"PT. AGROWIYANA (I)","area_ha":12688,"type":" ","layer":"gfw_konsesi"}},{"arcs":[[47,48]],"type":"Polygon","properties":{"group":"No group","hgu":" ","name":"PT. BUKIT KAUSAR (III)","company":"PT. BUKIT KAUSAR (III)","area_ha":5526,"type":" ","layer":"gfw_konsesi"}},{"arcs":[[49]],"type":"Polygon","properties":{"group":"No group","hgu":" ","name":"PT. ANEKAPURA MULTI KERTA","company":"PT. ANEKAPURA MULTI KERTA","area_ha":481,"type":" ","layer":"gfw_konsesi"}},{"arcs":[[-48,50]],"type":"Polygon","properties":{"group":"No group","hgu":" ","name":"PT. DASA ANUGERAH SEJATI 2","company":"PT. DASA ANUGERAH SEJATI","area_ha":9425,"type":" ","layer":"gfw_konsesi"}},{"arcs":[[51]],"type":"Polygon","properties":{"group":"No group","hgu":" ","name":"PT. TRI MITRA LESTARI 1","company":"PT. TRI MITRA LESTARI","area_ha":510,"type":" ","layer":"gfw_konsesi"}},{"arcs":[[-40,52]],"type":"Polygon","properties":{"group":"No group","hgu":" ","name":"PT. TRI MITRA LESTARI 2","company":"PT. TRI MITRA LESTARI","area_ha":3756,"type":" ","layer":"gfw_konsesi"}},{"arcs":[[53]],"type":"Polygon","properties":{"group":"No group","hgu":" ","name":"ANDALAS WAHANA BERJAYA","company":"ANDALAS WAHANA BERJAYA","area_ha":8891,"type":" ","layer":"gfw_konsesi"}},{"arcs":[[54]],"type":"Polygon","properties":{"group":"No group","hgu":" ","name":"PT. SELAGO MAKMUR PLANTATION 2","company":"PT. SELAGO MAKMUR PLANTATION","area_ha":6567,"type":" ","layer":"gfw_konsesi"}},{"arcs":[[55]],"type":"Polygon","properties":{"group":"No group","hgu":" ","name":"SUMBAR ANDALAS KENCANA","company":"SUMBAR ANDALAS KENCANA","area_ha":14143,"type":" ","layer":"gfw_konsesi"}},{"arcs":[[56]],"type":"Polygon","properties":{"group":"No group","hgu":" ","name":"PT. AGRA MASANG PERKASA 1","company":"PT. AGRA MASANG PERKASA","area_ha":812,"type":" ","layer":"gfw_konsesi"}},{"arcs":[[57]],"type":"Polygon","properties":{"group":"No group","hgu":" ","name":"PT. ALAM PERMAI SUMBAR NUSA 2","company":"PT. ALAM PERMAI SUMBAR NUSA","area_ha":410,"type":" ","layer":"gfw_konsesi"}},{"arcs":[[58]],"type":"Polygon","properties":{"group":"No group","hgu":" ","name":"BANGUN AGAM PERMAI","company":"BANGUN AGAM PERMAI","area_ha":570,"type":" ","layer":"gfw_konsesi"}},{"arcs":[[59]],"type":"Polygon","properties":{"group":"No group","hgu":" ","name":"PASAMAN PERMAI","company":"PASAMAN PERMAI","area_ha":1981,"type":" ","layer":"gfw_konsesi"}},{"arcs":[[60]],"type":"Polygon","properties":{"group":"Duta Palma Group","hgu":" ","name":"PT. PALMA SATU","company":"PT. PALMA SATU","area_ha":14554,"type":"Izin Lokasi","layer":"gfw_konsesi"}},{"arcs":[[61,62]],"type":"Polygon","properties":{"group":"No group","hgu":" ","name":"PT. DWIMAJAYA UTAMA","company":"PT. DWIMAJAYA UTAMA","area_ha":11151,"type":"Pencadangan","layer":"gfw_konsesi"}},{"arcs":[[63,64,65,66,67,68,69]],"type":"Polygon","properties":{"group":"No group","hgu":" ","name":"PT. ADEI CRUMB RUBBER 1","company":"PT. ADEI CRUMB RUBBER","area_ha":13324,"type":"Pencadangan","layer":"gfw_konsesi"}},{"arcs":[[-65,70,71,-67,72]],"type":"Polygon","properties":{"group":"Surya Dumai Group","hgu":" ","name":"PT. PERDANA INTI SAWIT","company":"PT. PERDANA INTI SAWIT","area_ha":11191,"type":"HGU","layer":"gfw_konsesi"}},{"arcs":[[73,74,75,76]],"type":"Polygon","properties":{"group":"Rokan Group","hgu":" ","name":"PT. ROKAN ERA SUBUR","company":"PT. ROKAN ERA SUBUR","area_ha":13418,"type":"HGU","layer":"gfw_konsesi"}},{"arcs":[[77]],"type":"Polygon","properties":{"group":"No group","hgu":"No. 55/HGU/BPN/2000","name":"PT. TRISETYA USAHA MANDIRI 1","company":"PT. TRISETYA USAHA MANDIRI","area_ha":24289,"type":"HGU","layer":"gfw_konsesi"}},{"arcs":[[78]],"type":"Polygon","properties":{"group":"Duta Palma Group","hgu":"No. 58/HGU/BPN/96","name":"PT. ELUAN MAHKOTA","company":"PT. ELUAN MAHKOTA","area_ha":7536,"type":"HGU","layer":"gfw_konsesi"}},{"arcs":[[79,80]],"type":"Polygon","properties":{"group":"No group","hgu":"No. 19/HGU/BPN/98","name":"PT. TEGUH KARSAWANA LESTARI","company":"PT. TEGUH KARSAWANA LESTARI","area_ha":6842,"type":"HGU","layer":"gfw_konsesi"}},{"arcs":[[81,82,83,84]],"type":"Polygon","properties":{"group":"Dumai Indah Group","hgu":"No. 42/HGU/BPN/94","name":"PT. INTI KAMPARINDO SEJAHTERA","company":"PT. INTI KAMPARINDO SEJAHTERA","area_ha":8441,"type":"HGU","layer":"gfw_konsesi"}},{"arcs":[[[85,86,87,88,89,90]],[[91]]],"type":"MultiPolygon","properties":{"group":"KLK","hgu":"No. 36/HGU/BPN/94","name":"PT. SEKAR BUMI ALAM LESTARI","company":"PT. SEKAR BUMI ALAM LESTARI","area_ha":6139,"type":"HGU","layer":"gfw_konsesi"}},{"arcs":[[92,93,94,95,96,97,98,-90]],"type":"Polygon","properties":{"group":"Sinar Mas","hgu":"No. 91/HGU/BPN/97","name":"PT. BUANA WIRA LESTARI 1","company":"PT. BUANA WIRA LESTARI","area_ha":10424,"type":"HGU","layer":"gfw_konsesi"}},{"arcs":[[99,100]],"type":"Polygon","properties":{"group":"Surya Dumai Group","hgu":" ","name":"PT. PRIATAMA RIAU","company":"PT. PRIATAMA RIAU","area_ha":6757,"type":"Aspek PGT","layer":"gfw_konsesi"}},{"arcs":[[101,102,-100]],"type":"Polygon","properties":{"group":"Astra International","hgu":"No. 134/HGU/BPN/97","name":"PT. KIMIA TIRTA UTAMA","company":"PT. KIMIA TIRTA UTAMA","area_ha":8648,"type":"HGU","layer":"gfw_konsesi"}},{"arcs":[[103,104,105,106,107,108,109,110,111,112,113,114,115,116,117,118,119,120,121,122,123,124,125,126,127,128,129,130,131,132,133,134,135,136,137]],"type":"Polygon","properties":{"group":"RGE Group","hgu":"No. 63/HGU/BPN/96","name":"PT. TUNGGAL YUNUS","company":"PT. TUNGGAL YUNUS","area_ha":5414,"type":"HGU","layer":"gfw_konsesi"}},{"arcs":[[138,139,140,141,142,143,144,145,146,147,148,149,150,151,152,153,154,155,156,157,158,159,160,161,162,163,164,165,166,167,168,169]],"type":"Polygon","properties":{"group":"RGE Group","hgu":" ","name":"PT. INTI INDO SAWIT SUBUR 2","company":"PT. INTI INDO SAWIT SUBUR","area_ha":9101,"type":" ","layer":"gfw_konsesi"}},{"arcs":[[170,171,172,173]],"type":"Polygon","properties":{"group":"RGE Group","hgu":" ","name":"PT. INTI INDO SAWIT SUBUR 3","company":"PT. INTI INDO SAWIT SUBUR","area_ha":20,"type":" ","layer":"gfw_konsesi"}},{"arcs":[[174,175]],"type":"Polygon","properties":{"group":"RGE Group","hgu":" ","name":"PT. INTI INDO SAWIT SUBUR 4","company":"PT. INTI INDO SAWIT SUBUR","area_ha":0,"type":" ","layer":"gfw_konsesi"}},{"arcs":[[176]],"type":"Polygon","properties":{"group":"Surya Dumai Group","hgu":"No. 41/HGU/BPN/94","name":"PT. SURYA INTI SARI RAYA 1","company":"PT. SURYA INTI SARI RAYA","area_ha":4980,"type":"HGU","layer":"gfw_konsesi"}},{"arcs":[[177,178]],"type":"Polygon","properties":{"group":"Sime Darby","hgu":"No. 41/HGU/BPN/99","name":"PT. ANEKA INTI PERSADA","company":"PT. ANEKA INTI PERSADA","area_ha":12497,"type":"HGU","layer":"gfw_konsesi"}},{"arcs":[[179]],"type":"Polygon","properties":{"group":"No group","hgu":" ","name":"PT. PADASA ENAM UTAMA 1","company":"PT. PADASA ENAM UTAMA","area_ha":5288,"type":" ","layer":"gfw_konsesi"}},{"arcs":[[180,181]],"type":"Polygon","properties":{"group":"Sinar Mas","hgu":"No. 61/HGU/BPN/94","name":"PT. RAMAJAYA PRAMUKTI","company":"PT. RAMAJAYA PRAMUKTI","area_ha":8751,"type":"HGU","layer":"gfw_konsesi"}},{"arcs":[[-178,182,183,184,185]],"type":"Polygon","properties":{"group":"No group","hgu":"No. 83/HGU/BPN/94","name":"PT. TEKNIK UMUM","company":"PT. TEKNIK UMUM","area_ha":6049,"type":"HGU","layer":"gfw_konsesi"}},{"arcs":[[186]],"type":"Polygon","properties":{"group":"Surya Dumai Group","hgu":"No. 87/HGU/BPN/98","name":"PT. KARYA TAMA BAKTI MULIA 1","company":"PT. KARYA TAMA BAKTI MULIA","area_ha":6701,"type":"HGU","layer":"gfw_konsesi"}},{"arcs":[[187]],"type":"Polygon","properties":{"group":"Duta Palma Group","hgu":"No. 78/HGU/BPN/99","name":"PT. JOHAN SENTOSA","company":"PT. JOHAN SENTOSA","area_ha":6196,"type":"HGU","layer":"gfw_konsesi"}},{"arcs":[[188,189,190]],"type":"Polygon","properties":{"group":"No group","hgu":"No. 90/HGU/BPN/98","name":"PT. CIPTA DAYA SEJATI LUHUR","company":"PT. CIPTA DAYA SEJATI LUHUR","area_ha":6513,"type":"HGU","layer":"gfw_konsesi"}},{"arcs":[[191,-189,192]],"type":"Polygon","properties":{"group":"RGE Group","hgu":"No. 38/HGU/BPN/2000","name":"PT. PUSAKA MEGAH BUMI NUSANTARA","company":"PT. PUSAKA MEGAH BUMI NUSANTARA","area_ha":7303,"type":"HGU","layer":"gfw_konsesi"}},{"arcs":[[193,-190,-192]],"type":"Polygon","properties":{"group":"RGE Group","hgu":"No. 88/HGU/BPN/1999","name":"PT. RAJA GARUDA MAS SEJATI","company":"PT. RAJA GARUDA MAS SEJATI","area_ha":14837,"type":"HGU","layer":"gfw_konsesi"}},{"arcs":[[194,195]],"type":"Polygon","properties":{"group":"Surya Dumai Group","hgu":" ","name":"PT. PERTISA","company":"PT. PERTISA","area_ha":4193,"type":"HGU","layer":"gfw_konsesi"}},{"arcs":[[196]],"type":"Polygon","properties":{"group":"Salim Group","hgu":"No. 94/HGU/BPN/99","name":"PT. SERIKAT PUTRA","company":"PT. SERIKAT PUTRA","area_ha":12247,"type":"HGU","layer":"gfw_konsesi"}},{"arcs":[[197,198]],"type":"Polygon","properties":{"group":"No group","hgu":"No. 157/HGU/BPN/97","name":"PT. GANDA BUANINDO","company":"PT. GANDA BUANINDO","area_ha":2805,"type":"HGU","layer":"gfw_konsesi"}},{"arcs":[[199]],"type":"Polygon","properties":{"group":"No group","hgu":"No. 17/HGU/BPN/94","name":"PT. BLANGKOLAM 1","company":"PT. BLANGKOLAM","area_ha":4327,"type":"HGU","layer":"gfw_konsesi"}},{"arcs":[[-198,200]],"type":"Polygon","properties":{"group":"No group","hgu":" ","name":"PT. ALFA GLORY 1","company":"PT. ALFA GLORY","area_ha":2891,"type":" ","layer":"gfw_konsesi"}},{"arcs":[[201,202]],"type":"Polygon","properties":{"group":"No group","hgu":" ","name":"PT. BLANGKOLAM 2","company":"PT. BLANGKOLAM","area_ha":5025,"type":" ","layer":"gfw_konsesi"}},{"arcs":[[203]],"type":"Polygon","properties":{"group":"No group","hgu":"No. 61/HGU/BPN/2000","name":"PT. ALFA GLORY 2","company":"PT. ALFA GLORY","area_ha":970,"type":"HGU","layer":"gfw_konsesi"}},{"arcs":[[204,205]],"type":"Polygon","properties":{"group":"Duta Palma Group","hgu":" ","name":"PT. WANA JINGGA TIMUR","company":"PT. WANA JINGGA TIMUR","area_ha":4872,"type":"HGU","layer":"gfw_konsesi"}},{"arcs":[[206,207,208,209,210]],"type":"Polygon","properties":{"group":"No group","hgu":" ","name":"PT. INECDA 1","company":"PT. INECDA","area_ha":4367,"type":"HGU","layer":"gfw_konsesi"}},{"arcs":[[[211,212]],[[213,214,215,216,217,218,219,220,221,222,223]],[[224,225]]],"type":"MultiPolygon","properties":{"group":"No group","hgu":" ","name":"PT. TRI BAKTI SARIMAS","company":"PT. TRI BAKTI SARIMAS","area_ha":23908,"type":"Izin Lokasi","layer":"gfw_konsesi"}},{"arcs":[[234,235]],"type":"Polygon","properties":{"group":"No group","hgu":" ","name":"PT. RIAU SAKTI UNITED PLANT","company":"PT. RIAU SAKTI UNITED PLANT","area_ha":10767,"type":"HGU","layer":"gfw_konsesi"}},{"arcs":[[236]],"type":"Polygon","properties":{"group":"No group","hgu":"No. 20/RS/HGU/87","name":"PT. POLITANI KATULISTIWA","company":"PT. POLITANI KATULISTIWA","area_ha":1235,"type":"HGU","layer":"gfw_konsesi"}},{"arcs":[[237,238]],"type":"Polygon","properties":{"group":"Duta Palma Group","hgu":" ","name":"PT. CERENTI SUBUR","company":"PT. CERENTI SUBUR","area_ha":8086,"type":"HGU","layer":"gfw_konsesi"}},{"arcs":[[239]],"type":"Polygon","properties":{"group":"No group","hgu":"No. 48/HGU/BPN/96","name":"PT. SARPINDOGRAHA SAWIT TANI 1","company":"PT. SARPINDOGRAHA SAWIT TANI","area_ha":4292,"type":"HGU","layer":"gfw_konsesi"}},{"arcs":[[240]],"type":"Polygon","properties":{"group":"No group","hgu":"No. 47/HGU/BPN/96","name":"PT. SARPINDOGRAHA SAWIT TANI 2","company":"PT. SARPINDOGRAHA SAWIT TANI","area_ha":2841,"type":"HGU","layer":"gfw_konsesi"}},{"arcs":[[241]],"type":"Polygon","properties":{"group":"Wilmar","hgu":" ","name":"PT. DARMA WUNGU GUNA","company":"PT. DARMA WUNGU GUNA","area_ha":4358,"type":"Aspek PGT","layer":"gfw_konsesi"}},{"arcs":[[242]],"type":"Polygon","properties":{"group":"Wilmar","hgu":" ","name":"PT. MURINI SAMSAM 1","company":"PT. MURINI SAMSAM","area_ha":3712,"type":" ","layer":"gfw_konsesi"}},{"arcs":[[243]],"type":"Polygon","properties":{"group":"Sinar Mas","hgu":"No. 51/HGU/BPN/97","name":"PT. IVO MAS TUNGGAL 1","company":"PT. IVO MAS TUNGGAL","area_ha":14814,"type":"HGU","layer":"gfw_konsesi"}},{"arcs":[[244,245,246,247]],"type":"Polygon","properties":{"group":"No group","hgu":" ","name":"PT. KILAU KEMUNING","company":"PT. KILAU KEMUNING","area_ha":8661,"type":"Pelepasan Kawasan","layer":"gfw_konsesi"}},{"arcs":[[248,-181]],"type":"Polygon","properties":{"group":"No group","hgu":" ","name":"PT. PERKEBUNAN V (SEI. GALUH)","company":"PT. PERKEBUNAN V (SEI. GALUH)","area_ha":23290,"type":"HGU","layer":"gfw_konsesi"}},{"arcs":[[249]],"type":"Polygon","properties":{"group":"Adimulya Group","hgu":"No. 85/HGU/BPN/98","name":"PT. SURYA AGROLIKA REKSA 1","company":"PT. SURYA AGROLIKA REKSA","area_ha":1615,"type":"HGU","layer":"gfw_konsesi"}},{"arcs":[[250]],"type":"Polygon","properties":{"group":"No group","hgu":" ","name":"PT. UNICO BIMASARI 1","company":"PT. UNICO BIMASARI","area_ha":1658,"type":"Izin Lokasi","layer":"gfw_konsesi"}},{"arcs":[[251]],"type":"Polygon","properties":{"group":"No group","hgu":" ","name":"PT. PERKEBUNAN V (PIR SEI. SIASAM)","company":"PT. PERKEBUNAN V (PIR SEI. SIASAM)","area_ha":8880,"type":"HGU","layer":"gfw_konsesi"}},{"arcs":[[252,253]],"type":"Polygon","properties":{"group":"No group","hgu":" ","name":"PT. BUDI DATA","company":"PT. BUDI DATA","area_ha":1051,"type":"(Tidak Ada Data)","layer":"gfw_konsesi"}},{"arcs":[[254,255,-253,256]],"type":"Polygon","properties":{"group":"No group","hgu":" ","name":"PT. PERKEBUNAN V (PIR SEI. TAPUNG)","company":"PT. PERKEBUNAN V (PIR SEI. TAPUNG)","area_ha":16517,"type":"HGU","layer":"gfw_konsesi"}},{"arcs":[[257,258,259,260,261]],"type":"Polygon","properties":{"group":"Duta Palma Group","hgu":" ","name":"PT. KENCANA AMAL TANI","company":"PT. KENCANA AMAL TANI","area_ha":8756,"type":"HGU","layer":"gfw_konsesi"}},{"arcs":[[-173,262,-171,263,264,265,266,267,268,269,-163,270,-161,271,-159,272,273,-156,274,-154,275,276,277,278,-149,279,280,-146,281,-144,282,-142,283,-140,284,-175]],"type":"Polygon","properties":{"group":"No group","hgu":" ","name":"PT. PERKEBUNAN V (PIR BUATAN)","company":"PT. PERKEBUNAN V (PIR BUATAN)","area_ha":43695,"type":"HGU","layer":"gfw_konsesi"}},{"arcs":[[285,286,287,288,289]],"type":"Polygon","properties":{"group":"No group","hgu":" ","name":"PT. PERKEBUNAN V (PIR BUATAN)","company":"PT. PERKEBUNAN V (PIR BUATAN)","area_ha":2,"type":"HGU","layer":"gfw_konsesi"}},{"arcs":[[290,-164,-270],[291]],"type":"Polygon","properties":{"group":"Surya Dumai Group","hgu":" ","name":"PT. DUTA SWAKARSA INDAH","company":"PT. DUTA SWAKARSA INDAH","area_ha":17483,"type":"Izin Lokasi","layer":"gfw_konsesi"}},{"arcs":[[-202,292]],"type":"Polygon","properties":{"group":"Adimulya Group","hgu":"No. 85/HGU/BPN/98","name":"PT. SURYA AGROLIKA REKSA 2","company":"PT. SURYA AGROLIKA REKSA","area_ha":1803,"type":"HGU","layer":"gfw_konsesi"}},{"arcs":[[293,294]],"type":"Polygon","properties":{"group":"No group","hgu":"No. 30/HGU/BPN/2001","name":"PT. DARMALI JAYA LESTARI","company":"PT. DARMALI JAYA LESTARI","area_ha":8671,"type":"HGU","layer":"gfw_konsesi"}},{"arcs":[[295,-294]],"type":"Polygon","properties":{"group":"No group","hgu":" ","name":"PT. TUMPUAN","company":"PT. TUMPUAN","area_ha":3956,"type":"HGU","layer":"gfw_konsesi"}},{"arcs":[[296,297,298,299]],"type":"Polygon","properties":{"group":"Astra International","hgu":"No. 57/HGU/BPN/96","name":"PT. TUNGGAL PERKASA","company":"PT. TUNGGAL PERKASA","area_ha":17370,"type":"HGU","layer":"gfw_konsesi"}},{"arcs":[[300]],"type":"Polygon","properties":{"group":"No group","hgu":"No. 17/HGU/1993","name":"PT. HUTAHAEAN","company":"PT. HUTAHAEAN","area_ha":5515,"type":"HGU","layer":"gfw_konsesi"}},{"arcs":[[301,302,303,304,305]],"type":"Polygon","properties":{"group":"No group","hgu":" ","name":"PT. PERKEBUNAN V (PIR SEI. PAGAR)","company":"PT. PERKEBUNAN V (PIR SEI. PAGAR)","area_ha":22484,"type":"HGU","layer":"gfw_konsesi"}},{"arcs":[[306,307,308,309,310,311,312,313,314,315,316,317,318]],"type":"Polygon","properties":{"group":"Astra International","hgu":"No. 66/HGU/BPN/96","name":"PT. SARI LEMBAH SUBUR","company":"PT. SARI LEMBAH SUBUR","area_ha":20473,"type":"HGU","layer":"gfw_konsesi"}},{"arcs":[[319,320,321,322,323,324,325,326,327]],"type":"Polygon","properties":{"group":"No group","hgu":" ","name":"PT. PERKEBUNAN V (NES / PIR AIR MOLEK)","company":"PT. PERKEBUNAN V (NES / PIR AIR MOLEK)","area_ha":8976,"type":" ","layer":"gfw_konsesi"}},{"arcs":[[328,329,-84,330,-82,331,332]],"type":"Polygon","properties":{"group":"No group","hgu":"No. 65/HGU/BPN/98","name":"PT. SUBUR ARUM MAKMUR","company":"PT. SUBUR ARUM MAKMUR","area_ha":10181,"type":"HGU","layer":"gfw_konsesi"}},{"arcs":[[333,334,335,336,337]],"type":"Polygon","properties":{"group":"Sinar Mas","hgu":" ","name":"PT. IVO MAS TUNGGAL 2","company":"PT. IVO MAS TUNGGAL","area_ha":9809,"type":"HGU","layer":"gfw_konsesi"}},{"arcs":[[-335,338]],"type":"Polygon","properties":{"group":"Salim Group","hgu":"No. 46/HGU/BPN/2000","name":"PT. GUNUNG MAS RAYA 1","company":"PT. GUNUNG MAS RAYA","area_ha":8526,"type":"HGU","layer":"gfw_konsesi"}},{"arcs":[[339,340,341,342,343,344]],"type":"Polygon","properties":{"group":"Sime Darby","hgu":"No. 45/HGU/BPN/2000","name":"PT. LAHAN TANI SAKTI","company":"PT. LAHAN TANI SAKTI","area_ha":18759,"type":"HGU","layer":"gfw_konsesi"}},{"arcs":[[-75,345]],"type":"Polygon","properties":{"group":"Rokan Group","hgu":" ","name":"PT. ROKAN ADI MAKMUR","company":"PT. ROKAN ADI MAKMUR","area_ha":12271,"type":"Izin Lokasi","layer":"gfw_konsesi"}},{"arcs":[[346,347]],"type":"Polygon","properties":{"group":"No group","hgu":"No. 59/HGU/BPN/2000","name":"PT. PERKEBUNAN V (TANDUN, TERANTAM, TAMORA)","company":"PT. PERKEBUNAN V (TANDUN, TERANTAM, TAMORA)","area_ha":33518,"type":"HGU","layer":"gfw_konsesi"}},{"arcs":[[348]],"type":"Polygon","properties":{"group":"No group","hgu":"No. 12/HGU/1990","name":"PT. ADEI CRUMB RUBBER 2","company":"PT. ADEI CRUMB RUBBER","area_ha":16693,"type":"HGU","layer":"gfw_konsesi"}},{"arcs":[[[349,350]],[[351]],[[352]]],"type":"MultiPolygon","properties":{"group":"Sime Darby","hgu":"No. 24/HGU/BPN/99","name":"PT. TUNGGAL MITRA PLANTATION","company":"PT. TUNGGAL MITRA PLANTATION","area_ha":38493,"type":"HGU","layer":"gfw_konsesi"}},{"arcs":[[353]],"type":"Polygon","properties":{"group":"No group","hgu":" ","name":"PT. RANTAU BAIS FAMILI","company":"PT. RANTAU BAIS FAMILI","area_ha":2040,"type":"Izin Lokasi","layer":"gfw_konsesi"}},{"arcs":[[354]],"type":"Polygon","properties":{"group":"Sinar Mas","hgu":"No. 25/HGU/BPN/97","name":"PT. IVO MAS TUNGGAL 3","company":"PT. IVO MAS TUNGGAL","area_ha":12151,"type":"HGU","layer":"gfw_konsesi"}},{"arcs":[[355]],"type":"Polygon","properties":{"group":"Sinar Mas","hgu":"No. 81/HGU/BPN/94","name":"PT. BUANA WIRA LESTARI 2","company":"PT. BUANA WIRA LESTARI","area_ha":12347,"type":"HGU","layer":"gfw_konsesi"}},{"arcs":[[-98,356,357,-137,358,-135,359]],"type":"Polygon","properties":{"group":"No group","hgu":"No. 05/HGU/1990","name":"PT. SEWANGI SEJATI LUHUR","company":"PT. SEWANGI SEJATI LUHUR","area_ha":7808,"type":"HGU","layer":"gfw_konsesi"}},{"arcs":[[360]],"type":"Polygon","properties":{"group":"Klau River Enterprise Sdn Bhd","hgu":"No. 110/HGU/BPN/99","name":"PT. LANGGAM INTI HIBRINDO 1","company":"PT. LANGGAM INTI HIBRINDO","area_ha":5823,"type":"HGU","layer":"gfw_konsesi"}},{"arcs":[[361,362,363,364]],"type":"Polygon","properties":{"group":"No group","hgu":" ","name":"PT. ADEI CRUMB RUBBER 3","company":"PT. ADEI CRUMB RUBBER","area_ha":16780,"type":"HGU","layer":"gfw_konsesi"}},{"arcs":[[365]],"type":"Polygon","properties":{"group":"No group","hgu":"No. 05/HGU/1989","name":"PT. SURYA BRATASENA PLANTATION","company":"PT. SURYA BRATASENA PLANTATION","area_ha":23403,"type":"HGU","layer":"gfw_konsesi"}},{"arcs":[[366]],"type":"Polygon","properties":{"group":"Duta Palma Group","hgu":" ","name":"PT. DUTA PALMA NUSANTARA 1","company":"PT. DUTA PALMA NUSANTARA","area_ha":3032,"type":"HGU","layer":"gfw_konsesi"}},{"arcs":[[367,-221,368,369,-239,370,-223]],"type":"Polygon","properties":{"group":"Duta Palma Group","hgu":" ","name":"PT. DUTA PALMA NUSANTARA 2","company":"PT. DUTA PALMA NUSANTARA","area_ha":11033,"type":"HGU","layer":"gfw_konsesi"}},{"arcs":[[-174,-176,-285,-139,-170,-288,-167,-166,371,-264]],"type":"Polygon","properties":{"group":"No group","hgu":" ","name":"PT. SAKTI SAWIT JAYA 1","company":"PT. SAKTI SAWIT JAYA","area_ha":3148,"type":"Pencadangan","layer":"gfw_konsesi"}},{"arcs":[[372]],"type":"Polygon","properties":{"group":"Wilmar","hgu":" ","name":"PT. JATIM JAYA PERKASA","company":"PT. JATIM JAYA PERKASA","area_ha":21112,"type":"Izin Lokasi","layer":"gfw_konsesi"}},{"arcs":[[373]],"type":"Polygon","properties":{"group":"No group","hgu":" ","name":"PT. SINDORA SERAYA","company":"PT. SINDORA SERAYA","area_ha":10393,"type":"Izin Lokasi","layer":"gfw_konsesi"}},{"arcs":[[374]],"type":"Polygon","properties":{"group":"Surya Dumai Group","hgu":" ","name":"PT. SURYA DUMAI AGRINDO 1","company":"PT. SURYA DUMAI AGRINDO","area_ha":7609,"type":"Izin Lokasi","layer":"gfw_konsesi"}},{"arcs":[[375]],"type":"Polygon","properties":{"group":"RGE Group","hgu":" ","name":"PT. MITRA UNGGUL PUSAKA","company":"PT. MITRA UNGGUL PUSAKA","area_ha":14017,"type":"HGU","layer":"gfw_konsesi"}},{"arcs":[[376,377,378,379,380]],"type":"Polygon","properties":{"group":"No group","hgu":" ","name":"PT. ALAM SARI LESTARI","company":"PT. ALAM SARI LESTARI","area_ha":11789,"type":"Izin Lokasi","layer":"gfw_konsesi"}},{"arcs":[[381,382,383,384,385,386,387]],"type":"Polygon","properties":{"group":"Incasi Raya","hgu":" ","name":"PT. ARVENA SEPAKAT 1","company":"PT. ARVENA SEPAKAT","area_ha":7222,"type":"Izin Lokasi","layer":"gfw_konsesi"}},{"arcs":[[388,389]],"type":"Polygon","properties":{"group":"Incasi Raya","hgu":" ","name":"PT. ARVENA SEPAKAT 2","company":"PT. ARVENA SEPAKAT","area_ha":0,"type":"Izin Lokasi","layer":"gfw_konsesi"}},{"arcs":[[390,391,392,393]],"type":"Polygon","properties":{"group":"No group","hgu":" ","name":"PT. INECDA (HGU)","company":"PT. INECDA (HGU)","area_ha":2923,"type":"HGU","layer":"gfw_konsesi"}},{"arcs":[[394,395,396,397,398,-393,399,-328,400,401,402,403,404]],"type":"Polygon","properties":{"group":"No group","hgu":" ","name":"PT. INECDA 2","company":"PT. INECDA","area_ha":9776,"type":"HGU","layer":"gfw_konsesi"}},{"arcs":[[405,406,407,408,409,410,411,412]],"type":"Polygon","properties":{"group":"No group","hgu":" ","name":"PT. REGUMAS AGRI UTAMA","company":"PT. REGUMAS AGRI UTAMA","area_ha":31860,"type":" ","layer":"gfw_konsesi"}},{"arcs":[[413,414,415,416,417,418,419,-300]],"type":"Polygon","properties":{"group":"RGE Group","hgu":" ","name":"PT. INTI INDO SAWIT SUBUR 5","company":"PT. INTI INDO SAWIT SUBUR","area_ha":26333,"type":" ","layer":"gfw_konsesi"}},{"arcs":[[-415,420,421]],"type":"Polygon","properties":{"group":"RGE Group","hgu":"No. 04/HGU/1989","name":"PT. INTI INDO SAWIT SUBUR 6","company":"PT. INTI INDO SAWIT SUBUR","area_ha":5244,"type":"HGU","layer":"gfw_konsesi"}},{"arcs":[[-77,422]],"type":"Polygon","properties":{"group":"No group","hgu":" ","name":"PT. ROKAN ADI RAYA","company":"PT. ROKAN ADI RAYA","area_ha":10521,"type":"Izin Lokasi","layer":"gfw_konsesi"}},{"arcs":[[423]],"type":"Polygon","properties":{"group":"Astra International","hgu":"No. 17/HGU/1989","name":"PT. SAWIT ASAHAN INDAH","company":"PT. SAWIT ASAHAN INDAH","area_ha":7683,"type":"HGU","layer":"gfw_konsesi"}},{"arcs":[[-255,424,-347,425],[426]],"type":"Polygon","properties":{"group":"No group","hgu":" ","name":"PT. PERKEBUNAN V (SEI. INTAN)","company":"PT. PERKEBUNAN V (SEI. INTAN)","area_ha":21456,"type":"HGU","layer":"gfw_konsesi"}},{"arcs":[[427,428,429,430,431,432,433,434]],"type":"Polygon","properties":{"group":"No group","hgu":" ","name":"PT. BINA RUPAT SEPANG LESTARI","company":"PT. BINA RUPAT SEPANG LESTARI","area_ha":3960,"type":"Izin Lokasi","layer":"gfw_konsesi"}},{"arcs":[[435]],"type":"Polygon","properties":{"group":"No group","hgu":"No. 15/HGU/BPN/94","name":"PT. EGASUTI NASAKTI 1","company":"PT. EGASUTI NASAKTI","area_ha":2107,"type":"HGU","layer":"gfw_konsesi"}},{"arcs":[[436]],"type":"Polygon","properties":{"group":"Uniseraya Group","hgu":" ","name":"PT. KEBUN PANTAI RAJA 1","company":"PT. KEBUN PANTAI RAJA","area_ha":3135,"type":"Izin Lokasi","layer":"gfw_konsesi"}},{"arcs":[[437,438]],"type":"Polygon","properties":{"group":"No group","hgu":"No. 14/HGU/BPN/92","name":"PT. PADASA ENAM UTAMA 2","company":"PT. PADASA ENAM UTAMA","area_ha":11252,"type":"HGU","layer":"gfw_konsesi"}},{"arcs":[[439]],"type":"Polygon","properties":{"group":"Astra International","hgu":" ","name":"PT. EKADURA INDONESIA 1","company":"PT. EKADURA INDONESIA","area_ha":10740,"type":" ","layer":"gfw_konsesi"}},{"arcs":[[-342,440]],"type":"Polygon","properties":{"group":"No group","hgu":" ","name":"PT. PERKEBUNAN IV TANJUNG MEDANG","company":"PT. PERKEBUNAN IV TANJUNG MEDANG","area_ha":4961,"type":" ","layer":"gfw_konsesi"}},{"arcs":[[441,442,443,444,445,446,447,448]],"type":"Polygon","properties":{"group":"Sinar Mas","hgu":" ","name":"PT. IVO MAS TUNGGAL 4","company":"PT. IVO MAS TUNGGAL","area_ha":12723,"type":"HGU","layer":"gfw_konsesi"}},{"arcs":[[449,-336]],"type":"Polygon","properties":{"group":"Sinar Mas","hgu":" ","name":"PT. IVO MAS TUNGGAL 5","company":"PT. IVO MAS TUNGGAL","area_ha":2372,"type":" ","layer":"gfw_konsesi"}},{"arcs":[[450,451]],"type":"Polygon","properties":{"group":"No group","hgu":" ","name":"PT. TOBA INDAH 1","company":"PT. TOBA INDAH","area_ha":2356,"type":" ","layer":"gfw_konsesi"}},{"arcs":[[-62,452]],"type":"Polygon","properties":{"group":"No group","hgu":" ","name":"PT. TOBA INDAH 2","company":"PT. TOBA INDAH","area_ha":2394,"type":" ","layer":"gfw_konsesi"}},{"arcs":[[453,454,455,456]],"type":"Polygon","properties":{"group":"No group","hgu":" ","name":"PT. UNI SERAYA","company":"PT. UNI SERAYA","area_ha":11346,"type":" ","layer":"gfw_konsesi"}},{"arcs":[[-419,457,-417,458]],"type":"Polygon","properties":{"group":"Musim Mas","hgu":"No. 126/HGU/BPN/97","name":"PT. MUSIM MAS","company":"PT. MUSIM MAS","area_ha":30638,"type":"HGU","layer":"gfw_konsesi"}},{"arcs":[[-318,459,460]],"type":"Polygon","properties":{"group":"Barito Pacific","hgu":" ","name":"PT. GANDAERAH HENDANA 1","company":"PT. GANDAERAH HENDANA","area_ha":12865,"type":" ","layer":"gfw_konsesi"}},{"arcs":[[461,462,463,464]],"type":"Polygon","properties":{"group":"Sambu Group","hgu":" ","name":"PT. GUNTUNG HASRAT M 1","company":"PT. GUNTUNG HASRAT M","area_ha":24252,"type":" ","layer":"gfw_konsesi"}},{"arcs":[[-236,465,-464,466]],"type":"Polygon","properties":{"group":"Sambu Group","hgu":" ","name":"PT. GUNTUNG HASRAT M 2","company":"PT. GUNTUNG HASRAT M","area_ha":34623,"type":" ","layer":"gfw_konsesi"}},{"arcs":[[467,468,469,470]],"type":"Polygon","properties":{"group":"No group","hgu":" ","name":"PT. BUMI REKSA NUSASEJATI 1","company":"PT. BUMI REKSA NUSASEJATI","area_ha":95533,"type":"HGU","layer":"gfw_konsesi"}},{"arcs":[[471,472,-470,473,-462]],"type":"Polygon","properties":{"group":"No group","hgu":" ","name":"PT. BUMI REKSA NUSASEJATI 2","company":"PT. BUMI REKSA NUSASEJATI","area_ha":85076,"type":" ","layer":"gfw_konsesi"}},{"arcs":[[474]],"type":"Polygon","properties":{"group":"Sinar Mas","hgu":" ","name":"PT. BUMI PLASMA LESTARI","company":"PT. BUMI PLASMA LESTARI","area_ha":10550,"type":" ","layer":"gfw_konsesi"}},{"arcs":[[475,476]],"type":"Polygon","properties":{"group":"No group","hgu":" ","name":"PT. PERKEBUNAN V (NES / PIR AIR MOLEK)","company":"PT. PERKEBUNAN V (NES / PIR AIR MOLEK)","area_ha":8945,"type":" ","layer":"gfw_konsesi"}},{"arcs":[[477,-386,478,479,480]],"type":"Polygon","properties":{"group":"Incasi Raya","hgu":" ","name":"PT. SUMATERA MAKMUR 1","company":"PT. SUMATERA MAKMUR","area_ha":5373,"type":" ","layer":"gfw_konsesi"}},{"arcs":[[481,482,483,484,485]],"type":"Polygon","properties":{"group":"Incasi Raya","hgu":" ","name":"PT. SUMATERA MAKMUR 2","company":"PT. SUMATERA MAKMUR","area_ha":869,"type":" ","layer":"gfw_konsesi"}},{"arcs":[[486,487],[488]],"type":"Polygon","properties":{"group":"RGE Group","hgu":" ","name":"PT. WARNASARI NUSANTARA","company":"PT. WARNASARI NUSANTARA","area_ha":25086,"type":" ","layer":"gfw_konsesi"}},{"arcs":[[489,490]],"type":"Polygon","properties":{"group":"RP KELAPA SAWIT Sdn Bhd","hgu":"No. 49/HGU/BPN/2000","name":"PT. UDAYA LOHJINAWI 1","company":"PT. UDAYA LOHJINAWI","area_ha":8015,"type":"HGU","layer":"gfw_konsesi"}},{"arcs":[[491,-490]],"type":"Polygon","properties":{"group":"RP KELAPA SAWIT Sdn Bhd","hgu":" ","name":"PT. UDAYA LOHJINAWI 2","company":"PT. UDAYA LOHJINAWI","area_ha":3340,"type":" ","layer":"gfw_konsesi"}},{"arcs":[[-247,492,-245,493]],"type":"Polygon","properties":{"group":"No group","hgu":" ","name":"PT. TRIDAYARI MANDIRI UTAMA","company":"PT. TRIDAYARI MANDIRI UTAMA","area_ha":16801,"type":" ","layer":"gfw_konsesi"}},{"arcs":[[494]],"type":"Polygon","properties":{"group":"No group","hgu":" ","name":"PT. PERKEBUNAN V (PIR LOKAL BAGAN BATU","company":"PT. PERKEBUNAN V (PIR LOKAL BAGAN BATU","area_ha":3324,"type":" ","layer":"gfw_konsesi"}},{"arcs":[[495,-338,496,-449]],"type":"Polygon","properties":{"group":"No group","hgu":" ","name":"PT. PERKEBUNAN V (PIR BAGAN SINEMBAH)","company":"PT. PERKEBUNAN V (PIR BAGAN SINEMBAH)","area_ha":3861,"type":" ","layer":"gfw_konsesi"}},{"arcs":[[497]],"type":"Polygon","properties":{"group":"No group","hgu":" ","name":"PT. NURINTA BAGANYASA","company":"PT. NURINTA BAGANYASA","area_ha":1094,"type":" ","layer":"gfw_konsesi"}},{"arcs":[[498]],"type":"Polygon","properties":{"group":"Siak Raya Group","hgu":" ","name":"PT. SIAK SERAYA","company":"PT. SIAK SERAYA","area_ha":10181,"type":" ","layer":"gfw_konsesi"}},{"arcs":[[499]],"type":"Polygon","properties":{"group":"Surya Dumai Group","hgu":"No. 61/HGU/BPN/99","name":"PT. MURINI WOOD INDUSTRI","company":"PT. MURINI WOOD INDUSTRI","area_ha":9710,"type":"HGU","layer":"gfw_konsesi"}},{"arcs":[[-69,500]],"type":"Polygon","properties":{"group":"No group","hgu":" ","name":"PT. TORUS GANDA","company":"PT. TORUS GANDA","area_ha":7884,"type":" ","layer":"gfw_konsesi"}},{"arcs":[[501,-71,-64]],"type":"Polygon","properties":{"group":"No group","hgu":"No. 12/HGU/BPN/92","name":"PT. SUMBER JAYA INDAH NUSA COY 1","company":"PT. SUMBER JAYA INDAH NUSA COY","area_ha":7542,"type":"HGU","layer":"gfw_konsesi"}},{"arcs":[[-329,502,503,504]],"type":"Polygon","properties":{"group":"Astra International","hgu":"No. 09/HGU/BPN/87","name":"PT. EKADURA INDONESIA 2","company":"PT. EKADURA INDONESIA","area_ha":11979,"type":"HGU","layer":"gfw_konsesi"}},{"arcs":[[505,506,-131,507,-129,508,-127,509,-125,510,-123,511,512,-120,513,514,515,-116,516,-114,517,-112,518,519,-109,520,-107,521,522,523,-138,-358,524]],"type":"Polygon","properties":{"group":"No group","hgu":" ","name":"PT. EGASUTI NASAKTI 2","company":"PT. EGASUTI NASAKTI","area_ha":4296,"type":" ","layer":"gfw_konsesi"}},{"arcs":[[525]],"type":"Polygon","properties":{"group":"Dumai Indah Group","hgu":" ","name":"PT. DUMAI INDAH PERKASA","company":"PT. DUMAI INDAH PERKASA","area_ha":1231,"type":" ","layer":"gfw_konsesi"}},{"arcs":[[526]],"type":"Polygon","properties":{"group":"No group","hgu":" ","name":"PT. EGASUTI NASAKTI 3","company":"PT. EGASUTI NASAKTI","area_ha":600,"type":" ","layer":"gfw_konsesi"}},{"arcs":[[527]],"type":"Polygon","properties":{"group":"No group","hgu":" ","name":"PT. PADASA ENAM UTAMA 3","company":"PT. PADASA ENAM UTAMA","area_ha":5376,"type":" ","layer":"gfw_konsesi"}},{"arcs":[[-184,528,-267,529]],"type":"Polygon","properties":{"group":"Surya Dumai Group","hgu":"No. 61/HGU/BPN/99","name":"PT. MERIDAN SEJATI SURYA","company":"PT. MERIDAN SEJATI SURYA","area_ha":5262,"type":"HGU","layer":"gfw_konsesi"}},{"arcs":[[-185,-530,-266,530]],"type":"Polygon","properties":{"group":"No group","hgu":" ","name":"BPP SEI. PUTIH","company":"BPP SEI. PUTIH","area_ha":2840,"type":" ","layer":"gfw_konsesi"}},{"arcs":[[-452,531]],"type":"Polygon","properties":{"group":"No group","hgu":" ","name":"PT. BUDIDAKSA DWI KUSUMA","company":"PT. BUDIDAKSA DWI KUSUMA","area_ha":8464,"type":" ","layer":"gfw_konsesi"}},{"arcs":[[[532]],[[533]]],"type":"MultiPolygon","properties":{"group":"No group","hgu":" ","name":"PT. BATU PUTIH","company":"PT. BATU PUTIH","area_ha":2225,"type":" ","layer":"gfw_konsesi"}},{"arcs":[[534]],"type":"Polygon","properties":{"group":"No group","hgu":" ","name":"PT. UNICO BIMASARI 2","company":"PT. UNICO BIMASARI","area_ha":925,"type":" ","layer":"gfw_konsesi"}},{"arcs":[[535]],"type":"Polygon","properties":{"group":"No group","hgu":" ","name":"PT. AZEK SAKTI","company":"PT. AZEK SAKTI","area_ha":22048,"type":" ","layer":"gfw_konsesi"}},{"arcs":[[536]],"type":"Polygon","properties":{"group":"No group","hgu":" ","name":"PT. MESKOM AGRO SARIMAS","company":"PT. MESKOM AGRO SARIMAS","area_ha":13968,"type":" ","layer":"gfw_konsesi"}},{"arcs":[[537,538,-503,-333]],"type":"Polygon","properties":{"group":"No group","hgu":" ","name":"PT. SUMBER JAYA INDAH NUSA COY 2","company":"PT. SUMBER JAYA INDAH NUSA COY","area_ha":2597,"type":" ","layer":"gfw_konsesi"}},{"arcs":[[539]],"type":"Polygon","properties":{"group":"Duta Palma Group","hgu":" ","name":"PT. ADITYA PALMA NUSANTARA","company":"PT. ADITYA PALMA NUSANTARA","area_ha":7546,"type":" ","layer":"gfw_konsesi"}},{"arcs":[[442,540,-350,541,-447,542,-445,543]],"type":"Polygon","properties":{"group":"Salim Group","hgu":" ","name":"PT. GUNUNG MAS RAYA 2","company":"PT. GUNUNG MAS RAYA","area_ha":5419,"type":" ","layer":"gfw_konsesi"}},{"arcs":[[-438,544]],"type":"Polygon","properties":{"group":"Surya Dumai Group","hgu":" ","name":"PT. MULTI PARAMITRA PERKASA JAYA","company":"PT. MULTI PARAMITRA PERKASA JAYA","area_ha":3545,"type":" ","layer":"gfw_konsesi"}},{"arcs":[[545,546]],"type":"Polygon","properties":{"group":"No group","hgu":" ","name":"PT. WANA SUBUR SAWIT INDAH","company":"PT. WANA SUBUR SAWIT INDAH","area_ha":6860,"type":" ","layer":"gfw_konsesi"}},{"arcs":[[-546,547,-80,548]],"type":"Polygon","properties":{"group":"Danitama Makmur","hgu":" ","name":"PT. GELORA SAWITA MAKMUR 2","company":"PT. GELORA SAWITA MAKMUR","area_ha":7006,"type":" ","layer":"gfw_konsesi"}},{"arcs":[[549,550]],"type":"Polygon","properties":{"group":"No group","hgu":" ","name":"KT. MADISON JAYA","company":"KT. MADISON JAYA","area_ha":507,"type":" ","layer":"gfw_konsesi"}},{"arcs":[[551,-550]],"type":"Polygon","properties":{"group":"No group","hgu":" ","name":"KT. BUANA LUHUR","company":"KT. BUANA LUHUR","area_ha":489,"type":" ","layer":"gfw_konsesi"}},{"arcs":[[552,-344]],"type":"Polygon","properties":{"group":"No group","hgu":" ","name":"PT. KARYABADI SAMASEJATI","company":"PT. KARYABADI SAMASEJATI","area_ha":1266,"type":"Izin Lokasi","layer":"gfw_konsesi"}},{"arcs":[[553,-340]],"type":"Polygon","properties":{"group":"No group","hgu":" ","name":"PT. PERKEBUNAN V (PTP III SEI. MERANTI)","company":"PT. PERKEBUNAN V (PTP III SEI. MERANTI)","area_ha":465,"type":" ","layer":"gfw_konsesi"}},{"arcs":[[554]],"type":"Polygon","properties":{"group":"No group","hgu":" ","name":"PT. TORGANDA 2","company":"PT. TORGANDA","area_ha":11893,"type":" ","layer":"gfw_konsesi"}},{"arcs":[[555]],"type":"Polygon","properties":{"group":"Surya Dumai Group","hgu":" ","name":"PT. KARYA TAMA BAKTI MULIA 2","company":"PT. KARYA TAMA BAKTI MULIA","area_ha":7707,"type":" ","layer":"gfw_konsesi"}},{"arcs":[[556]],"type":"Polygon","properties":{"group":"Surya Dumai Group","hgu":" ","name":"PT. SURYA INTI SARI RAYA 2","company":"PT. SURYA INTI SARI RAYA","area_ha":4052,"type":" ","layer":"gfw_konsesi"}},{"arcs":[[-454,557,-456,558]],"type":"Polygon","properties":{"group":"No group","hgu":" ","name":"PT. TRIOMAS FDI","company":"PT. TRIOMAS FDI","area_ha":10229,"type":" ","layer":"gfw_konsesi"}},{"arcs":[[559]],"type":"Polygon","properties":{"group":"No group","hgu":" ","name":"PT. TRISETYA USAHA MANDIRI 2","company":"PT. TRISETYA USAHA MANDIRI","area_ha":7508,"type":" ","layer":"gfw_konsesi"}},{"arcs":[[560,-195]],"type":"Polygon","properties":{"group":"Surya Dumai Group","hgu":" ","name":"PT. CILIANDRA PERKASA","company":"PT. CILIANDRA PERKASA","area_ha":2397,"type":" ","layer":"gfw_konsesi"}},{"arcs":[[561,562,563,564]],"type":"Polygon","properties":{"group":"Klau River Enterprise Sdn Bhd","hgu":" ","name":"PT. LANGGAM INTI HIBRINDO 2","company":"PT. LANGGAM INTI HIBRINDO","area_ha":1276,"type":" ","layer":"gfw_konsesi"}},{"arcs":[[565]],"type":"Polygon","properties":{"group":"No group","hgu":" ","name":"PT. DUET RIJA 1","company":"PT. DUET RIJA","area_ha":326,"type":" ","layer":"gfw_konsesi"}},{"arcs":[[566,567,568,569,-309]],"type":"Polygon","properties":{"group":"No group","hgu":" ","name":"PT. DUET RIJA 2","company":"PT. DUET RIJA","area_ha":1290,"type":" ","layer":"gfw_konsesi"}},{"arcs":[[-311,570,-460,-317,571,-315,572,-313,573]],"type":"Polygon","properties":{"group":"No group","hgu":" ","name":"PT. DUET RIJA 3","company":"PT. DUET RIJA","area_ha":5605,"type":" ","layer":"gfw_konsesi"}},{"arcs":[[-574,-312]],"type":"Polygon","properties":{"group":"Barito Pacific","hgu":"No. 93/HGU/BPN/97","name":"PT. GANDAERAH HENDANA 2","company":"PT. GANDAERAH HENDANA","area_ha":1381,"type":"HGU","layer":"gfw_konsesi"}},{"arcs":[[[574]],[[575]]],"type":"MultiPolygon","properties":{"group":"Sabira Group","hgu":" ","name":"PT. SABIRA NEGERIUTAMA","company":"PT. SABIRA NEGERIUTAMA","area_ha":7085,"type":" ","layer":"gfw_konsesi"}},{"arcs":[[-472,576]],"type":"Polygon","properties":{"group":"Sambu Group","hgu":" ","name":"PT. GUNTUNG HASRAT MSKMUR","company":"PT. GUNTUNG HASRAT MSKMUR","area_ha":17565,"type":" ","layer":"gfw_konsesi"}},{"arcs":[[-468,577]],"type":"Polygon","properties":{"group":"No group","hgu":" ","name":"PT. SUMTAI JAYA SATRIA","company":"PT. SUMTAI JAYA SATRIA","area_ha":8104,"type":" ","layer":"gfw_konsesi"}},{"arcs":[[578,579]],"type":"Polygon","properties":{"group":"No group","hgu":" ","name":"PT. TENAGA PEMB SEJATERA","company":"PT. TENAGA PEMB SEJATERA","area_ha":10142,"type":" ","layer":"gfw_konsesi"}},{"arcs":[[580,581]],"type":"Polygon","properties":{"group":"No group","hgu":" ","name":"PT. TESSO SEPAKAT","company":"PT. TESSO SEPAKAT","area_ha":1702,"type":" ","layer":"gfw_konsesi"}},{"arcs":[[582]],"type":"Polygon","properties":{"group":"No group","hgu":" ","name":"PT. TANI SWADAYA PERDANA","company":"PT. TANI SWADAYA PERDANA","area_ha":2024,"type":" ","layer":"gfw_konsesi"}},{"arcs":[[-306,583]],"type":"Polygon","properties":{"group":"No group","hgu":" ","name":"PT. TASMA PUJA","company":"PT. TASMA PUJA","area_ha":3280,"type":" ","layer":"gfw_konsesi"}},{"arcs":[[-304,584,585]],"type":"Polygon","properties":{"group":"Uniseraya Group","hgu":"No. 27/HGU/BPN/1997","name":"PT. KEBUN PANTAI RAJA 2","company":"PT. KEBUN PANTAI RAJA","area_ha":4499,"type":"HGU","layer":"gfw_konsesi"}},{"arcs":[[586]],"type":"Polygon","properties":{"group":"Domba Mas Group","hgu":"No. 63/HGU/BPN/94","name":"PT. FLORA WANAHA TIRTA","company":"PT. FLORA WANAHA TIRTA","area_ha":3594,"type":"HGU","layer":"gfw_konsesi"}},{"arcs":[[587]],"type":"Polygon","properties":{"group":"Uniseraya Group","hgu":" ","name":"PT. KEBUN PANTAI RAJA 3","company":"PT. KEBUN PANTAI RAJA","area_ha":4255,"type":" ","layer":"gfw_konsesi"}},{"arcs":[[588]],"type":"Polygon","properties":{"group":"No group","hgu":" ","name":"PT. NUSAESA BINA","company":"PT. NUSAESA BINA","area_ha":2063,"type":"Izin Lokasi","layer":"gfw_konsesi"}},{"arcs":[[[589,-412,590]],[[591]],[[592]]],"type":"MultiPolygon","properties":{"group":"No group","hgu":" ","name":"PT. ARIAN MULTI KAWA 1","company":"PT. ARIAN MULTI KAWA","area_ha":9509,"type":" ","layer":"gfw_konsesi"}},{"arcs":[[593]],"type":"Polygon","properties":{"group":"No group","hgu":" ","name":"PT. ARIAN MULTI KAWA 2","company":"PT. ARIAN MULTI KAWA","area_ha":3226,"type":" ","layer":"gfw_konsesi"}},{"arcs":[[-364,594,-362,595]],"type":"Polygon","properties":{"group":"Surya Dumai Group","hgu":" ","name":"PT. PANCA SURYA AGRINDO SEJAHTERA","company":"PT. PANCA SURYA AGRINDO SEJAHTERA","area_ha":17551,"type":" ","layer":"gfw_konsesi"}},{"arcs":[[596]],"type":"Polygon","properties":{"group":"Duta Palma Group","hgu":" ","name":"PT. MEKAR SARI ALAM LESTARI","company":"PT. MEKAR SARI ALAM LESTARI","area_ha":15394,"type":"HGU","layer":"gfw_konsesi"}},{"arcs":[[-326,597,598,599,-402,600]],"type":"Polygon","properties":{"group":"No group","hgu":" ","name":"PT. BENGKALIS KAMPAR SARANA","company":"PT. BENGKALIS KAMPAR SARANA","area_ha":3325,"type":" ","layer":"gfw_konsesi"}},{"arcs":[[601]],"type":"Polygon","properties":{"group":"No group","hgu":" ","name":"PT. SIDOMARGA PERKASA","company":"PT. SIDOMARGA PERKASA","area_ha":9366,"type":" ","layer":"gfw_konsesi"}},{"arcs":[[-580,602]],"type":"Polygon","properties":{"group":"No group","hgu":" ","name":"PT. SHADU EKA CITRA","company":"PT. SHADU EKA CITRA","area_ha":16278,"type":" ","layer":"gfw_konsesi"}},{"arcs":[[603,604]],"type":"Polygon","properties":{"group":"No group","hgu":" ","name":"PT. KHARISMA RIAU SENTOSA PRIMA 1","company":"PT. KHARISMA RIAU SENTOSA PRIMA","area_ha":2180,"type":" ","layer":"gfw_konsesi"}},{"arcs":[[-391,605,606]],"type":"Polygon","properties":{"group":"No group","hgu":" ","name":"PT. KHARISMA RIAU SENTOSA PRIMA 2","company":"PT. KHARISMA RIAU SENTOSA PRIMA","area_ha":3736,"type":" ","layer":"gfw_konsesi"}},{"arcs":[[607]],"type":"Polygon","properties":{"group":"No group","hgu":" ","name":"PUSKOPOLDA RIAU","company":"PUSKOPOLDA RIAU","area_ha":4938,"type":" ","layer":"gfw_konsesi"}},{"arcs":[[608,609]],"type":"Polygon","properties":{"group":"No group","hgu":" ","name":"PT. PARAWIRA PRIMAKONSIER","company":"PT. PARAWIRA PRIMAKONSIER","area_ha":106,"type":" ","layer":"gfw_konsesi"}},{"arcs":[[-609,610,611,-562,612]],"type":"Polygon","properties":{"group":"No group","hgu":" ","name":"PT. PARAWIRA UTAMA","company":"PT. PARAWIRA UTAMA","area_ha":109,"type":" ","layer":"gfw_konsesi"}},{"arcs":[[613,-564,614,-611]],"type":"Polygon","properties":{"group":"No group","hgu":" ","name":"PT. PARAWIRA ABADITAMA","company":"PT. PARAWIRA ABADITAMA","area_ha":104,"type":" ","layer":"gfw_konsesi"}},{"arcs":[[-259,615,616,617,618,619,-377,620,621]],"type":"Polygon","properties":{"group":"No group","hgu":" ","name":"CV. RIAU MERBAU LESTARI","company":"CV. RIAU MERBAU LESTARI","area_ha":4053,"type":" ","layer":"gfw_konsesi"}},{"arcs":[[622]],"type":"Polygon","properties":{"group":"No group","hgu":" ","name":"CV. NIRMALA","company":"CV. NIRMALA","area_ha":6186,"type":" ","layer":"gfw_konsesi"}},{"arcs":[[623,624,625,626]],"type":"Polygon","properties":{"group":"No group","hgu":" ","name":"PT. INHUWANA PALMA LESTARI","company":"PT. INHUWANA PALMA LESTARI","area_ha":7102,"type":" ","layer":"gfw_konsesi"}},{"arcs":[[627,628,-606,-394,-399]],"type":"Polygon","properties":{"group":"No group","hgu":" ","name":"PT. PERKEBUNAN V","company":"PT. PERKEBUNAN V","area_ha":2905,"type":" ","layer":"gfw_konsesi"}},{"arcs":[[629,-404]],"type":"Polygon","properties":{"group":"Sinar Mas","hgu":" ","name":"PT. MEGA NUSA INTI SAWIT 1","company":"PT. MEGA NUSA INTI SAWIT","area_ha":623,"type":" ","layer":"gfw_konsesi"}},{"arcs":[[630,-405,-630,-403,-600,631,632,-479,-385,633,634,635,636,637,-396]],"type":"Polygon","properties":{"group":"Sinar Mas","hgu":" ","name":"PT. MEGA NUSA INTI SAWIT 2","company":"PT. MEGA NUSA INTI SAWIT","area_ha":8377,"type":" ","layer":"gfw_konsesi"}},{"arcs":[[-389,638,-382,639,640,-635,641]],"type":"Polygon","properties":{"group":"Sinar Mas","hgu":" ","name":"PT. MEGA NUSA INTI SAWIT 3","company":"PT. MEGA NUSA INTI SAWIT","area_ha":5917,"type":" ","layer":"gfw_konsesi"}},{"type":null,"properties":{"group":"Sinar Mas","hgu":" ","name":"PT. MEGA NUSA INTI SAWIT 4","company":"PT. MEGA NUSA INTI SAWIT","area_ha":0,"type":"Izin Lokasi","layer":"gfw_konsesi"}},{"arcs":[[642,-604]],"type":"Polygon","properties":{"group":"No group","hgu":" ","name":"KEBUN SWADAYA 1","company":"KEBUN SWADAYA","area_ha":1548,"type":" ","layer":"gfw_konsesi"}},{"arcs":[[643,-476]],"type":"Polygon","properties":{"group":"No group","hgu":" ","name":"KEBUN SWADAYA 2","company":"KEBUN SWADAYA","area_ha":801,"type":" ","layer":"gfw_konsesi"}},{"arcs":[[-298,644,645]],"type":"Polygon","properties":{"group":"No group","hgu":" ","name":"PT. PERKEBUNAN V AIR MOLEK","company":"PT. PERKEBUNAN V AIR MOLEK","area_ha":2258,"type":" ","layer":"gfw_konsesi"}},{"arcs":[[-205,646]],"type":"Polygon","properties":{"group":"No group","hgu":" ","name":"KEBUN SWADAYA 3","company":"KEBUN SWADAYA","area_ha":646,"type":" ","layer":"gfw_konsesi"}},{"arcs":[[647]],"type":"Polygon","properties":{"group":"No group","hgu":" ","name":"KEBUN SWADAYA 4","company":"KEBUN SWADAYA","area_ha":1062,"type":" ","layer":"gfw_konsesi"}},{"arcs":[[648,649,-636,-641]],"type":"Polygon","properties":{"group":"No group","hgu":" ","name":"KEBUN SWADAYA 5","company":"KEBUN SWADAYA","area_ha":8544,"type":" ","layer":"gfw_konsesi"}},{"arcs":[[-625,650,651,652]],"type":"Polygon","properties":{"group":"No group","hgu":" ","name":"KEBUN SWADAYA 6","company":"KEBUN SWADAYA","area_ha":5508,"type":" ","layer":"gfw_konsesi"}},{"arcs":[[-212,653,-228,654,-234,655,-230,656,-232,-226,657]],"type":"Polygon","properties":{"group":"Sarimas Group","hgu":" ","name":"PT. TRIBAKTI SARI MAS","company":"PT. TRIBAKTI SARI MAS","area_ha":18773,"type":"HGU","layer":"gfw_konsesi"}},{"arcs":[[661,-598,-325,662,-378,-620]],"type":"Polygon","properties":{"group":"No group","hgu":" ","name":"KEBUN SWADAYA 7","company":"KEBUN SWADAYA","area_ha":8347,"type":" ","layer":"gfw_konsesi"}},{"arcs":[[663,-618]],"type":"Polygon","properties":{"group":"No group","hgu":" ","name":"KEBUN SWADAYA 8","company":"KEBUN SWADAYA","area_ha":388,"type":" ","layer":"gfw_konsesi"}},{"arcs":[[664,-616,-258]],"type":"Polygon","properties":{"group":"No group","hgu":" ","name":"KEBUN SWADAYA 9","company":"KEBUN SWADAYA","area_ha":626,"type":" ","layer":"gfw_konsesi"}},{"arcs":[[-478,665,-482,666,-387]],"type":"Polygon","properties":{"group":"No group","hgu":" ","name":"PT. PERMATA SAWIT PERMAI","company":"PT. PERMATA SAWIT PERMAI","area_ha":4395,"type":" ","layer":"gfw_konsesi"}},{"arcs":[[667]],"type":"Polygon","properties":{"group":"No group","hgu":" ","name":"PT. SURYA BUANA BERSAMA","company":"PT. SURYA BUANA BERSAMA","area_ha":9083,"type":" ","layer":"gfw_konsesi"}},{"arcs":[[-622,668,669,670,-261,-260]],"type":"Polygon","properties":{"group":"Duta Palma Group","hgu":" ","name":"PT. BANYU BENING UTAMA","company":"PT. BANYU BENING UTAMA","area_ha":5471,"type":"Izin Lokasi","layer":"gfw_konsesi"}},{"arcs":[[-408,671]],"type":"Polygon","properties":{"group":"Salim Group","hgu":" ","name":"PT. INDRI PLANT","company":"PT. INDRI PLANT","area_ha":1479,"type":" ","layer":"gfw_konsesi"}},{"arcs":[[672,-209,673,-406]],"type":"Polygon","properties":{"group":"No group","hgu":" ","name":"KEBUN SWADAYA 10","company":"KEBUN SWADAYA","area_ha":7094,"type":" ","layer":"gfw_konsesi"}},{"arcs":[[-410,674,675]],"type":"Polygon","properties":{"group":"No group","hgu":" ","name":"KEBUN SWADAYA 11","company":"KEBUN SWADAYA","area_ha":2381,"type":" ","layer":"gfw_konsesi"}},{"arcs":[[-637,-650,676,677]],"type":"Polygon","properties":{"group":"No group","hgu":" ","name":"KEBUN SWADAYA 12","company":"KEBUN SWADAYA","area_ha":2213,"type":" ","layer":"gfw_konsesi"}},{"arcs":[[-397,-638,-678,678,679]],"type":"Polygon","properties":{"group":"No group","hgu":" ","name":"PT. ARIAN MULTI KAWA 3","company":"PT. ARIAN MULTI KAWA","area_ha":6173,"type":" ","layer":"gfw_konsesi"}},{"arcs":[[-398,-680,680,-628]],"type":"Polygon","properties":{"group":"No group","hgu":" ","name":"PT. KHARISMA RIAU SENTOSA PRIMA 3","company":"PT. KHARISMA RIAU SENTOSA PRIMA","area_ha":5042,"type":" ","layer":"gfw_konsesi"}},{"arcs":[[-299,-646,681,682,-414]],"type":"Polygon","properties":{"group":"No group","hgu":" ","name":"PT. PERKEBUNAN V AIR MOLEK","company":"PT. PERKEBUNAN V AIR MOLEK","area_ha":3598,"type":" ","layer":"gfw_konsesi"}},{"arcs":[[683,-421,-683]],"type":"Polygon","properties":{"group":"No group","hgu":" ","name":"KEBUN SWADAYA 13","company":"KEBUN SWADAYA","area_ha":1528,"type":" ","layer":"gfw_konsesi"}},{"arcs":[[-652,684,685,686]],"type":"Polygon","properties":{"group":"Sambu Group","hgu":" ","name":"PT. AGRORAYA GEMATRANS","company":"PT. AGRORAYA GEMATRANS","area_ha":51716,"type":" ","layer":"gfw_konsesi"}},{"arcs":[[-483,-666,687]],"type":"Polygon","properties":{"group":"Duta Palma Group","hgu":" ","name":"PT. SRI ANUGRAH 1","company":"PT. SRI ANUGRAH","area_ha":1943,"type":" ","layer":"gfw_konsesi"}},{"arcs":[[-485,688]],"type":"Polygon","properties":{"group":"Duta Palma Group","hgu":" ","name":"PT. SRI ANUGRAH 2","company":"PT. SRI ANUGRAH","area_ha":1350,"type":" ","layer":"gfw_konsesi"}},{"arcs":[[689]],"type":"Polygon","properties":{"group":"Duta Palma Group","hgu":" ","name":"PT. SRI ANUGRAH 3","company":"PT. SRI ANUGRAH","area_ha":2463,"type":" ","layer":"gfw_konsesi"}},{"arcs":[[[-380,690]],[[-670,691]],[[692]]],"type":"MultiPolygon","properties":{"group":"Duta Palma Group","hgu":" ","name":"PT. BERTUAH ANEKA YASA","company":"PT. BERTUAH ANEKA YASA","area_ha":9950,"type":"Izin Lokasi","layer":"gfw_konsesi"}},{"arcs":[[693]],"type":"Polygon","properties":{"group":"No group","hgu":" ","name":"PT. KHARISMA RIAU SENTOSA PRIMA 4","company":"PT. KHARISMA RIAU SENTOSA PRIMA","area_ha":936,"type":" ","layer":"gfw_konsesi"}},{"arcs":[[694]],"type":"Polygon","properties":{"group":"No group","hgu":" ","name":"PT. BASKARASATRIATAMA RIAU 1","company":"PT. BASKARASATRIATAMA RIAU","area_ha":9334,"type":" ","layer":"gfw_konsesi"}},{"arcs":[[695]],"type":"Polygon","properties":{"group":"No group","hgu":" ","name":"PT. BASKARASATRIATAMA RIAU 2","company":"PT. BASKARASATRIATAMA RIAU","area_ha":182,"type":" ","layer":"gfw_konsesi"}},{"arcs":[[-487,696,-582,697]],"type":"Polygon","properties":{"group":"Wilmar","hgu":" ","name":"PT. CITRA RIAU SARANA","company":"PT. CITRA RIAU SARANA","area_ha":20337,"type":" ","layer":"gfw_konsesi"}},{"arcs":[[698,699,700,701,702,703]],"type":"Polygon","properties":{"group":"No group","hgu":" ","name":"PT. SAFARI RIAU","company":"PT. SAFARI RIAU","area_ha":2124,"type":" ","layer":"gfw_konsesi"}},{"arcs":[[[704]],[[705]]],"type":"MultiPolygon","properties":{"group":"Klau River Enterprise Sdn Bhd","hgu":" ","name":"PT. LANGGAM INTI HIBRINDO 3","company":"PT. LANGGAM INTI HIBRINDO","area_ha":7134,"type":" ","layer":"gfw_konsesi"}},{"arcs":[[706,-321]],"type":"Polygon","properties":{"group":"No group","hgu":" ","name":"PT. PERKEBUNAN V (NES / PIR AIR MOLEK)","company":"PT. PERKEBUNAN V (NES / PIR AIR MOLEK)","area_ha":1020,"type":" ","layer":"gfw_konsesi"}},{"arcs":[[707,-323]],"type":"Polygon","properties":{"group":"No group","hgu":" ","name":"KEBUN SWADAYA 14","company":"KEBUN SWADAYA","area_ha":853,"type":" ","layer":"gfw_konsesi"}},{"arcs":[[[698,708,700,709]],[[711]]],"type":"MultiPolygon","properties":{"group":"Siak Raya Group","hgu":" ","name":"PT. PEPUTRA SUPRA JAYA","company":"PT. PEPUTRA SUPRA JAYA","area_ha":17524,"type":"Pencadangan","layer":"gfw_konsesi"}},{"arcs":[[[712]],[[713]]],"type":"MultiPolygon","properties":{"group":"No group","hgu":" ","name":"PT. SAKTI SAWIT JAYA 2","company":"PT. SAKTI SAWIT JAYA","area_ha":2237,"type":"Pencadangan","layer":"gfw_konsesi"}},{"arcs":[[714]],"type":"Polygon","properties":{"group":"No group","hgu":" ","name":"PT. BINA FITRI JAYA","company":"PT. BINA FITRI JAYA","area_ha":4008,"type":"Panitia B","layer":"gfw_konsesi"}},{"arcs":[[715]],"type":"Polygon","properties":{"group":"Surya Dumai Group","hgu":"No. 13/HGU/1993","name":"PT. ARINDO TRI SEJAHTERA 1","company":"PT. ARINDO TRI SEJAHTERA","area_ha":4949,"type":"HGU","layer":"gfw_konsesi"}},{"arcs":[[716]],"type":"Polygon","properties":{"group":"Surya Dumai Group","hgu":" ","name":"PT. ARINDO TRI SEJAHTERA 2","company":"PT. ARINDO TRI SEJAHTERA","area_ha":3317,"type":"HGU","layer":"gfw_konsesi"}},{"arcs":[[717]],"type":"Polygon","properties":{"group":"No group","hgu":" ","name":"PT. PERKEBUNAN IV BAGAN SINEMBAH","company":"PT. PERKEBUNAN IV BAGAN SINEMBAH","area_ha":25196,"type":"HGU","layer":"gfw_konsesi"}},{"arcs":[[718]],"type":"Polygon","properties":{"group":"Wilmar","hgu":"No. 26/HGU/BPN/94","name":"PT. MURINI SAMSAM 2","company":"PT. MURINI SAMSAM","area_ha":1457,"type":"HGU","layer":"gfw_konsesi"}},{"arcs":[[719]],"type":"Polygon","properties":{"group":"No group","hgu":" ","name":"No name","company":"No name","area_ha":8963,"type":" ","layer":"gfw_konsesi"}},{"arcs":[[720]],"type":"Polygon","properties":{"group":"No group","hgu":" ","name":"No name","company":"No name","area_ha":5009,"type":" ","layer":"gfw_konsesi"}},{"arcs":[[721,722]],"type":"Polygon","properties":{"group":"No group","hgu":" ","name":"PT. MARITA MAKMUR JAYA 1","company":"PT. MARITA MAKMUR JAYA","area_ha":6235,"type":"Pencadangan","layer":"gfw_konsesi"}},{"arcs":[[[723,431,724,429,725]],[[726,433]],[[727]]],"type":"MultiPolygon","properties":{"group":"No group","hgu":" ","name":"PT. MARITA MAKMUR JAYA 2","company":"PT. MARITA MAKMUR JAYA","area_ha":18678,"type":"Pencadangan","layer":"gfw_konsesi"}},{"arcs":[[728]],"type":"Polygon","properties":{"group":"Surya Dumai Group","hgu":" ","name":"PT. SURYA DUMAI AGRINDO 2","company":"PT. SURYA DUMAI AGRINDO","area_ha":3894,"type":"Izin Lokasi","layer":"gfw_konsesi"}}]}}}