{"type":"FeatureCollection","features":[{"type":"Feature","geometry":{"type":"Polygon","coordinates":[[[100.9262300746966,-0.7595393974694404],[100.92869509315877,-0.7815699562478208],[100.93964120682956,-0.7858683556523461],[100.96559062215128,-0.7736400565652685],[100.97086949196836,-0.7831542246989548],[100.96200484218451,-0.8094570764667592],[100.96758758062116,-0.8072427430744515],[100.96434569640637,-0.817929319527853],[100.97684345389779,-0.8391524398240898],[101.00602066156242,-0.837507663172814],[101.02699032000558,-0.8715056672702897],[101.04450268990692,-0.8695318643397286],[101.06867488815205,-0.8975223038090824],[101.0884935738492,-0.9017637469465182],[101.10097608782854,-0.8918978875455675],[101.08743686941082,-0.8382859701335126],[101.0693465198624,-0.8353992813860762],[101.06085794707731,-0.8087864548628133],[101.04880844172617,-0.80113817996503],[101.02925449762806,-0.8256012118928371],[101.04130005578185,-0.8414415034136372],[101.06159462220413,-0.8419806993986981],[101.0827562398437,-0.861933977992939],[101.04771016325641,-0.8504782680616955],[100.997848975782,-0.8170688929399602],[100.97390652795903,-0.7681573145329712],[101.01685333238592,-0.7885193230904115],[101.00999043448225,-0.7568945774453374],[100.96177170062218,-0.7512805527637267],[100.9262300746966,-0.7595393974694404]]]},"properties":{"name":"PT. AGRO WIRATAMA 1","company":"PT. AGRO WIRATAMA","group":"No group","area_ha":10583,"type":" ","hgu":" ","layer":"gfw_konsesi"}},{"type":"Feature","geometry":{"type":"Polygon","coordinates":[[[101.2995700136762,-0.7686755365544786],[101.33162689225668,-0.7911963455839176],[101.34026336726342,-0.7761703128151842],[101.31705474870446,-0.7607290745275442],[101.30479638504974,-0.766104426817441],[101.30009242803136,-0.7598061080868125],[101.2995700136762,-0.7686755365544786]]]},"properties":{"name":"PT. ALAM PERMAI SUMBAR NUSA 1","company":"PT. ALAM PERMAI SUMBAR NUSA","group":"No group","area_ha":744,"type":" ","hgu":" ","layer":"gfw_konsesi"}},{"type":"Feature","geometry":{"type":"Polygon","coordinates":[[[101.31235536321256,-0.7594865730873996],[101.34026336726342,-0.7761703128151842],[101.32752891896604,-0.7900544341740199],[101.33407362820616,-0.795112221643046],[101.34223406258764,-0.7873155246626801],[101.36838076950535,-0.7971404666560872],[101.37262812094964,-0.77720980434019],[101.38429761378276,-0.7807163387238666],[101.38660593372002,-0.7713724289260249],[101.39356992083921,-0.7724068870277704],[101.39244512859386,-0.7397917684432626],[101.38375922917851,-0.7397791212183648],[101.38308050437064,-0.731059526576088],[101.34545201568324,-0.7305105909964593],[101.31235536321256,-0.7594865730873996]]]},"properties":{"name":"PT. ANAM KOTO 1","company":"PT. ANAM KOTO","group":"No group","area_ha":4257,"type":" ","hgu":" ","layer":"gfw_konsesi"}},{"type":"Feature","geometry":{"type":"Polygon","coordinates":[[[101.29771693117887,-0.7662795835337182],[101.30009242803136,-0.7598061080868125],[101.29836676886215,-0.7588457909789795],[101.29468918915818,-0.7606207167118275],[101.29771693117887,-0.7662795835337182]]]},"properties":{"name":"PT. ANAM KOTO 2","company":"PT. ANAM KOTO","group":"No group","area_ha":23,"type":" ","hgu":" ","layer":"gfw_konsesi"}},{"type":"Feature","geometry":{"type":"Polygon","coordinates":[[[101.32272773548782,-0.7857133174228782],[101.32363128705171,-0.7857989673235471],[101.32177841925176,-0.7848490288602289],[101.32272773548782,-0.7857133174228782]]]},"properties":{"name":"PT. ANAM KOTO 3","company":"PT. ANAM KOTO","group":"No group","area_ha":2,"type":" ","hgu":" ","layer":"gfw_konsesi"}},{"type":"Feature","geometry":{"type":"Polygon","coordinates":[[[101.30147666361223,-0.7704420049423734],[101.2995700136762,-0.7686755365544786],[101.30080180515337,-0.7700641447990536],[101.30147666361223,-0.7704420049423734]]]},"properties":{"name":"PT. ANAM KOTO 4","company":"PT. ANAM KOTO","group":"No group","area_ha":0,"type":" ","hgu":" ","layer":"gfw_konsesi"}},{"type":"Feature","geometry":{"type":"Polygon","coordinates":[[[101.32728710416963,-0.7898602754925428],[101.327133178744,-0.7897264356385516],[101.32686347485132,-0.7895201337704272],[101.32728710416963,-0.7898602754925428]]]},"properties":{"name":"PT. ANAM KOTO 5","company":"PT. ANAM KOTO","group":"No group","area_ha":0,"type":" ","hgu":" ","layer":"gfw_konsesi"}},{"type":"Feature","geometry":{"type":"Polygon","coordinates":[[[100.04713079475351,-0.08281287872029591],[100.0306532373471,-0.09615532283878707],[100.03219033834154,-0.11435179552443006],[100.05352699630748,-0.1079706087470665],[100.04713079475351,-0.08281287872029591]]]},"properties":{"name":"PT. BAKRIE NUSANTARA PLANTATION","company":"PT. BAKRIE NUSANTARA PLANTATION","group":"No group","area_ha":588,"type":" ","hgu":" ","layer":"gfw_konsesi"}},{"type":"Feature","geometry":{"type":"Polygon","coordinates":[[[101.42722320629085,-0.833096564014392],[101.3983535772879,-0.8401345603731578],[101.41092681931431,-0.8423637149280112],[101.41597747752334,-0.8691957588444392],[101.42338562046511,-0.8693419104955558],[101.4232101435575,-0.8800627591297912],[101.41184234631929,-0.8801916836018345],[101.42184448244176,-0.9052761199992156],[101.45854949942381,-0.9102968566015098],[101.43837737966295,-0.8894254576004847],[101.43580627375904,-0.8758432873431126],[101.44892120439334,-0.8400591019164758],[101.47298431392531,-0.8397727012706933],[101.44068145865371,-0.8203544025604526],[101.43330383327881,-0.8114203205812276],[101.4399185176863,-0.8080536723199855],[101.41849517768533,-0.8070014121625465],[101.42722320629085,-0.833096564014392]]]},"properties":{"name":"PT. SCORPIO KEBUN TELADAN 1","company":"PT. SCORPIO KEBUN TELADAN","group":"No group","area_ha":3364,"type":" ","hgu":" ","layer":"gfw_konsesi"}},{"type":"Feature","geometry":{"type":"Polygon","coordinates":[[[101.59282684289242,-0.9208486674527335],[101.59154510508549,-0.8669404387662294],[101.58171081468227,-0.8540953996582032],[101.56842804012531,-0.8522372249218819],[101.57404327421906,-0.8830531239920357],[101.55986022964395,-0.8918166762087242],[101.5595245364088,-0.9031122922577702],[101.59282684289242,-0.9208486674527335]],[[101.57609558148685,-0.866299212027295],[101.57056427070188,-0.8638967871611096],[101.5721893311357,-0.8564445970893675],[101.57545471168503,-0.8578199156955212],[101.57609558148685,-0.866299212027295]]]},"properties":{"name":"PT. SCORPIO KEBUN TELADAN 2","company":"PT. SCORPIO KEBUN TELADAN","group":"No group","area_ha":1750,"type":" ","hgu":" ","layer":"gfw_konsesi"}},{"type":"Feature","geometry":{"type":"Polygon","coordinates":[[[101.63182067918352,-0.96546018092793],[101.6318283076769,-0.9468351014882518],[101.64579009989248,-0.945622027463297],[101.62205505420397,-0.9175730939991207],[101.61966705280274,-0.9500550621768982],[101.5720214845181,-0.9330336447421869],[101.5746688834408,-0.9407019619700006],[101.55133819551283,-0.9349106550906986],[101.5651168823274,-0.9465150242434375],[101.61421203593488,-0.9517265562776244],[101.63182067918352,-0.96546018092793]]]},"properties":{"name":"PT. SELAGO MAKMUR PLANTATION 1","company":"PT. SELAGO MAKMUR PLANTATION","group":"No group","area_ha":1235,"type":" ","hgu":" ","layer":"gfw_konsesi"}},{"type":"Feature","geometry":{"type":"Polygon","coordinates":[[[101.2623138434364,-1.128124951949665],[101.2684478761663,-1.1156359912691765],[101.27728271535749,-1.1217119691119237],[101.28996276886778,-1.1180789473372597],[101.29485320985094,-1.0968250039495855],[101.30439758336928,-1.0913590182298714],[101.3095321657854,-1.0452959539183921],[101.32036590650239,-1.0292079457068988],[101.31572723364893,-1.0145740505010334],[101.23866272015837,-1.0153779982672404],[101.2501144407054,-1.0688680409537883],[101.24735260000877,-1.0956510309528524],[101.23429107691305,-1.108055949418626],[101.23326873842417,-1.1228309869864601],[101.24760436993513,-1.1109969627325431],[101.2623138434364,-1.128124951949665]]]},"properties":{"name":"PT. TIDAR KERINCI AGUNG (II)","company":"PT. TIDAR KERINCI AGUNG (II)","group":"No group","area_ha":8306,"type":" ","hgu":" ","layer":"gfw_konsesi"}},{"type":"Feature","geometry":{"type":"Polygon","coordinates":[[[100.06131020384669,2.1461101004624568],[100.00917565976421,2.1329158990709858],[99.99766588559194,2.1144617234286014],[100.03302829761833,2.1143726047955953],[100.03291833574274,2.1235396108175184],[100.05716755374367,2.123392880216547],[100.12030555275817,2.112943949121108],[100.12015136322788,2.1461365758914663],[100.06131020384669,2.1461101004624568]]]},"properties":{"name":"PT. INDO SEPADAN JAYA","company":"PT. INDO SEPADAN JAYA","group":"No group","area_ha":3423,"type":" ","hgu":" ","layer":"gfw_konsesi"}},{"type":"Feature","geometry":{"type":"Polygon","coordinates":[[[100.30600152165536,2.0005866113677646],[100.33955826336681,2.1227710362920607],[100.26017672436564,2.129265888832775],[100.25147181839549,2.079832839869999],[100.25246408757684,2.0000904770122783],[100.30600152165536,2.0005866113677646]]]},"properties":{"name":"PT. ABDI BUDI MULYA","company":"PT. ABDI BUDI MULYA","group":"No group","area_ha":11153,"type":" ","hgu":" ","layer":"gfw_konsesi"}},{"type":"Feature","geometry":{"type":"Polygon","coordinates":[[[99.97698211688629,1.6061576602181127],[100.00093841583265,1.623069405991112],[99.99623107935214,1.6331011066073815],[100.00645446783419,1.6247644423670116],[100.02573394786688,1.6262599233383481],[100.01539611761096,1.6340789788490666],[100.03914642298119,1.683493018446357],[100.04235076929518,1.720872164239437],[100.02289581325319,1.673663616187589],[99.98651123072287,1.6324008703932014],[99.95728302030966,1.628566265181957],[99.9253082279832,1.6702213286797742],[99.91401672376375,1.6609559059893302],[99.89089965790528,1.6590206622007375],[99.89094543425551,1.6339490409949118],[99.90448760992717,1.6246570344801192],[99.88681030305148,1.6126040220273696],[99.89546203594331,1.6027734277122916],[99.90959930416817,1.6148452756357734],[99.93124389563035,1.6111978295281908],[99.9360961914516,1.6235075001668797],[99.96623229947811,1.6279543643869154],[99.9684524542618,1.6084233517508624],[99.97698211688629,1.6061576602181127]]]},"properties":{"name":"PT. TAPIAN NADENGGAN","company":"PT. TAPIAN NADENGGAN","group":"No group","area_ha":5456,"type":" ","hgu":" ","layer":"gfw_konsesi"}},{"type":"Feature","geometry":{"type":"Polygon","coordinates":[[[100.26696594783957,1.5603223423955845],[100.31211948082988,1.5603223423955845],[100.31218245632456,1.6039014845844715],[100.32314021755134,1.603712557579986],[100.31230840821225,1.6278322266528813],[100.25789745594467,1.6280841302213045],[100.20776884809503,1.6385380856759704],[100.18478274043528,1.6156779290497105],[100.17754054237766,1.6231720305570254],[100.17728863860232,1.5831825006151623],[100.26702892333425,1.5825527426201356],[100.26696594783957,1.5603223423955845]]]},"properties":{"name":"PT. TORGANDA 1","company":"PT. TORGANDA","group":"No group","area_ha":9132,"type":" ","hgu":" ","layer":"gfw_konsesi"}},{"type":"Feature","geometry":{"type":"Polygon","coordinates":[[[100.01310592747278,0.9331425653980453],[100.0933753684873,0.9252332235773444],[100.09346544705245,0.9435190427838686],[100.14186732044949,0.9443297440449784],[100.14761729375101,0.9609341092294534],[100.1347211379227,0.9663537976872206],[100.14236274761689,0.9754516678509306],[100.13772096479596,1.0022391611487567],[100.14483156056278,1.0062258774024426],[100.07071576609404,1.0044542582964384],[100.07138301043257,1.023937781283673],[100.05787799357263,1.02396447045971],[100.05819826992088,1.0323183647214365],[100.0323358968586,1.0282615210065413],[99.99945411691229,1.00741682184192],[99.97300456904767,1.006856337247392],[99.9720170483609,0.9251589937860472],[100.00207638636321,0.9256761070984307],[100.01310592747278,0.9331425653980453]]]},"properties":{"name":"PT. PERKEBUNAN VII","company":"PT. PERKEBUNAN VII","group":"No group","area_ha":16994,"type":" ","hgu":" ","layer":"gfw_konsesi"}},{"type":"Feature","geometry":{"type":"Polygon","coordinates":[[[100.13450095994821,2.315274174330907],[100.14651821757731,2.314139678755929],[100.14399711369872,2.174008376205601],[100.18714999255012,2.172915897739883],[100.19647807151095,2.1800590227508088],[100.19042742579563,2.255145870235091],[100.15340923274935,2.2561543113342517],[100.14979565172112,2.417252785475294],[100.12245803295993,2.417730924443417],[100.12235764802354,2.3801925735303047],[100.1284923311337,2.380108535935676],[100.12853435072942,2.3708224736199455],[100.13845068786081,2.3713266953209886],[100.13819857657464,2.3443088755549812],[100.12861838722593,2.3438046548356737],[100.13450095994821,2.315274174330907]]]},"properties":{"name":"PT. CISADANE SAWIT RAYA","company":"PT. CISADANE SAWIT RAYA","group":"No group","area_ha":8317,"type":" ","hgu":" ","layer":"gfw_konsesi"}},{"type":"Feature","geometry":{"type":"Polygon","coordinates":[[[100.33693411553863,2.268338473028483],[100.3034157363814,2.3416206632639684],[100.30234403546767,2.36150256871178],[100.25603915154062,2.3614656128895],[100.24905461635761,2.372478267031554],[100.25219580841221,2.404961900703941],[100.23386602370459,2.40481408028031],[100.23527032046239,2.3756933709920323],[100.24443521416367,2.361280837353629],[100.23235085867107,2.335486097965367],[100.23641593296107,2.291028974878842],[100.3158696426122,2.2908441990914143],[100.31594355419716,2.268338473028483],[100.33693411553863,2.268338473028483]]]},"properties":{"name":"PT. WANANAULI NUSAPERSADA","company":"PT. WANANAULI NUSAPERSADA","group":"No group","area_ha":7838,"type":" ","hgu":" ","layer":"gfw_konsesi"}},{"type":"Feature","geometry":{"type":"Polygon","coordinates":[[[100.17153655066663,2.353829478144802],[100.15449012792,2.3538632343780654],[100.15652388497716,2.2571205681615263],[100.19247326968494,2.2571712010151486],[100.18932558909904,2.2963779720757485],[100.17153655066663,2.353829478144802]]]},"properties":{"name":"PT. PERKEBUNAN VI","company":"PT. PERKEBUNAN VI","group":"No group","area_ha":3364,"type":" ","hgu":" ","layer":"gfw_konsesi"}},{"type":"Feature","geometry":{"type":"Polygon","coordinates":[[[100.08673574235597,2.1993232822327258],[100.08644582547106,2.1825760457528],[100.0693741681498,2.1646285152741296],[100.15022441940286,2.164454724628136],[100.14881391348985,2.312997385863802],[100.13327687421959,2.3139997743329648],[100.13965571762733,2.2894867916020725],[100.1285838676645,2.248206564355313],[100.12849274166378,2.197039127399115],[100.08673574235597,2.1993232822327258]]]},"properties":{"name":"PT. DAYA LABUHAN INDAH","company":"PT. DAYA LABUHAN INDAH","group":"No group","area_ha":5246,"type":" ","hgu":" ","layer":"gfw_konsesi"}},{"type":"Feature","geometry":{"type":"Polygon","coordinates":[[[100.0719342714881,2.164572411528998],[100.06118287573999,2.1461435688589314],[100.12497844783069,2.1461287184531193],[100.12505269718217,2.164253136574166],[100.0719342714881,2.164572411528998]]]},"properties":{"name":"PT. CIPTA JAYA RAYA","company":"PT. CIPTA JAYA RAYA","group":"No group","area_ha":1302,"type":" ","hgu":" ","layer":"gfw_konsesi"}},{"type":"Feature","geometry":{"type":"Polygon","coordinates":[[[100.08609292590495,2.1992486540070337],[100.12253825251479,2.1993652170157327],[100.12319877565834,2.255742796983527],[100.11060998469269,2.255781650429039],[100.11111509120728,2.2365099208809847],[100.08955095825182,2.245679535687925],[100.09782692226706,2.222056123753082],[100.08609292590495,2.1992486540070337]]]},"properties":{"name":"PT. SURYA MAKMUR","company":"PT. SURYA MAKMUR","group":"No group","area_ha":1794,"type":" ","hgu":" ","layer":"gfw_konsesi"}},{"type":"Feature","geometry":{"type":"Polygon","coordinates":[[[100.12900574526803,1.9153359550655313],[100.13886737140533,1.9152669931190431],[100.1393501071744,1.9271630093998346],[100.16365935778916,1.9329903336598653],[100.16496964405583,1.9266113094894364],[100.1788310890643,1.9403348302834347],[100.13917770160676,1.9435071002221338],[100.12900574526803,1.9153359550655313]]]},"properties":{"name":"PT. SUNGAI PINANG 6","company":"PT. SUNGAI PINANG","group":"No group","area_ha":789,"type":" ","hgu":" ","layer":"gfw_konsesi"}},{"type":"Feature","geometry":{"type":"Polygon","coordinates":[[[100.16402914747924,1.8773604003756061],[100.17187088205579,1.8719429254028472],[100.18639169677101,1.8833468350851106],[100.17115350004633,1.8746145570360349],[100.16402914747924,1.8773604003756061]]]},"properties":{"name":"PT. SUNGAI PINANG 7","company":"PT. SUNGAI PINANG","group":"No group","area_ha":73,"type":" ","hgu":" ","layer":"gfw_konsesi"}},{"type":"Feature","geometry":{"type":"Polygon","coordinates":[[[100.14975570813202,1.87562878741879],[100.11084388533143,1.8726603077974995],[100.12298991465985,1.8629137994814537],[100.11217970082018,1.8590795127093798],[100.1201203848253,1.8470819068734996],[100.1376096779053,1.8456718791924551],[100.14958254708122,1.8321652960119206],[100.14713355097051,1.8253377926662446],[100.15831482561637,1.8477003403440082],[100.17182140734153,1.851905687616203],[100.16613182059005,1.8571500006504633],[100.14532772614534,1.8500503873632086],[100.15410947759815,1.8574468483132716],[100.14240871979987,1.8591289865210407],[100.14975570813202,1.87562878741879]]]},"properties":{"name":"PT. SUNGAI PINANG 8","company":"PT. SUNGAI PINANG","group":"No group","area_ha":1486,"type":" ","hgu":" ","layer":"gfw_konsesi"}},{"type":"Feature","geometry":{"type":"Polygon","coordinates":[[[99.85592865442459,1.3966255187363088],[99.867761844557,1.423011422401692],[99.89476227348982,1.4392533304166912],[99.89984344836735,1.4300209279849845],[99.92255615646529,1.456943511612344],[99.93387817825159,1.4542565351811307],[99.96262573698722,1.4715983864412672],[100.00792908201747,1.4670939446353548],[100.02247070800287,1.5108088251137792],[100.00503754076348,1.5188093184552691],[99.99820923248987,1.5084049703250038],[99.993990177977,1.5191894767108167],[99.91555237308071,1.4771118157619705],[99.8483221472984,1.4218045466983908],[99.84400391159166,1.413586019482432],[99.85592865442459,1.3966255187363088]]]},"properties":{"name":"PT. EKA PENDAWA SAKTI","company":"PT. EKA PENDAWA SAKTI","group":"No group","area_ha":6286,"type":" ","hgu":" ","layer":"gfw_konsesi"}},{"type":"Feature","geometry":{"type":"Polygon","coordinates":[[[103.65536600439813,-1.0510712534347866],[103.65508643969856,-1.0690752578980025],[103.56713519746567,-1.0966403962548419],[103.56691154570603,-1.1129110962297084],[103.60191312065244,-1.1170486634346242],[103.64888009079166,-1.1059778774352587],[103.68936114552781,-1.1259947525362781],[103.69555330195153,-1.065243996999918],[103.6776753159329,-1.0649936043435766],[103.67777364282895,-1.0514244393957466],[103.65536600439813,-1.0510712534347866]]]},"properties":{"name":"PT. MENDAHARA AGRO JAYA INDUSTRI  (I)","company":"PT. MENDAHARA AGRO JAYA INDUSTRI  (I)","group":"No group","area_ha":5885,"type":" ","hgu":" ","layer":"gfw_konsesi"}},{"type":"Feature","geometry":{"type":"Polygon","coordinates":[[[102.49288269462164,-1.3415139144397838],[102.4329047774355,-1.3080938422212471],[102.2523667112192,-1.1590751604824796],[102.24303199011516,-1.176727525505506],[102.24679153839388,-1.1919798697117396],[102.27147341198511,-1.201100583888035],[102.35115757903249,-1.3040525284513103],[102.35021554723508,-1.3382542062566913],[102.39039760491542,-1.3403885079145328],[102.44954096384636,-1.380124345795373],[102.4645215884263,-1.4179831804809466],[102.49558070642405,-1.420214336022238],[102.49618276361568,-1.4129188074837136],[102.51204876684129,-1.4134500361781523],[102.53414784295519,-1.431299289252107],[102.52687243687642,-1.4023859256054483],[102.51307317594689,-1.4095785372836847],[102.50808645173497,-1.390758835007862],[102.49282283897594,-1.4088762214027213],[102.48323415875115,-1.4034785117224082],[102.49145302674526,-1.3662653019967392],[102.48258186776884,-1.3595956255326211],[102.49288269462164,-1.3415139144397838]]]},"properties":{"name":"PT. RIGUNAS AGRI UTAMA","company":"PT. RIGUNAS AGRI UTAMA","group":"No group","area_ha":19394,"type":" ","hgu":" ","layer":"gfw_konsesi"}},{"type":"Feature","geometry":{"type":"Polygon","coordinates":[[[103.724166869776,-1.1837840409610951],[103.69423021648868,-1.1516569009277746],[103.69496037793138,-1.165529984521144],[103.65460231693072,-1.1661937676509184],[103.66714783335418,-1.2109991814067473],[103.67478134832936,-1.1911520419219652],[103.68254761903216,-1.1953338803846558],[103.68606567411138,-1.18557625851377],[103.71938762585197,-1.1942054483102644],[103.724166869776,-1.1837840409610951]]]},"properties":{"name":"PT. KASWARI UNGGUL 1","company":"PT. KASWARI UNGGUL","group":"No group","area_ha":2035,"type":" ","hgu":" ","layer":"gfw_konsesi"}},{"type":"Feature","geometry":{"type":"Polygon","coordinates":[[[103.84140855770501,-1.1670087039346286],[103.82827629677223,-1.184784158841558],[103.82926121503962,-1.196650095289596],[103.84966312295184,-1.221882800101709],[103.83104345100374,-1.2384857317829636],[103.8545408213327,-1.2435979351445738],[103.86129455596301,-1.2412997891768816],[103.86017868488678,-1.2274362315008849],[103.88234150275828,-1.215603676536034],[103.88537017992522,-1.191942138754608],[103.89379690460132,-1.1852062668496222],[103.87742847723055,-1.1703855715650386],[103.84140855770501,-1.1670087039346286]]]},"properties":{"name":"PT. KASWARI UNGGUL 3","company":"PT. KASWARI UNGGUL","group":"No group","area_ha":3846,"type":" ","hgu":" ","layer":"gfw_konsesi"}},{"type":"Feature","geometry":{"type":"Polygon","coordinates":[[[103.16583866905307,-1.0247173377593228],[103.14070780580472,-1.0349422041039789],[103.13139652533971,-1.0584082542055915],[103.16516584887155,-1.0584436974749414],[103.16583866905307,-1.0247173377593228]]]},"properties":{"name":"PT. AGROWIYANA (II)","company":"PT. AGROWIYANA (II)","group":"No group","area_ha":1061,"type":" ","hgu":" ","layer":"gfw_konsesi"}},{"type":"Feature","geometry":{"type":"Polygon","coordinates":[[[103.12854830983188,-1.0027343337471013],[103.06800063438018,-0.995262234815881],[103.06919371296016,-1.0045688010421083],[103.07879165481552,-1.0055358207011873],[103.09174055163248,-1.0221424628176858],[103.12854830983188,-1.0027343337471013]]]},"properties":{"name":"PT. WIRAKARYA SAKTI","company":"PT. WIRAKARYA SAKTI","group":"No group","area_ha":1122,"type":" ","hgu":" ","layer":"gfw_konsesi"}},{"type":"Feature","geometry":{"type":"Polygon","coordinates":[[[103.13447147921849,-0.9997231089344816],[103.09174055163248,-1.0221424628176858],[103.07879165481552,-1.0055358207011873],[103.06919371296016,-1.0045688010421083],[103.06621588582823,-1.0212102325449588],[103.05062437002418,-1.014282391687992],[103.04834608795345,-1.0283395540694154],[103.06268222252095,-1.0531061963070434],[103.05539791593438,-1.112434548098933],[103.06736277662954,-1.104375315241496],[103.06544900574826,-1.1157041344273566],[103.0783958786609,-1.1368279779540944],[103.11816776019262,-1.1629715727798549],[103.12784384290126,-1.1611544679099353],[103.12597398706095,-1.0496537399377779],[103.16917187599965,-1.0227211013141482],[103.17838973257342,-1.000876684342297],[103.13447147921849,-0.9997231089344816]]]},"properties":{"name":"PT. AGROWIYANA (I)","company":"PT. AGROWIYANA (I)","group":"No group","area_ha":12688,"type":" ","hgu":" ","layer":"gfw_konsesi"}},{"type":"Feature","geometry":{"type":"Polygon","coordinates":[[[102.94536003206775,-1.0955947941229445],[102.92892579771257,-1.095758317787325],[102.91715201766146,-1.11301017698119],[102.9212401355351,-1.1701620697406283],[102.93599824202924,-1.1773162765670795],[102.92778112395334,-1.1833666900976252],[102.93767436989033,-1.2037663995100025],[102.91913343707353,-1.2110903580035257],[102.91916387828357,-1.2370719652726803],[102.97618350130526,-1.2372467797857514],[102.97644218556435,-1.209526024218178],[102.95582561533354,-1.2096532898232393],[102.95639795086566,-1.1653380892836576],[102.94495122046007,-1.165378971239403],[102.94536003206775,-1.0955947941229445]]]},"properties":{"name":"PT. BUKIT KAUSAR (III)","company":"PT. BUKIT KAUSAR (III)","group":"No group","area_ha":5526,"type":" ","hgu":" ","layer":"gfw_konsesi"}},{"type":"Feature","geometry":{"type":"Polygon","coordinates":[[[103.00530585873699,-1.0659706757416434],[102.9995034849083,-1.0778931170228339],[103.02381198632813,-1.0858757977797728],[103.02995998786068,-1.072102368990131],[103.00530585873699,-1.0659706757416434]]]},"properties":{"name":"PT. ANEKAPURA MULTI KERTA","company":"PT. ANEKAPURA MULTI KERTA","group":"No group","area_ha":481,"type":" ","hgu":" ","layer":"gfw_konsesi"}},{"type":"Feature","geometry":{"type":"Polygon","coordinates":[[[103.0388237123798,-1.146794972383769],[103.01329344288477,-1.1140533102690278],[102.98965428336972,-1.1133510277819803],[102.98990329456983,-1.1265257123758599],[102.9570364769629,-1.1290507449344445],[102.96265999801513,-1.139082373777668],[102.95738102848505,-1.1415122458509528],[102.97760090897461,-1.1537926174499593],[102.97760090987293,-1.161867075346839],[102.96314405969754,-1.1613001114938781],[102.96767753983117,-1.1878832426898869],[102.95839172480784,-1.1923289611977421],[102.96572357562913,-1.2089107721758838],[102.97644218556435,-1.209526024218178],[102.97618352376315,-1.2372462714578358],[103.02605142255105,-1.2399149727854377],[103.0296521747387,-1.1901359299036465],[103.03957389008366,-1.1903779233409308],[103.0388237123798,-1.146794972383769]]]},"properties":{"name":"PT. DASA ANUGERAH SEJATI 2","company":"PT. DASA ANUGERAH SEJATI","group":"No group","area_ha":9425,"type":" ","hgu":" ","layer":"gfw_konsesi"}},{"type":"Feature","geometry":{"type":"Polygon","coordinates":[[[103.13428712875252,-1.1599817216765647],[103.16519587505994,-1.1479247860164346],[103.16997631104837,-1.14213713089127],[103.13220029114353,-1.1424778381717184],[103.13428712875252,-1.1599817216765647]]]},"properties":{"name":"PT. TRI MITRA LESTARI 1","company":"PT. TRI MITRA LESTARI","group":"No group","area_ha":510,"type":" ","hgu":" ","layer":"gfw_konsesi"}},{"type":"Feature","geometry":{"type":"Polygon","coordinates":[[[103.20847365746508,-1.0584682487333155],[103.14474607885822,-1.0585813300215265],[103.14382549343989,-1.1060354559022763],[103.21002583218997,-1.1039273169815744],[103.20847365746508,-1.0584682487333155]]]},"properties":{"name":"PT. TRI MITRA LESTARI 2","company":"PT. TRI MITRA LESTARI","group":"No group","area_ha":3756,"type":" ","hgu":" ","layer":"gfw_konsesi"}},{"type":"Feature","geometry":{"type":"Polygon","coordinates":[[[101.48652914232197,-1.0881215411051686],[101.52489602730827,-1.1489230090026827],[101.5692205006313,-1.147425100484232],[101.59577433301892,-1.116377541897061],[101.60414900301929,-1.0774319217996715],[101.6154514029048,-1.0692955547155887],[101.6258686756729,-1.0772617049792],[101.62494950510117,-1.0665720843962012],[101.61310240994646,-1.0672189092645947],[101.59308490551737,-1.0444779349466986],[101.58464214860837,-1.0453290189936382],[101.58314424110975,-1.0705551593705502],[101.57558661131823,-1.0777383125914368],[101.57187588467855,-1.0605804510983385],[101.55887131387352,-1.048461010430229],[101.53810485614429,-1.0837980328447374],[101.48652914232197,-1.0881215411051686]]]},"properties":{"name":"ANDALAS WAHANA BERJAYA","company":"ANDALAS WAHANA BERJAYA","group":"No group","area_ha":8891,"type":" ","hgu":" ","layer":"gfw_konsesi"}},{"type":"Feature","geometry":{"type":"Polygon","coordinates":[[[101.54751431528334,-1.2414002206059704],[101.58650227928743,-1.231839774720674],[101.60403753646554,-1.2501678500489724],[101.57409701772758,-1.2504709862145762],[101.57419029160013,-1.265464562915305],[101.59053632127593,-1.265441244745793],[101.59034977622571,-1.2587489322237668],[101.60678907887578,-1.258678977533952],[101.6066258522937,-1.249678168269533],[101.64176632025779,-1.249281758758219],[101.64162641034724,-1.2398845404991992],[101.65172317320513,-1.2398845413973114],[101.65298235521358,-1.2112964761969072],[101.61786520571766,-1.2131619295113871],[101.60114608414479,-1.2060965254274392],[101.59764836063542,-1.18408418306019],[101.55908012366808,-1.1968858534095745],[101.56768452342929,-1.1597866601493245],[101.54714122518293,-1.1753631911956488],[101.5397260493308,-1.1940876733196781],[101.54751431528334,-1.2414002206059704]]]},"properties":{"name":"PT. SELAGO MAKMUR PLANTATION 2","company":"PT. SELAGO MAKMUR PLANTATION","group":"No group","area_ha":6567,"type":" ","hgu":" ","layer":"gfw_konsesi"}},{"type":"Feature","geometry":{"type":"Polygon","coordinates":[[[101.61625918866956,-0.9781113491672738],[101.62676416395882,-0.9897365735251659],[101.63112679261029,-0.985044209936352],[101.67977518348425,-1.0128686547886219],[101.6828696065502,-1.001632346746022],[101.71642634287173,-1.0047774979000443],[101.72114407016511,-1.0092162199197894],[101.71429575641011,-1.0174341959523265],[101.7273836441611,-1.0232425809368568],[101.73022442610993,-1.0108648878916164],[101.74019252686293,-1.011346806602692],[101.74176510232799,-1.060908304237854],[101.75754158843553,-1.0620750550559832],[101.7813077715284,-1.0956571554447863],[101.80337456039435,-1.1044585053392264],[101.8108569769421,-1.09271491627768],[101.81554933850681,-1.1014655401822258],[101.83091999900667,-1.1049911530927783],[101.82513697758415,-1.0901277759820005],[101.83442024768031,-1.0500778235665036],[101.82394486469309,-1.0368123866658352],[101.82658273428726,-1.007212454363515],[101.8192017734677,-1.0042955800132667],[101.8262530004757,-0.9820766072561735],[101.75807423460176,-0.9797177443789292],[101.75637483857818,-0.9962044234528206],[101.7398120651873,-0.9800728422868388],[101.73194918516722,-0.9912076917104327],[101.61625918866956,-0.9781113491672738]]]},"properties":{"name":"SUMBAR ANDALAS KENCANA","company":"SUMBAR ANDALAS KENCANA","group":"No group","area_ha":14143,"type":" ","hgu":" ","layer":"gfw_konsesi"}},{"type":"Feature","geometry":{"type":"Polygon","coordinates":[[[99.98582081164663,-0.1758533552919934],[99.9960830226203,-0.18317159664548982],[99.99586034732936,-0.17059044025238584],[100.00646923703577,-0.1596475386010902],[100.00896498776208,-0.12493851596689688],[100.00173588444635,-0.14449316499434928],[99.98915943723101,-0.14000829843945822],[99.98582081164663,-0.1758533552919934]]]},"properties":{"name":"PT. AGRA MASANG PERKASA 1","company":"PT. AGRA MASANG PERKASA","group":"No group","area_ha":812,"type":" ","hgu":" ","layer":"gfw_konsesi"}},{"type":"Feature","geometry":{"type":"Polygon","coordinates":[[[100.75059357509826,-0.8436118769433023],[100.75634833821688,-0.8577332649315694],[100.77623532731668,-0.8428315716105691],[100.75548133011874,-0.8371851826639753],[100.75059357509826,-0.8436118769433023]]]},"properties":{"name":"PT. ALAM PERMAI SUMBAR NUSA 2","company":"PT. ALAM PERMAI SUMBAR NUSA","group":"No group","area_ha":410,"type":" ","hgu":" ","layer":"gfw_konsesi"}},{"type":"Feature","geometry":{"type":"Polygon","coordinates":[[[100.04998509005917,-0.08360486138568958],[100.03005230394787,-0.09607273993258315],[100.03164415815722,-0.11407750358224257],[100.05255578722965,-0.1075321148828236],[100.04998509005917,-0.08360486138568958]]]},"properties":{"name":"BANGUN AGAM PERMAI","company":"BANGUN AGAM PERMAI","group":"No group","area_ha":570,"type":" ","hgu":" ","layer":"gfw_konsesi"}},{"type":"Feature","geometry":{"type":"Polygon","coordinates":[[[99.95058369034786,-0.08052066251488631],[99.96796900433206,-0.0928898982244735],[99.9670053357127,-0.13191209484245622],[99.95725299861286,-0.13184785109678204],[99.95747143116071,-0.14264095069447041],[99.98487819594429,-0.13071714461687242],[99.99977010470337,-0.13449472993162628],[100.0099086239506,-0.1114837265307265],[99.98508449225267,-0.11144946215569888],[99.98522154821555,-0.08933217175286554],[99.97644144696791,-0.07949274738854144],[99.95058369034786,-0.08052066251488631]]]},"properties":{"name":"PASAMAN PERMAI","company":"PASAMAN PERMAI","group":"No group","area_ha":1981,"type":" ","hgu":" ","layer":"gfw_konsesi"}},{"type":"Feature","geometry":{"type":"Polygon","coordinates":[[[102.6933676307362,-0.5002149769349403],[102.65783107669877,-0.4977038281880006],[102.63332835771789,-0.5051611773134371],[102.57237594002672,-0.5503618467219304],[102.54079634803479,-0.6072812078418055],[102.53817105665124,-0.6417904729047446],[102.56461420940936,-0.6525579730279527],[102.58158348394106,-0.6428938563268556],[102.58786135491422,-0.6143200324692605],[102.61027145023738,-0.5945732761293885],[102.65174344464826,-0.579886863060799],[102.68617661419192,-0.5811424376653679],[102.6933676307362,-0.5002149769349403]]]},"properties":{"name":"PT. PALMA SATU","company":"PT. PALMA SATU","group":"Duta Palma Group","area_ha":14554,"type":"Izin Lokasi","hgu":" ","layer":"gfw_konsesi"}},{"type":"Feature","geometry":{"type":"Polygon","coordinates":[[[101.99559799986136,1.4187329999182505],[101.96700300021382,1.401045000333983],[102.0093989999293,1.359820999665224],[102.04039799997332,1.3048929998311807],[102.05590100028083,1.3169400007379843],[102.07039600010972,1.3131720002764848],[102.07119700000078,1.2999130000041297],[102.05650299998027,1.290781000393211],[102.09770199996954,1.2962400004217167],[102.12100199965082,1.318421000073888],[102.10500299994905,1.3644330004719956],[102.00980399998525,1.4159639999831772],[101.99559799986136,1.4187329999182505]]]},"properties":{"name":"PT. DWIMAJAYA UTAMA","company":"PT. DWIMAJAYA UTAMA","group":"No group","area_ha":11151,"type":"Pencadangan","hgu":" ","layer":"gfw_konsesi"}},{"type":"Feature","geometry":{"type":"Polygon","coordinates":[[[100.52761100014115,1.216742000537176],[100.4499969997677,1.1741490005485282],[100.45010399989785,1.163244999536655],[100.40249599915839,1.1296320000959523],[100.40129900033051,1.0976739996297924],[100.45839699956413,1.0884149992065668],[100.4589999999868,1.139769000015809],[100.49939700026009,1.1517829998117814],[100.55210100077423,1.1551669997387906],[100.5979380007788,1.1817319994155224],[100.6170730002728,1.2153299999022376],[100.52761100014115,1.216742000537176]]]},"properties":{"name":"PT. ADEI CRUMB RUBBER 1","company":"PT. ADEI CRUMB RUBBER","group":"No group","area_ha":13324,"type":"Pencadangan","hgu":" ","layer":"gfw_konsesi"}},{"type":"Feature","geometry":{"type":"Polygon","coordinates":[[[100.60698000045763,1.1948850000729927],[100.55786899967023,1.14485700041496],[100.5036009999071,1.1523309996790672],[100.4589999999868,1.139769000015809],[100.45866399952781,1.08694899995904],[100.48266600026425,1.067981000162377],[100.52736699974368,1.102958999518887],[100.52736699974368,1.1125050004644006],[100.5596689998191,1.1119059999250018],[100.57666799960354,1.125882000708292],[100.62618999939635,1.126011999553565],[100.62466400068051,1.1954180000798709],[100.60698000045763,1.1948850000729927]]]},"properties":{"name":"PT. PERDANA INTI SAWIT","company":"PT. PERDANA INTI SAWIT","group":"Surya Dumai Group","area_ha":11191,"type":"HGU","hgu":" ","layer":"gfw_konsesi"}},{"type":"Feature","geometry":{"type":"MultiPolygon","coordinates":[[[[100.91082976619913,1.0574471452523746],[100.81015799955574,1.146739000588121],[100.81665799964419,1.1351130000085439],[100.79885899979355,1.1142600004807288],[100.77626100026919,1.1327909999085006],[100.76126099992692,1.1248299997801685],[100.75537939648683,1.1248195058869446],[100.75532999992596,1.1233770002720147],[100.75420199979675,1.1227770005208297],[100.75313100046725,1.1232539996370332],[100.7524506416239,1.124775883120886],[100.74974500042975,1.1224120006493696],[100.74236299936109,1.124029000550563],[100.73896000050348,1.1144160002519896],[100.86775999947781,0.9959430002144866],[100.91082976619913,1.0574471452523746]]],[[[100.75425200002546,1.1234630001214947],[100.75446300081096,1.1247549995185193],[100.75292744491883,1.1247773470926754],[100.75425200002546,1.1234630001214947]]],[[[100.74979499976014,1.1231570002278766],[100.74863925157011,1.1248793347295756],[100.74926099983279,1.1229769998528263],[100.74979499976014,1.1231570002278766]]],[[[100.76946599972966,1.1291999997776898],[100.76895899956646,1.1296239994586266],[100.76833699977553,1.1292579999156371],[100.76946599972966,1.1291999997776898]]]]},"properties":{"name":"PT. ROKAN ERA SUBUR","company":"PT. ROKAN ERA SUBUR","group":"Rokan Group","area_ha":13418,"type":"HGU","hgu":" ","layer":"gfw_konsesi"}},{"type":"Feature","geometry":{"type":"MultiPolygon","coordinates":[[[[102.1341204498844,1.083403647755702],[102.12169600031008,1.0225299999085569],[102.13059999989663,0.9866400005716587],[102.11129700017317,0.9511099999513418],[102.12059799941977,0.926019999270107],[102.0600969995319,0.9026800002674786],[102.05609899974924,0.8776400003894681],[102.08149700040352,0.8337899999247208],[102.08750099930104,0.8411399993254578],[102.09329999995582,0.8232900006177083],[102.11370099967131,0.8021199999592759],[102.10859700039902,0.8243599999996573],[102.12239800046696,0.8859500000740043],[102.12180300044018,0.9268700007244752],[102.15579999928586,1.0072199999441374],[102.16490200013749,1.0105900003769648],[102.18250300051967,1.0107299998956008],[102.19570199998985,0.9989300001206137],[102.19950100047923,0.9675599995383859],[102.2828979998173,0.8932300002207243],[102.29939999948427,0.8484300001695604],[102.37509900008111,0.8471000004487704],[102.32769799992921,0.9066099999464261],[102.25659999953776,0.9559199998897399],[102.20120199999558,1.025419999794403],[102.18620300037654,1.0851900005702702],[102.1341204498844,1.083403647755702]]],[[[102.13119000079884,1.0791799996205327],[102.13099699955669,1.0785800008543018],[102.13108465446717,1.077842721471134],[102.13119000079884,1.0791799996205327]]]]},"properties":{"name":"PT. TRISETYA USAHA MANDIRI 1","company":"PT. TRISETYA USAHA MANDIRI","group":"No group","area_ha":24289,"type":"HGU","hgu":"No. 55/HGU/BPN/2000","layer":"gfw_konsesi"}},{"type":"Feature","geometry":{"type":"MultiPolygon","coordinates":[[[[100.50112400061406,1.0004399999395168],[100.4904019995386,0.990866999117582],[100.5271989995142,0.9425460000054157],[100.56600199950294,1.0060419999569472],[100.57740000079598,1.0109130004570306],[100.61150400067008,1.0769969993832829],[100.578002999422,1.0766599993372825],[100.55510000029913,1.058017000435488],[100.54689799997111,1.0366889999076605],[100.53790300014794,1.0287529999341167],[100.53459899922788,1.0334219992603875],[100.51580100001782,1.0119780001624095],[100.50112400061406,1.0004399999395168]]],[[[100.50079000070319,1.000869999201738],[100.50080100057386,1.0011499999651732],[100.50050292518954,1.0009021952983654],[100.50079000070319,1.000869999201738]]]]},"properties":{"name":"PT. ELUAN MAHKOTA","company":"PT. ELUAN MAHKOTA","group":"Duta Palma Group","area_ha":7536,"type":"HGU","hgu":"No. 58/HGU/BPN/96","layer":"gfw_konsesi"}},{"type":"Feature","geometry":{"type":"Polygon","coordinates":[[[102.03569800003375,1.0169560001798026],[101.95379600034772,1.0164530003653265],[101.95580300018581,0.9678659993286233],[101.99859600045966,0.9123020001931232],[101.99327899985371,0.8734720005428676],[102.00721800001394,0.8423900003853266],[102.01580100010843,0.8499890006182925],[102.0218969999658,0.8938720001761016],[102.01159699956311,0.9004070005298689],[102.01319899934525,0.9167129999433723],[102.02829700049513,0.9208359992502074],[101.98590100077963,0.9605699995782643],[101.98709900033074,0.9705839995812833],[102.03569800003375,1.0169560001798026]]]},"properties":{"name":"PT. TEGUH KARSAWANA LESTARI","company":"PT. TEGUH KARSAWANA LESTARI","group":"No group","area_ha":6842,"type":"HGU","hgu":"No. 19/HGU/BPN/98","layer":"gfw_konsesi"}},{"type":"Feature","geometry":{"type":"Polygon","coordinates":[[[100.86959800015985,0.7452500001415354],[100.9094999999655,0.7408800000327836],[100.94590000028103,0.7634399996447755],[100.97180200072546,0.7943999998085769],[100.96600400079392,0.8041900000741237],[100.92929800015663,0.8142100005042386],[100.85199699977763,0.8058899999302653],[100.82440200021279,0.7956399992868562],[100.84890000034343,0.7733900000576677],[100.87470299925705,0.7695299999474083],[100.8628999997047,0.7560400001622151],[100.86959800015985,0.7452500001415354]]]},"properties":{"name":"PT. INTI KAMPARINDO SEJAHTERA","company":"PT. INTI KAMPARINDO SEJAHTERA","group":"Dumai Indah Group","area_ha":8441,"type":"HGU","hgu":"No. 42/HGU/BPN/94","layer":"gfw_konsesi"}},{"type":"Feature","geometry":{"type":"MultiPolygon","coordinates":[[[[101.2155199993137,0.7465479997451799],[101.19010699948916,0.7320750000034137],[101.18217200002314,0.7390520000408606],[101.18999699988429,0.7491679996331644],[101.16923499959549,0.7816279999803971],[101.11467499975431,0.7355479999871088],[101.16362699963474,0.735616000442973],[101.16374000051096,0.7101520001071945],[101.19700499996082,0.7302380005079524],[101.24972334477341,0.7267056917175453],[101.23173300017403,0.7364799997516545],[101.23205600021421,0.7395949998960023],[101.2353929998479,0.7409089997170311],[101.23115599969061,0.7442659995434916],[101.23074800015993,0.7456600005504201],[101.2314789997308,0.747627000265205],[101.2256999991675,0.7447529998203825],[101.21942799958303,0.7465509998635338],[101.2173900006811,0.7501559998866173],[101.21796200024332,0.7478620001909968],[101.2155199993137,0.7465479997451799]]],[[[101.25068272303896,0.7267660913749355],[101.25816900054582,0.7318409998831032],[101.22429200045241,0.7594329995756003],[101.24251899992521,0.7888499993451076],[101.26785699940672,0.7758090004287979],[101.27526600023955,0.7901999995099311],[101.23767900024357,0.8102269994810937],[101.21894100040964,0.773649000275173],[101.18176299976923,0.7946410000159351],[101.21511199978302,0.7472850003163828],[101.21665599983886,0.7507290004268928],[101.23115200039096,0.7485289999079312],[101.23628999999843,0.74033600059354],[101.2323030000864,0.7368080005515377],[101.25068272303896,0.7267660913749355]]]]},"properties":{"name":"PT. SEKAR BUMI ALAM LESTARI","company":"PT. SEKAR BUMI ALAM LESTARI","group":"KLK","area_ha":6139,"type":"HGU","hgu":"No. 36/HGU/BPN/94","layer":"gfw_konsesi"}},{"type":"Feature","geometry":{"type":"Polygon","coordinates":[[[101.11467499975431,0.7355479999871088],[101.16923499959549,0.7816279999803971],[101.12416100074546,0.7937709996745294],[101.11181500014659,0.8059420000541564],[101.10306800002057,0.7927489998924656],[101.06655600045035,0.8107230004517627],[101.02841899973514,0.7904970000981342],[101.00937299992961,0.7905099992796125],[101.0092030000503,0.7342170002605899],[101.11467499975431,0.7355479999871088]]]},"properties":{"name":"PT. BUANA WIRA LESTARI 1","company":"PT. BUANA WIRA LESTARI","group":"Sinar Mas","area_ha":10424,"type":"HGU","hgu":"No. 91/HGU/BPN/97","layer":"gfw_konsesi"}},{"type":"Feature","geometry":{"type":"Polygon","coordinates":[[[101.78698000013365,0.7424809996922681],[101.78759000022902,0.758812000220057],[101.73599200010281,0.7792460002297359],[101.7166370005008,0.7599899995089119],[101.7175599996923,0.7446370002849846],[101.70352199979793,0.7346269998926688],[101.70450599998709,0.7236880001372179],[101.69739499997839,0.7265829998021879],[101.67022700021079,0.7016870002499774],[101.66414700024694,0.6812980004071757],[101.64225800055215,0.6575300001374268],[101.67056299977148,0.645630000204836],[101.74587999987857,0.7417380007695104],[101.78698000013365,0.7424809996922681]]]},"properties":{"name":"PT. PRIATAMA RIAU","company":"PT. PRIATAMA RIAU","group":"Surya Dumai Group","area_ha":6757,"type":"Aspek PGT","hgu":" ","layer":"gfw_konsesi"}},{"type":"Feature","geometry":{"type":"Polygon","coordinates":[[[101.78698000013365,0.7424809996922681],[101.74587999987857,0.7417380007695104],[101.67479000078131,0.6508180003700264],[101.73818999973662,0.6516170002036747],[101.79113000025232,0.6633409997975149],[101.79125999994865,0.687685000150531],[101.80172000018494,0.7085869997139965],[101.79055799979179,0.7085689997506035],[101.78698000013365,0.7424809996922681]]]},"properties":{"name":"PT. KIMIA TIRTA UTAMA","company":"PT. KIMIA TIRTA UTAMA","group":"Astra International","area_ha":8648,"type":"HGU","hgu":"No. 134/HGU/BPN/97","layer":"gfw_konsesi"}},{"type":"Feature","geometry":{"type":"Polygon","coordinates":[[[101.00122400020335,0.7281939993304186],[100.92891700039013,0.6894879998140075],[100.92838799958727,0.6354430004078817],[100.965158000697,0.6362569999970683],[100.9654610006457,0.6631149997123621],[101.00142600076803,0.6637319994395565],[101.00122400020335,0.7281939993304186]]]},"properties":{"name":"PT. TUNGGAL YUNUS","company":"PT. TUNGGAL YUNUS","group":"RGE Group","area_ha":5414,"type":"HGU","hgu":"No. 63/HGU/BPN/96","layer":"gfw_konsesi"}},{"type":"Feature","geometry":{"type":"Polygon","coordinates":[[[101.91817999930652,0.5846179995423108],[101.91770200035396,0.5517599999112792],[101.93760899942669,0.5518780007273163],[101.95035599988356,0.5817170001802459],[101.97570000011113,0.5945000000052376],[102.00920100046089,0.6414899998947231],[102.010399000012,0.6537700000640757],[102.04470100025281,0.69291000054586],[102.03089900036001,0.6930299995040794],[102.02449800000578,0.6742900002426259],[101.99569699959558,0.6474999992800475],[101.9908979999218,0.6528499999703266],[102.00389899992359,0.6666000001983015],[101.99990100014091,0.6736100001597363],[102.01730399925806,0.6916400003069023],[101.97630299963551,0.6910799998884297],[101.97830199997601,0.6730199995750185],[101.96540099953333,0.6704700005820644],[101.97350300030223,0.6230200007372471],[101.94819599988456,0.6205300003282038],[101.94219999958631,0.6074900005139894],[101.93129699965922,0.6143599998119412],[101.92310299972713,0.6089299996265833],[101.91629800004017,0.6228199999649809],[101.86150399984732,0.6234400002683256],[101.86718100030335,0.5848370000985142],[101.91817999930652,0.5846179995423108]]]},"properties":{"name":"PT. INTI INDO SAWIT SUBUR 2","company":"PT. INTI INDO SAWIT SUBUR","group":"RGE Group","area_ha":9101,"type":" ","hgu":" ","layer":"gfw_konsesi"}},{"type":"Feature","geometry":{"type":"Polygon","coordinates":[[[101.86119800042385,0.5751600001870791],[101.86499700001491,0.5779490003710018],[101.86113900087263,0.5809520001266121],[101.86119800042385,0.5751600001870791]]]},"properties":{"name":"PT. INTI INDO SAWIT SUBUR 3","company":"PT. INTI INDO SAWIT SUBUR","group":"RGE Group","area_ha":20,"type":" ","hgu":" ","layer":"gfw_konsesi"}},{"type":"Feature","geometry":{"type":"Polygon","coordinates":[[[101.86113900087263,0.5809520001266121],[101.86117900015729,0.5822460006416478],[101.86109899979134,0.5813600002280184],[101.86113900087263,0.5809520001266121]]]},"properties":{"name":"PT. INTI INDO SAWIT SUBUR 4","company":"PT. INTI INDO SAWIT SUBUR","group":"RGE Group","area_ha":0,"type":" ","hgu":" ","layer":"gfw_konsesi"}},{"type":"Feature","geometry":{"type":"Polygon","coordinates":[[[101.55031734553235,0.638254847291297],[101.50499699988535,0.6355610003364168],[101.52889999998929,0.593755999592984],[101.55519900009374,0.582089000302705],[101.56359899989013,0.5964160003346347],[101.58540300009444,0.6030469995835389],[101.60500299991884,0.6399039994576141],[101.58499899986342,0.6597650001194328],[101.55031734553235,0.638254847291297]]]},"properties":{"name":"PT. SURYA INTI SARI RAYA 1","company":"PT. SURYA INTI SARI RAYA","group":"Surya Dumai Group","area_ha":4980,"type":"HGU","hgu":"No. 41/HGU/BPN/94","layer":"gfw_konsesi"}},{"type":"Feature","geometry":{"type":"Polygon","coordinates":[[[101.5947147818194,0.5393041906495853],[101.70179699999211,0.542048000361144],[101.70290400020494,0.5670639999384972],[101.7130809996857,0.5679290000916325],[101.71350099981025,0.6333029996229322],[101.63259900020691,0.6350239998101254],[101.6065980000283,0.6066889997747401],[101.61399900046526,0.5795120000090136],[101.60340100013669,0.5886449996561691],[101.57820099984917,0.572788999801241],[101.5947147818194,0.5393041906495853]]]},"properties":{"name":"PT. ANEKA INTI PERSADA","company":"PT. ANEKA INTI PERSADA","group":"Sime Darby","area_ha":12497,"type":"HGU","hgu":"No. 41/HGU/BPN/99","layer":"gfw_konsesi"}},{"type":"Feature","geometry":{"type":"Polygon","coordinates":[[[100.784717999967,0.5472659999198576],[100.83536999953887,0.46844100047381576],[100.85949399957572,0.4833880001618982],[100.854550000137,0.5038100000107463],[100.86108100018757,0.5319070006972296],[100.84148899986079,0.5379899999917008],[100.83081500026256,0.5329649997383792],[100.83115799949593,0.570015000020443],[100.79304900016643,0.5691479997304087],[100.784717999967,0.5472659999198576]]]},"properties":{"name":"PT. PADASA ENAM UTAMA 1","company":"PT. PADASA ENAM UTAMA","group":"No group","area_ha":5288,"type":" ","hgu":" ","layer":"gfw_konsesi"}},{"type":"Feature","geometry":{"type":"Polygon","coordinates":[[[101.01863099951848,0.5645479999024302],[101.02649699938752,0.5445650007575081],[101.0165030002049,0.5058469999666395],[101.03469800078895,0.5183489993685624],[101.0768969999626,0.47282399967627536],[101.04949900004127,0.4347419995612449],[101.06149999996033,0.4228779998276828],[101.09580200020115,0.4210619996288676],[101.13279699964511,0.4033680001271306],[101.13079800020294,0.4646279994859983],[101.10819999978027,0.46757799980509507],[101.10929900049547,0.44037200037382285],[101.08159600007725,0.4441700001736311],[101.08930200011272,0.47087800035236194],[101.08020000015945,0.47084400026701406],[101.07939900026837,0.5013969997096883],[101.0695039999216,0.5013999999678722],[101.068398000432,0.5370689996602076],[101.08619700028264,0.5348089992627477],[101.0858990003568,0.5448610002326656],[101.09580200020115,0.5486449999351827],[101.11550100065806,0.5454120000909306],[101.11560000039228,0.5305799999267286],[101.10659799999809,0.5303209997810401],[101.10710200068658,0.5074129996264818],[101.12920399991839,0.4995320003431832],[101.12789900023718,0.5690639997171126],[101.08229800023412,0.5620930004333665],[101.09079800048796,0.5504110002663529],[101.06549800064133,0.5363439994069422],[101.0529020006955,0.5574429998690955],[101.01863099951848,0.5645479999024302]]]},"properties":{"name":"PT. RAMAJAYA PRAMUKTI","company":"PT. RAMAJAYA PRAMUKTI","group":"Sinar Mas","area_ha":8751,"type":"HGU","hgu":"No. 61/HGU/BPN/94","layer":"gfw_konsesi"}},{"type":"Feature","geometry":{"type":"Polygon","coordinates":[[[101.61454000006533,0.4958470003416784],[101.71630100004182,0.49527200035472235],[101.7130809996857,0.5679290000916325],[101.70290400020494,0.5670639999384972],[101.70179699999211,0.542048000361144],[101.61389900000779,0.5409409992825281],[101.61454000006533,0.4958470003416784]]]},"properties":{"name":"PT. TEKNIK UMUM","company":"PT. TEKNIK UMUM","group":"No group","area_ha":6049,"type":"HGU","hgu":"No. 83/HGU/BPN/94","layer":"gfw_konsesi"}},{"type":"Feature","geometry":{"type":"Polygon","coordinates":[[[100.43840000007971,0.42308100007530924],[100.48660299994756,0.40919699989427105],[100.5147020002009,0.40788600045560774],[100.49030299980443,0.4570789996764602],[100.4714970001984,0.4570169999281786],[100.47080199971423,0.5061829998980213],[100.43740099982192,0.5320159993723236],[100.42320200026901,0.5047229997276738],[100.42990099965077,0.4883200004439478],[100.42479699948018,0.4631269997742138],[100.43499700032378,0.45779399992209086],[100.42710100031752,0.4358270001617363],[100.44280299991834,0.43555000007626726],[100.43840000007971,0.42308100007530924]]]},"properties":{"name":"PT. KARYA TAMA BAKTI MULIA 1","company":"PT. KARYA TAMA BAKTI MULIA","group":"Surya Dumai Group","area_ha":6701,"type":"HGU","hgu":"No. 87/HGU/BPN/98","layer":"gfw_konsesi"}},{"type":"Feature","geometry":{"type":"Polygon","coordinates":[[[100.88643499956258,0.3924190001042065],[100.96383599950069,0.392622000221532],[100.96313399934381,0.4514619999780692],[100.94343499978524,0.4519679998618169],[100.95123199915895,0.46428899991108125],[100.8867329994884,0.4635860005182302],[100.88653500002003,0.41935200006697676],[100.90523400039422,0.4136760002986856],[100.88643499956258,0.3924190001042065]]]},"properties":{"name":"PT. JOHAN SENTOSA","company":"PT. JOHAN SENTOSA","group":"Duta Palma Group","area_ha":6196,"type":"HGU","hgu":"No. 78/HGU/BPN/99","layer":"gfw_konsesi"}},{"type":"Feature","geometry":{"type":"Polygon","coordinates":[[[101.66953562981868,0.4300664025603304],[101.67189800048826,0.42375699979964543],[101.63680299985394,0.3972929993605014],[101.61599700008252,0.3920069992490438],[101.61624099958166,0.3841030004769984],[101.76233700023803,0.3757620003678374],[101.75520299976479,0.41056600005105304],[101.73919699949205,0.42217000021015033],[101.72589900028765,0.42072499945484365],[101.71009800005432,0.4335609994979512],[101.69218705125469,0.4319049674702404],[101.70049100048595,0.41831099994266113],[101.69218556274626,0.43190506089239317],[101.66953562981868,0.4300664025603304]]]},"properties":{"name":"PT. CIPTA DAYA SEJATI LUHUR","company":"PT. CIPTA DAYA SEJATI LUHUR","group":"No group","area_ha":6513,"type":"HGU","hgu":"No. 90/HGU/BPN/98","layer":"gfw_konsesi"}},{"type":"Feature","geometry":{"type":"Polygon","coordinates":[[[101.79013099999453,0.406569000208322],[101.77397199956089,0.4146400003641364],[101.77300299944032,0.42627400009283245],[101.7555699992876,0.41974199947992535],[101.76040699949449,0.38814400067860644],[101.77227800061553,0.3753790001967231],[101.7346880002465,0.37682600043367087],[101.73017900010264,0.3019650004403064],[101.76845499983673,0.2994790001344689],[101.7728879998126,0.31742100054010775],[101.80145999989392,0.31717899991015164],[101.80290199984252,0.3748220000633801],[101.79072600002125,0.38174200036526185],[101.79013099999453,0.406569000208322]]]},"properties":{"name":"PT. PUSAKA MEGAH BUMI NUSANTARA","company":"PT. PUSAKA MEGAH BUMI NUSANTARA","group":"RGE Group","area_ha":7303,"type":"HGU","hgu":"No. 38/HGU/BPN/2000","layer":"gfw_konsesi"}},{"type":"Feature","geometry":{"type":"Polygon","coordinates":[[[101.72943900031096,0.2896810000277273],[101.7346880002465,0.37682600043367087],[101.60381299986535,0.38486700042391425],[101.5847860003264,0.3559340001115299],[101.59707599995043,0.319791999700529],[101.65575400012322,0.290338000545664],[101.71597299997876,0.2790340001801008],[101.72943900031096,0.2896810000277273]]]},"properties":{"name":"PT. RAJA GARUDA MAS SEJATI","company":"PT. RAJA GARUDA MAS SEJATI","group":"RGE Group","area_ha":14837,"type":"HGU","hgu":"No. 88/HGU/BPN/1999","layer":"gfw_konsesi"}},{"type":"Feature","geometry":{"type":"Polygon","coordinates":[[[101.04490700005675,0.22023300012398234],[101.05110199964831,0.20331100010015013],[101.06079900052666,0.20010500009238436],[101.04630299997457,0.19802199918354232],[101.05020100019814,0.1865879994454339],[101.03919999946348,0.19179300026699264],[101.03399699955865,0.20668500040524956],[101.03549900068002,0.21484900065104706],[101.04640200060709,0.21514200028787941],[101.03849800020491,0.22428200003809984],[101.01339699965158,0.21473900002255433],[101.01349700010898,0.20141400002076884],[101.05780000010347,0.15151700049013292],[101.07931499970448,0.15309499979737548],[101.09471900027775,0.16689500010151248],[101.08611299971872,0.16687900027588357],[101.08040600002377,0.21826000069319731],[101.05359700028139,0.2289539997756282],[101.04490700005675,0.22023300012398234]]]},"properties":{"name":"PT. PERTISA","company":"PT. PERTISA","group":"Surya Dumai Group","area_ha":4193,"type":"HGU","hgu":" ","layer":"gfw_konsesi"}},{"type":"Feature","geometry":{"type":"Polygon","coordinates":[[[102.13362800063216,0.15682600034314056],[102.13096600049286,0.13747300052772954],[102.14880400070153,0.12623099990977374],[102.1430369998338,0.11356600027554745],[102.16500000004677,0.12243500064700369],[102.1648209999466,0.11341599988364434],[102.13886599979877,0.11004900022717673],[102.13297400015587,0.12051800013932618],[102.12842099963106,0.09984399942504511],[102.10765000001976,0.0878160006213504],[102.11053999976473,0.0818210004314431],[102.18186999995977,0.08207999973428454],[102.16937399957308,0.09305100007877339],[102.22814100033264,0.08176299986591469],[102.22768199984999,0.13038499969097755],[102.18936000008516,0.15779399968522181],[102.17684500033022,0.14611800011566736],[102.16088300043837,0.1559120002847956],[102.17982600031178,0.18017099972867662],[102.17778699978828,0.18984099982778765],[102.12100500002384,0.18636200068654687],[102.0837640005326,0.14732700006488983],[102.10472299956656,0.09501100011657311],[102.1220010008069,0.10437799966827034],[102.13006399942111,0.12017999987783307],[102.12249099945507,0.14973199939157228],[102.13362800063216,0.15682600034314056]]]},"properties":{"name":"PT. SERIKAT PUTRA","company":"PT. SERIKAT PUTRA","group":"Salim Group","area_ha":12247,"type":"HGU","hgu":"No. 94/HGU/BPN/99","layer":"gfw_konsesi"}},{"type":"Feature","geometry":{"type":"Polygon","coordinates":[[[101.25932900046212,-0.0257520132642946],[101.27860300077157,0.0024029996725280626],[101.26969900028669,0.005958999579289306],[101.26940099946253,0.027042999988357033],[101.2429959999512,0.035466999711561475],[101.24340000018223,0.025661000460433805],[101.22270200036584,0.02651099976890712],[101.22360199999112,-0.009029999945885787],[101.25932900046212,-0.0257520132642946]]]},"properties":{"name":"PT. GANDA BUANINDO","company":"PT. GANDA BUANINDO","group":"No group","area_ha":2805,"type":"HGU","hgu":"No. 157/HGU/BPN/97","layer":"gfw_konsesi"}},{"type":"Feature","geometry":{"type":"Polygon","coordinates":[[[101.33314400034618,-0.06636899967042025],[101.3550479992113,-0.11893899977768761],[101.37134400081055,-0.11796900010856108],[101.3697499996277,-0.10799899995120471],[101.38884599966194,-0.11392900068167652],[101.3965440001998,-0.08648900003907449],[101.37874499945086,-0.0714690004433975],[101.39174600035093,-0.056288999773383516],[101.37964499997446,-0.04007899968240708],[101.37754699989975,-0.01696900029748214],[101.35984699978336,-0.0006390004076783857],[101.34604599971543,-0.002088999853405067],[101.37404599933623,-0.05915899976665324],[101.33314400034618,-0.06636899967042025]]]},"properties":{"name":"PT. BLANGKOLAM 1","company":"PT. BLANGKOLAM","group":"No group","area_ha":4327,"type":"HGU","hgu":"No. 17/HGU/BPN/94","layer":"gfw_konsesi"}},{"type":"Feature","geometry":{"type":"Polygon","coordinates":[[[101.31500200036388,-0.07161999993842631],[101.24369800010808,-0.01425000035791202],[101.22360199999112,-0.009029999945885787],[101.26110100012357,-0.04364000046778452],[101.30870100046707,-0.11047000029544218],[101.30639699962973,-0.14264000027984827],[101.31619999991499,-0.13255000030161698],[101.31500200036388,-0.07161999993842631]]]},"properties":{"name":"PT. ALFA GLORY 1","company":"PT. ALFA GLORY","group":"No group","area_ha":2891,"type":" ","hgu":" ","layer":"gfw_konsesi"}},{"type":"Feature","geometry":{"type":"Polygon","coordinates":[[[101.42410299977965,-0.1939400002595791],[101.41510000045889,-0.22778999992451932],[101.42389699991533,-0.25053000001256315],[101.45539899992455,-0.2535699997739302],[101.45130199950938,-0.21586000064948493],[101.46099900038773,-0.2099100001330617],[101.46130399998624,-0.1890199998408004],[101.44650300073393,-0.14240999993934467],[101.45040100005916,-0.12982999948152543],[101.44080400053657,-0.1230899994447104],[101.42749800003797,-0.14422999987558915],[101.43489900047489,-0.1572499999714072],[101.42439999988056,-0.16030000041509362],[101.41459700049363,-0.18020999989387618],[101.41269700078566,-0.18967000016305444],[101.42410299977965,-0.1939400002595791]]]},"properties":{"name":"PT. BLANGKOLAM 2","company":"PT. BLANGKOLAM","group":"No group","area_ha":5025,"type":" ","hgu":" ","layer":"gfw_konsesi"}},{"type":"Feature","geometry":{"type":"Polygon","coordinates":[[[101.34629800050881,-0.28258999960787057],[101.36289999973492,-0.306050000249926],[101.38169799984331,-0.31257999963720473],[101.37830399940991,-0.276930000766469],[101.35089900071415,-0.2746099999589892],[101.34629800050881,-0.28258999960787057]]]},"properties":{"name":"PT. ALFA GLORY 2","company":"PT. ALFA GLORY","group":"No group","area_ha":970,"type":"HGU","hgu":"No. 61/HGU/BPN/2000","layer":"gfw_konsesi"}},{"type":"Feature","geometry":{"type":"Polygon","coordinates":[[[101.88735900043606,-0.4295249995781474],[101.78808599962326,-0.3572569997634778],[101.80083500062825,-0.4068079999520364],[101.8053360003762,-0.41804799999551256],[101.81446100079401,-0.41883799960868745],[101.82196000024192,-0.4467779992101591],[101.88845800025295,-0.4559480000408562],[101.88735900043606,-0.4295249995781474]]]},"properties":{"name":"PT. WANA JINGGA TIMUR","company":"PT. WANA JINGGA TIMUR","group":"Duta Palma Group","area_ha":4872,"type":"HGU","hgu":" ","layer":"gfw_konsesi"}},{"type":"Feature","geometry":{"type":"Polygon","coordinates":[[[101.90563699996248,-0.6337720002249319],[101.90512000065182,-0.6816799999252545],[101.9859259999957,-0.6816039997460669],[101.98941300031552,-0.664000000102197],[101.9747250001428,-0.6640090006168972],[101.97470699970113,-0.6337330004561185],[101.90563699996248,-0.6337720002249319]]]},"properties":{"name":"PT. INECDA 1","company":"PT. INECDA","group":"No group","area_ha":4367,"type":"HGU","hgu":" ","layer":"gfw_konsesi"}},{"type":"Feature","geometry":{"type":"MultiPolygon","coordinates":[[[[101.61710399939702,-0.7459419991488597],[101.60790300060785,-0.7618899996260519],[101.59449800037505,-0.7563499997317378],[101.60160099998785,-0.7792900001340352],[101.58450300046917,-0.7932500007277137],[101.57189900012743,-0.775569999500823],[101.5713199999942,-0.7358920003276688],[101.54157999960067,-0.7291959997669868],[101.52690099964879,-0.7160689996834807],[101.5044019998586,-0.7136099999868643],[101.49590299942969,-0.7212700004033731],[101.51129899960706,-0.7302799996241914],[101.51019999979019,-0.7375999993381072],[101.53299700040448,-0.7464699993618691],[101.5385969999693,-0.7778799999103758],[101.56909899989587,-0.7916600000194148],[101.56459800014792,-0.8009699994428757],[101.59069800006077,-0.8241799998383275],[101.60150100042873,-0.8246000005015436],[101.60739899991938,-0.8135299995273841],[101.59919700048971,-0.8046699998728224],[101.60109700019768,-0.7938299998510926],[101.62750199970904,-0.791480000205847],[101.62580099929434,-0.774810000011821],[101.64185400032108,-0.776371000486896],[101.64080100053494,-0.7883400004063886],[101.66400099975877,-0.8032800001137429],[101.66819799973305,-0.7935699993559081],[101.67939799976106,-0.8006199996902875],[101.68949899997213,-0.8259499995742156],[101.73300199990044,-0.8738299995451818],[101.74299599998139,-0.9294400004246601],[101.7891009997746,-0.9349099994078501],[101.80410000029194,-0.9287899993803566],[101.81910000063421,-0.8847399997705403],[101.80950200038838,-0.8883800001350102],[101.79209900037289,-0.8784399999328757],[101.77200300025592,-0.9033299997606639],[101.75689699960846,-0.905499999824064],[101.73979899919149,-0.8717300000436425],[101.74430099966263,-0.8560100002629011],[101.72720300014399,-0.84326000006005],[101.72560100036182,-0.8292299993746092],[101.70480300008802,-0.819809999317783],[101.71549999925244,-0.7711600002023183],[101.70009599957746,-0.7655819998460757],[101.70251500004251,-0.752280000581303],[101.69178799984253,-0.7561460002203295],[101.69206199947894,-0.7484199995477032],[101.68389900040732,-0.7454499994037124],[101.68228100073163,-0.7411349996347086],[101.67486600005098,-0.7439620002564131],[101.67030299948046,-0.7389890001427454],[101.66899900052245,-0.7399680005123038],[101.66324599989844,-0.7415360000603511],[101.65224500006208,-0.7403100001299159],[101.64256300015066,-0.7370019999452514],[101.64174700019097,-0.7345969995265065],[101.63861899989632,-0.7366649996827318],[101.63639100012527,-0.7354589995473824],[101.63606300006222,-0.7395539997107574],[101.63137099962029,-0.74186900009056],[101.62956999964649,-0.7417510000988973],[101.62660200008376,-0.7399780006223016],[101.62038400002761,-0.7436309998652956],[101.61682099953978,-0.7421180002909781],[101.61710399939702,-0.7459419991488597]]],[[[101.73716129578567,-0.7178958924806056],[101.72949599931405,-0.7128450000668137],[101.66449899970114,-0.7229680003243011],[101.55291600007111,-0.7009530004983899],[101.53459899928832,-0.6838299999342773],[101.53160100048665,-0.6967200001157362],[101.5383989996026,-0.7094600001007688],[101.61347727691454,-0.7458639403692037],[101.61677600023228,-0.7416819999957526],[101.6270060003148,-0.7395599999569433],[101.63093599942711,-0.7414250000447347],[101.63608599962843,-0.7351869995045908],[101.64203599989595,-0.7341919995040915],[101.68260200022368,-0.7408330005131796],[101.69258899973362,-0.7478619992927572],[101.69194799967612,-0.7555149994209529],[101.70137000019486,-0.7507850001871986],[101.70996838393862,-0.7559282450963773],[101.7128979993876,-0.7521060002282858],[101.72527300029878,-0.7494970001287234],[101.72986600010822,-0.7450229997957893],[101.73287999970171,-0.7448750004899646],[101.73236800041396,-0.7343880002935422],[101.73307800006845,-0.7334609997056599],[101.73893000042665,-0.7315819998777027],[101.7373279997462,-0.7295070000651277],[101.7338639998909,-0.7290850003427755],[101.7298579997123,-0.7269559997062105],[101.72913399981411,-0.7258950003632654],[101.73716129578567,-0.7178958924806056]]],[[[101.72688353138118,-0.748947648251496],[101.7418979999894,-0.7579700004250032],[101.75869800048055,-0.74179999998926],[101.73776767117884,-0.718142644803736],[101.72980500000884,-0.7264739998027746],[101.73754100018151,-0.7290449998051035],[101.73950999948649,-0.7321849996104904],[101.73336000010075,-0.7340549997033395],[101.73556499940723,-0.7420419993113975],[101.73294099980109,-0.7456790001061718],[101.72688353138118,-0.748947648251496]]],[[[101.71194400023396,-0.7540300002145581],[101.71241500041215,-0.7546899999244168],[101.71297362855137,-0.7528529712011083],[101.71194400023396,-0.7540300002145581]]],[[[101.71748299969943,-0.7518559999567339],[101.71761400011899,-0.752233999125801],[101.71880670050822,-0.7508698405772629],[101.71748299969943,-0.7518559999567339]]],[[[101.7258609997545,-0.7500249999140245],[101.72578900068281,-0.7502729999136692],[101.72650651564294,-0.7494087104764183],[101.7258609997545,-0.7500249999140245]]],[[[101.71378908143703,-0.75213499444904],[101.7148413293333,-0.7519463680821983],[101.71450000006804,-0.7519039999956246],[101.71378908143703,-0.75213499444904]]],[[[101.71297399955556,-0.7528522247655212],[101.7129741953883,-0.7528518322356476],[101.7129740004539,-0.7528520002060963],[101.71297399955556,-0.7528522247655212]]]]},"properties":{"name":"PT. TRI BAKTI SARIMAS","company":"PT. TRI BAKTI SARIMAS","group":"No group","area_ha":23908,"type":"Izin Lokasi","hgu":" ","layer":"gfw_konsesi"}},{"type":"Feature","geometry":{"type":"Polygon","coordinates":[[[103.48794499961998,0.3838540002585021],[103.40167199988237,0.35650399978731884],[103.39664499970469,0.32866800040154387],[103.4484629999389,0.3235730003420865],[103.49581899988493,0.3328769999986456],[103.54325099999897,0.32900400071657687],[103.56372100020972,0.33978099994267713],[103.57866700012532,0.3699069996344561],[103.55909700043814,0.3827829997447679],[103.54341900022847,0.3812590004187828],[103.52259099981741,0.4057850008717136],[103.48794499961998,0.3838540002585021]]]},"properties":{"name":"PT. RIAU SAKTI UNITED PLANT","company":"PT. RIAU SAKTI UNITED PLANT","group":"No group","area_ha":10767,"type":"HGU","hgu":" ","layer":"gfw_konsesi"}},{"type":"Feature","geometry":{"type":"Polygon","coordinates":[[[102.87086500032711,-0.5736110006930237],[102.88636000023867,-0.601030000559233],[102.90061199949498,-0.5918539996344948],[102.89766700039678,-0.5815039999397298],[102.91250599928395,-0.5741269994484137],[102.91268199990937,-0.5641039994658928],[102.90238200040497,-0.5579490004908082],[102.87086500032711,-0.5736110006930237]]]},"properties":{"name":"PT. POLITANI KATULISTIWA","company":"PT. POLITANI KATULISTIWA","group":"No group","area_ha":1235,"type":"HGU","hgu":"No. 20/RS/HGU/87","layer":"gfw_konsesi"}},{"type":"Feature","geometry":{"type":"Polygon","coordinates":[[[101.72741400003116,-0.5550159992942764],[101.66497999992508,-0.5988109995836339],[101.77544700001975,-0.5976780001095815],[101.78400299945176,-0.5881600005558496],[101.81183899993935,-0.5865280001512294],[101.81549699996343,-0.5769689998491799],[101.83106300002012,-0.5715650002612839],[101.82503099973685,-0.563776000019908],[101.80211000017228,-0.5663270006375569],[101.800133999398,-0.5569259998529296],[101.78523399951315,-0.5532150000050955],[101.77468700013655,-0.5215919995894317],[101.74997300009579,-0.5296489997652664],[101.7100179996884,-0.5271850005817682],[101.72741400003116,-0.5550159992942764]]]},"properties":{"name":"PT. CERENTI SUBUR","company":"PT. CERENTI SUBUR","group":"Duta Palma Group","area_ha":8086,"type":"HGU","hgu":" ","layer":"gfw_konsesi"}},{"type":"Feature","geometry":{"type":"Polygon","coordinates":[[[101.39312327668333,1.9266436458209564],[101.39537800043576,1.9129860004994832],[101.40497599978325,1.90829300029218],[101.40057399976952,1.8918339998007925],[101.41712999986319,1.8599139996048755],[101.43357100032912,1.7879010003095428],[101.45034800035575,1.757782999907743],[101.46825399943816,1.7744069997928953],[101.44047600047351,1.8322989993409073],[101.41748800006349,1.9291529996550665],[101.39312327668333,1.9266436458209564]]]},"properties":{"name":"PT. SARPINDOGRAHA SAWIT TANI 1","company":"PT. SARPINDOGRAHA SAWIT TANI","group":"No group","area_ha":4292,"type":"HGU","hgu":"No. 48/HGU/BPN/96","layer":"gfw_konsesi"}},{"type":"Feature","geometry":{"type":"Polygon","coordinates":[[[101.46158600001854,1.749379999567276],[101.47780600055155,1.7373919993043483],[101.57538600044728,1.7386659992492859],[101.54721800059698,1.7623209999879617],[101.51287799982299,1.7566710000377692],[101.47811100015007,1.764985000234365],[101.46158600001854,1.749379999567276]]]},"properties":{"name":"PT. SARPINDOGRAHA SAWIT TANI 2","company":"PT. SARPINDOGRAHA SAWIT TANI","group":"No group","area_ha":2841,"type":"HGU","hgu":"No. 47/HGU/BPN/96","layer":"gfw_konsesi"}},{"type":"Feature","geometry":{"type":"Polygon","coordinates":[[[101.19065008138405,1.4295811357092147],[101.22601300006026,1.426279000474711],[101.250831999683,1.3816649994228531],[101.25634799958225,1.405335999268543],[101.24681100033409,1.4193759999922664],[101.27068300047586,1.420142999369035],[101.28937500027905,1.440711000032746],[101.28025000075958,1.462861999604178],[101.23181099999184,1.440716000271053],[101.18833900002565,1.4585689998027562],[101.1811059998182,1.4518969995236737],[101.19065008138405,1.4295811357092147]]]},"properties":{"name":"PT. DARMA WUNGU GUNA","company":"PT. DARMA WUNGU GUNA","group":"Wilmar","area_ha":4358,"type":"Aspek PGT","hgu":" ","layer":"gfw_konsesi"}},{"type":"Feature","geometry":{"type":"Polygon","coordinates":[[[101.23225400058092,1.0538749999598767],[101.16730500064858,1.0546399997021723],[101.16892999999695,1.0117390002319329],[101.18512000039273,1.0054939997859056],[101.23032399983738,1.0074690005029912],[101.22514299967392,1.0268190002776665],[101.23225400058092,1.0538749999598767]]]},"properties":{"name":"PT. MURINI SAMSAM 1","company":"PT. MURINI SAMSAM","group":"Wilmar","area_ha":3712,"type":" ","hgu":" ","layer":"gfw_konsesi"}},{"type":"Feature","geometry":{"type":"Polygon","coordinates":[[[101.30438300011892,1.0066719999710028],[101.26601799979811,0.9959619994069553],[101.25155699940609,0.945248000142202],[101.24047400045228,0.9341739998124963],[101.2444119999605,0.8898469996180929],[101.36105899957818,0.8870869999552089],[101.37956400068191,0.923375000199032],[101.37756899964107,0.9499119999817691],[101.34058199969472,0.951520000103365],[101.331795000284,0.9979810004741013],[101.30444800041627,1.001097000268376],[101.30438300011892,1.0066719999710028]]]},"properties":{"name":"PT. IVO MAS TUNGGAL 1","company":"PT. IVO MAS TUNGGAL","group":"Sinar Mas","area_ha":14814,"type":"HGU","hgu":"No. 51/HGU/BPN/97","layer":"gfw_konsesi"}},{"type":"Feature","geometry":{"type":"Polygon","coordinates":[[[100.61753815062184,2.0355859353226466],[100.58504999985662,2.050159999563064],[100.5925190000656,2.0763160005471937],[100.60937999975779,2.0725509999534077],[100.61706300022703,2.08057600034519],[100.6036990000021,2.1049230005737054],[100.45839699956413,2.1004259991619763],[100.48149600030223,2.0862519995881805],[100.54351500030666,2.092232999975685],[100.5440040000282,2.0061939997860287],[100.63395400005645,2.0101420003994943],[100.61781137680876,2.035020052081663],[100.61588999989198,2.0290850001097125],[100.62040999990647,2.0227919993527808],[100.62083000003103,2.0155829994064747],[100.62016999970696,2.0147009998406316],[100.61892999942474,2.0153340004049602],[100.61531999997958,2.029376999315843],[100.61753815062184,2.0355859353226466]]]},"properties":{"name":"PT. KILAU KEMUNING","company":"PT. KILAU KEMUNING","group":"No group","area_ha":8661,"type":"Pelepasan Kawasan","hgu":" ","layer":"gfw_konsesi"}},{"type":"Feature","geometry":{"type":"Polygon","coordinates":[[[101.12789899933884,0.5689189999159092],[101.12920399991839,0.4995320003431832],[101.10710200068658,0.5074129996264818],[101.10659799999809,0.5303209997810401],[101.11560000039228,0.5305799999267286],[101.11550100065806,0.5454120000909306],[101.09580200020115,0.5486449999351827],[101.0858990003568,0.5448610002326656],[101.08619700028264,0.5348089992627477],[101.068398000432,0.5370689996602076],[101.0695039999216,0.5013999999678722],[101.07939900026837,0.5013969997096883],[101.08020000015945,0.47084400026701406],[101.08930200011272,0.47087800035236194],[101.08159600007725,0.4441700001736311],[101.10929900049547,0.44037200037382285],[101.10819999978027,0.46757799980509507],[101.11720299999932,0.4678489999203485],[101.13079800020294,0.4646279994859983],[101.13140600064847,0.4398230004040683],[101.22122199988414,0.4398229995057652],[101.22122199988414,0.49511600025750574],[101.25059600057973,0.49511600025750574],[101.25361999932069,0.556025000678932],[101.23245299987423,0.5853990008509656],[101.19962300061754,0.5797839995502827],[101.194439000081,0.5724400001836141],[101.12789899933884,0.5689189999159092]]]},"properties":{"name":"PT. PERKEBUNAN V (SEI. GALUH)","company":"PT. PERKEBUNAN V (SEI. GALUH)","group":"No group","area_ha":23290,"type":"HGU","hgu":" ","layer":"gfw_konsesi"}},{"type":"Feature","geometry":{"type":"Polygon","coordinates":[[[101.35216500003735,-0.16768500034780864],[101.34578700014764,-0.18235000076809743],[101.35551500008982,-0.18861899946541064],[101.36247300083595,-0.21550899991393602],[101.37881499977108,-0.2292979996765083],[101.38063799948614,-0.2455080001985644],[101.400085000048,-0.2579339997947477],[101.38181299947104,-0.20890299991683525],[101.3707349996418,-0.20770600001657716],[101.37022400017896,-0.17921600005696317],[101.35216500003735,-0.16768500034780864]]]},"properties":{"name":"PT. SURYA AGROLIKA REKSA 1","company":"PT. SURYA AGROLIKA REKSA","group":"Adimulya Group","area_ha":1615,"type":"HGU","hgu":"No. 85/HGU/BPN/98","layer":"gfw_konsesi"}},{"type":"Feature","geometry":{"type":"Polygon","coordinates":[[[101.18522099977675,1.0053690004961127],[101.1711490004455,0.9711770001523621],[101.21398100017906,0.9725349999896202],[101.22262199999989,1.0069740001741112],[101.18522099977675,1.0053690004961127]]]},"properties":{"name":"PT. UNICO BIMASARI 1","company":"PT. UNICO BIMASARI","group":"No group","area_ha":1658,"type":"Izin Lokasi","hgu":" ","layer":"gfw_konsesi"}},{"type":"Feature","geometry":{"type":"Polygon","coordinates":[[[100.5494716597854,0.5098539153270332],[100.5661799997782,0.5168640001741392],[100.51102700045838,0.564021000054209],[100.45709500025595,0.5985910007069757],[100.444300705296,0.5953692438601599],[100.44697399995339,0.5931990003368125],[100.44703300040293,0.5921359998849399],[100.44110499987671,0.5875139994421114],[100.44435499947178,0.5842460004852356],[100.44562999991408,0.587791000152712],[100.44736199939258,0.5880209998761371],[100.44934600056278,0.5866559997774606],[100.44797300021119,0.5728639999891394],[100.45129200030152,0.5764480006827025],[100.46246900076328,0.57635899920997],[100.46355200068666,0.5752830002999663],[100.46389499992003,0.5726040001120895],[100.46531399940407,0.5745230000493106],[100.46681000067764,0.5747940000545804],[100.46768000016567,0.5733899992551371],[100.46703900010819,0.5697580002391904],[100.47353900019662,0.5682280004166461],[100.47495800057895,0.5662679994767138],[100.47470599978557,0.5602900001620607],[100.47387499975729,0.5675059996985227],[100.46776300000637,0.5687489994318818],[100.4661529998283,0.5705410004457147],[100.46674100018235,0.5746119997541254],[100.46380400058176,0.5721690000669103],[100.45159699990005,0.5758870006114026],[100.44804199980814,0.5719650001396763],[100.4447020006997,0.5821490001753002],[100.44915900006673,0.5864750005296713],[100.44468799955773,0.5839570005270686],[100.44387199959803,0.584185999736741],[100.44059899953842,0.5875390000386278],[100.44372612667058,0.5953378413514662],[100.43110400012304,0.5946480002588169],[100.4310990001002,0.5778639998145394],[100.45511999930658,0.5470039993489298],[100.4553610002293,0.5277509996669123],[100.49557100000655,0.5284819996248551],[100.49630499995048,0.5215709996448938],[100.50879200011633,0.5213289999366625],[100.51671099968881,0.4958570000129249],[100.50781600032309,0.46479900075197544],[100.54630700014233,0.45689199973865763],[100.5494716597854,0.5098539153270332]]]},"properties":{"name":"PT. PERKEBUNAN V (PIR SEI. SIASAM)","company":"PT. PERKEBUNAN V (PIR SEI. SIASAM)","group":"No group","area_ha":8880,"type":"HGU","hgu":" ","layer":"gfw_konsesi"}},{"type":"Feature","geometry":{"type":"Polygon","coordinates":[[[100.47910299977646,0.660710000087369],[100.47950000033478,0.6466580000804444],[100.51264699978391,0.620832999565191],[100.51509899986092,0.6575850003600032],[100.4982990002681,0.6536240000956093],[100.47910299977646,0.660710000087369]]]},"properties":{"name":"PT. BUDI DATA","company":"PT. BUDI DATA","group":"No group","area_ha":1051,"type":"(Tidak Ada Data)","hgu":" ","layer":"gfw_konsesi"}},{"type":"Feature","geometry":{"type":"Polygon","coordinates":[[[100.52732400008597,0.6701770000711902],[100.51509899986092,0.6575850003600032],[100.51264699978391,0.620832999565191],[100.62226100010898,0.5230259997432011],[100.65191199991574,0.514394999752864],[100.66570799996077,0.4954510000529212],[100.73504600038638,0.4962960001186521],[100.61021800035711,0.6227770001527689],[100.59089700019197,0.597091000046741],[100.57730100016346,0.6255440000750104],[100.56819899931183,0.6243700005864198],[100.56240100027863,0.6346640004999637],[100.57319599935234,0.6450770000572853],[100.57319600025066,0.6591439999657865],[100.55349699979375,0.6770159999506029],[100.52732400008597,0.6701770000711902]]]},"properties":{"name":"PT. PERKEBUNAN V (PIR SEI. TAPUNG)","company":"PT. PERKEBUNAN V (PIR SEI. TAPUNG)","group":"No group","area_ha":16517,"type":"HGU","hgu":" ","layer":"gfw_konsesi"}},{"type":"Feature","geometry":{"type":"Polygon","coordinates":[[[102.53419500001601,-0.6770569997908468],[102.55944899983193,-0.6514090006627605],[102.5209999998455,-0.6352180006356357],[102.51928699973526,-0.6007529996142762],[102.52706999976361,-0.6006829995483528],[102.52703100030385,-0.5736870006449544],[102.45249900019431,-0.5838469994481457],[102.45345699954588,-0.640862999816852],[102.48375900035424,-0.6793970001546165],[102.50613900031871,-0.6803780000703941],[102.51102900022906,-0.6671669999563022],[102.53419500001601,-0.6770569997908468]]]},"properties":{"name":"PT. KENCANA AMAL TANI","company":"PT. KENCANA AMAL TANI","group":"Duta Palma Group","area_ha":8756,"type":"HGU","hgu":" ","layer":"gfw_konsesi"}},{"type":"Feature","geometry":{"type":"Polygon","coordinates":[[[101.86113900087263,0.5809520001266121],[101.86150399984732,0.6234400002683256],[101.97370799944332,0.6224420004338904],[101.96540100043168,0.6695700005144621],[101.97830199997601,0.6730199995750185],[101.97623200038872,0.6910259997964636],[101.79453700020619,0.6934690000982763],[101.79040600035414,0.634419000031886],[101.73845099985255,0.6344219993227487],[101.73714899964604,0.5459130001432533],[101.78289800068536,0.5445889999628969],[101.78230300065864,0.47416799963426287],[101.74330200030317,0.4740440004377023],[101.74349999977154,0.45749099975761587],[101.89456900017896,0.45532499946355215],[101.91688700021915,0.5005499998266406],[101.9172839998792,0.5296550002549428],[101.86113900087263,0.5809520001266121]]]},"properties":{"name":"PT. PERKEBUNAN V (PIR BUATAN)","company":"PT. PERKEBUNAN V (PIR BUATAN)","group":"No group","area_ha":43695,"type":"HGU","hgu":" ","layer":"gfw_konsesi"}},{"type":"Feature","geometry":{"type":"Polygon","coordinates":[[[101.91780100008813,0.5702799997898573],[101.91780100008813,0.5822400002053665],[101.91764599937912,0.5561429996135057],[101.91780100008813,0.5702799997898573]]]},"properties":{"name":"PT. PERKEBUNAN V (PIR BUATAN)","company":"PT. PERKEBUNAN V (PIR BUATAN)","group":"No group","area_ha":2,"type":"HGU","hgu":" ","layer":"gfw_konsesi"}},{"type":"Feature","geometry":{"type":"Polygon","coordinates":[[[101.80769999969135,0.6932920000334309],[102.01730399925806,0.6916400003069023],[101.99990100014091,0.6736100001597363],[102.00389899992359,0.6666000001983015],[101.9908979999218,0.6528499999703266],[101.99569699959558,0.6474999992800475],[102.03739899955012,0.693079999667923],[102.0361509997703,0.7634130004808494],[101.9193970000225,0.7625700000506856],[101.88061900014812,0.7507689998708228],[101.80770000058968,0.713254999834308],[101.80769999969135,0.6932920000334309]],[[101.93859099996605,0.751764000629261],[101.95444499990285,0.7521900007402801],[101.95342999975152,0.7319540005223454],[101.93807199920896,0.7310779998243375],[101.93859099996605,0.751764000629261]]]},"properties":{"name":"PT. DUTA SWAKARSA INDAH","company":"PT. DUTA SWAKARSA INDAH","group":"Surya Dumai Group","area_ha":17483,"type":"Izin Lokasi","hgu":" ","layer":"gfw_konsesi"}},{"type":"Feature","geometry":{"type":"Polygon","coordinates":[[[101.37726599969236,-0.11999699998169884],[101.37909699980337,-0.1537730008269938],[101.40322099984023,-0.18735100013073064],[101.3925170001048,-0.19007200033355684],[101.41614499984912,-0.21575299948173468],[101.41985300010187,-0.20968700024865186],[101.39740700001515,-0.1541759997779101],[101.38590999988625,-0.149713000088204],[101.39477500001308,-0.12426300064028806],[101.40628800003552,-0.13339400027241072],[101.40560099994725,-0.11206700063649101],[101.39146400031865,-0.11037000002372002],[101.37726599969236,-0.11999699998169884]]]},"properties":{"name":"PT. SURYA AGROLIKA REKSA 2","company":"PT. SURYA AGROLIKA REKSA","group":"Adimulya Group","area_ha":1803,"type":"HGU","hgu":"No. 85/HGU/BPN/98","layer":"gfw_konsesi"}},{"type":"Feature","geometry":{"type":"Polygon","coordinates":[[[101.05100200008923,1.3489639993405362],[101.04677299942952,1.282852999981075],[101.09644300025865,1.2252109998866525],[101.1358870003049,1.2267130002647926],[101.13450599955739,1.267362999253552],[101.11048100015304,1.2936239993339793],[101.10859599961539,1.3218459993451146],[101.08469099986164,1.338840999905146],[101.05100200008923,1.3489639993405362]]]},"properties":{"name":"PT. DARMALI JAYA LESTARI","company":"PT. DARMALI JAYA LESTARI","group":"No group","area_ha":8671,"type":"HGU","hgu":"No. 30/HGU/BPN/2001","layer":"gfw_konsesi"}},{"type":"Feature","geometry":{"type":"Polygon","coordinates":[[[101.06080100017651,1.3467349995063354],[101.10001400024409,1.32463299954109],[101.14773599988803,1.3146009994926704],[101.1490249996757,1.3311599995701802],[101.12752499924504,1.3399749998717179],[101.11992700006292,1.37834900057871],[101.06204200028364,1.3736230002313574],[101.06080100017651,1.3467349995063354]]]},"properties":{"name":"PT. TUMPUAN","company":"PT. TUMPUAN","group":"No group","area_ha":3956,"type":"HGU","hgu":" ","layer":"gfw_konsesi"}},{"type":"Feature","geometry":{"type":"Polygon","coordinates":[[[102.17695810990257,-0.21558735940167886],[102.1515899997911,-0.3271330005513471],[102.15158699941803,-0.3377989998341567],[102.16588799997648,-0.3428690000557616],[102.16985000067247,-0.3780670005615381],[102.22891700010933,-0.3754200002229022],[102.23051700024168,-0.3391549992633163],[102.24031100030608,-0.3604909998060223],[102.2870379998902,-0.3600020007671735],[102.28678199979717,-0.3530059992752348],[102.30010199964114,-0.34807899924370544],[102.29785600032675,-0.3317599996640493],[102.31021299989798,-0.3258040005955307],[102.30558199955537,-0.31932399998794364],[102.27806099961036,-0.30491800074128583],[102.26748900011943,-0.31102199995010493],[102.27856000027597,-0.29806900027888866],[102.25993299987178,-0.2969820004402594],[102.25565600042984,-0.2838119997921874],[102.22729399951248,-0.27889900026441156],[102.21382699935539,-0.21302299981731537],[102.17695810990257,-0.21558735940167886]]]},"properties":{"name":"PT. TUNGGAL PERKASA","company":"PT. TUNGGAL PERKASA","group":"Astra International","area_ha":17370,"type":"HGU","hgu":"No. 57/HGU/BPN/96","layer":"gfw_konsesi"}},{"type":"Feature","geometry":{"type":"MultiPolygon","coordinates":[[[[100.24592299944565,1.1650510003827117],[100.25639299972765,1.1320619995661894],[100.251917999919,1.1217420003238305],[100.29109900019954,1.1221220001653383],[100.2982019998123,1.1292650000251014],[100.30792800010468,1.1223790001838347],[100.33724800037363,1.1221009997854081],[100.35540100022656,1.1439279998634553],[100.37420299963465,1.1449770003579174],[100.37381400037052,1.1564910006321765],[100.35330800017476,1.1658960000797782],[100.32096499919312,1.1663089994227565],[100.28926899991342,1.145282000115442],[100.27651800015693,1.1509779996943401],[100.27215447678344,1.182188014766466],[100.2536919992303,1.1687619992943306],[100.25057913734483,1.1705827797819621],[100.24592299944565,1.1650510003827117]]],[[[100.25544539029065,1.1732003064965286],[100.2513795551276,1.1710133197675494],[100.25576399936573,1.1708059995607116],[100.25544539029065,1.1732003064965286]]],[[[100.24526622766668,1.1677250003025244],[100.2431036468079,1.1665617625997442],[100.24605600041335,1.1656259999437406],[100.24526622766668,1.1677250003025244]]],[[[100.27404261154315,1.1815165726370822],[100.274165999639,1.1832699998954683],[100.27287321794394,1.1825746203302734],[100.27404261154315,1.1815165726370822]]]]},"properties":{"name":"PT. HUTAHAEAN","company":"PT. HUTAHAEAN","group":"No group","area_ha":5515,"type":"HGU","hgu":"No. 17/HGU/1993","layer":"gfw_konsesi"}},{"type":"Feature","geometry":{"type":"Polygon","coordinates":[[[101.21150200033786,0.3340550001678399],[101.20891600036651,0.2786609998370599],[101.21097599990809,0.2842759999856823],[101.23440599928567,0.2821129999839998],[101.24990100009559,0.26108800001554494],[101.30524499921106,0.2580570003680392],[101.30311600007254,0.20449000000368298],[101.34487899922814,0.18557200033582674],[101.4010159996354,0.27430400045305525],[101.41617599981126,0.3267290006090479],[101.34461200016275,0.3349020000299087],[101.21150200033786,0.3340550001678399]]]},"properties":{"name":"PT. PERKEBUNAN V (PIR SEI. PAGAR)","company":"PT. PERKEBUNAN V (PIR SEI. PAGAR)","group":"No group","area_ha":22484,"type":"HGU","hgu":" ","layer":"gfw_konsesi"}},{"type":"Feature","geometry":{"type":"Polygon","coordinates":[[[102.15410600034052,0.0011049996646350449],[102.16074400052123,-0.017288999950298575],[102.14676699982786,-0.03367300063541635],[102.1432340003756,-0.08335099955245885],[102.17389699996063,-0.13187999991903146],[102.18890399997561,-0.11850000032893578],[102.18710300000181,-0.10919000038532697],[102.24960300023015,-0.09060999941455078],[102.26114599949149,-0.10520000079593567],[102.36592899945744,-0.0846840000845439],[102.36759899990997,-0.07362999943309595],[102.36181600004706,-0.07364200001704235],[102.36951399968657,-0.04275199989211702],[102.33944000028053,-0.047954999961708406],[102.33020000023497,-0.015456000264388687],[102.31237800081814,-0.028083999958479385],[102.25164000020551,-0.036874999942668206],[102.2309569995594,-0.010939999670521233],[102.2138979995005,-0.01291899987654565],[102.20615400072852,-0.03108099943373179],[102.18723300059648,-0.029575999946860262],[102.19039900052594,-0.019202999804856413],[102.17646000036575,-0.0010120006765360998],[102.15410600034052,0.0011049996646350449]]]},"properties":{"name":"PT. SARI LEMBAH SUBUR","company":"PT. SARI LEMBAH SUBUR","group":"Astra International","area_ha":20473,"type":"HGU","hgu":"No. 66/HGU/BPN/96","layer":"gfw_konsesi"}},{"type":"Feature","geometry":{"type":"Polygon","coordinates":[[[102.34929700009414,-0.40207000074121413],[102.36450200047582,-0.4116700002161126],[102.35800200038737,-0.43880000028400945],[102.36570000002693,-0.44142000054901687],[102.35839900004738,-0.44994999977849676],[102.37370300016329,-0.4660300006236285],[102.37748099983793,-0.49142300039301307],[102.38638299977467,-0.4906619998875273],[102.40324399946688,-0.5145850001481693],[102.4139480001006,-0.511277999326482],[102.41941799996913,-0.47870999955812843],[102.43096199995371,-0.47956700010161335],[102.43882799982272,-0.46343299997408116],[102.41204100071995,-0.45846699981180405],[102.40690600058723,-0.4683969997667699],[102.39074699925524,-0.4664319995733704],[102.3835759998704,-0.44314700065163104],[102.39654500008513,-0.4522199999967274],[102.41342899934355,-0.4389789996240524],[102.42018100022537,-0.3682290003610155],[102.35670500020373,-0.36238999963230295],[102.34929700009414,-0.40207000074121413]]]},"properties":{"name":"PT. PERKEBUNAN V (NES / PIR AIR MOLEK)","company":"PT. PERKEBUNAN V (NES / PIR AIR MOLEK)","group":"No group","area_ha":8976,"type":" ","hgu":" ","layer":"gfw_konsesi"}},{"type":"Feature","geometry":{"type":"Polygon","coordinates":[[[100.77425153545394,0.8676926009015781],[100.78138200015823,0.8597510002612941],[100.76885300015955,0.8516049994327629],[100.73656299977971,0.843901999521856],[100.77689699940551,0.8120290001489472],[100.79933499999461,0.8176389992293923],[100.84795099941606,0.8132760004275709],[100.8402019997229,0.8027700002644439],[100.93139600023132,0.8135489996751133],[100.9233670001557,0.8357139996267405],[100.86789500009534,0.8531659998231589],[100.8308729999889,0.8882829991341259],[100.77425153545394,0.8676926009015781]]]},"properties":{"name":"PT. SUBUR ARUM MAKMUR","company":"PT. SUBUR ARUM MAKMUR","group":"No group","area_ha":10181,"type":"HGU","hgu":"No. 65/HGU/BPN/98","layer":"gfw_konsesi"}},{"type":"Feature","geometry":{"type":"Polygon","coordinates":[[[100.5202440000394,1.6909469996961815],[100.54021999960744,1.6909309995865927],[100.55055299962211,1.706334000240415],[100.59450699963713,1.7146729996848322],[100.59187699928486,1.7545429993589197],[100.67777299945395,1.7551369993262949],[100.67778899934748,1.7728930006381272],[100.63418000001225,1.7789620001316202],[100.63420799960134,1.8097830000892172],[100.60424299997524,1.8098100007511337],[100.60421799986088,1.7813339998759443],[100.53529899973495,1.7813930005441831],[100.53527699999363,1.7542549997965955],[100.52029400026812,1.7542680004075806],[100.5202440000394,1.6909469996961815]]]},"properties":{"name":"PT. IVO MAS TUNGGAL 2","company":"PT. IVO MAS TUNGGAL","group":"Sinar Mas","area_ha":9809,"type":"HGU","hgu":" ","layer":"gfw_konsesi"}},{"type":"Feature","geometry":{"type":"Polygon","coordinates":[[[100.61786499994302,1.8418699998530481],[100.57374499934832,1.8187990008005561],[100.5566639995481,1.7995500004683855],[100.55287699965263,1.7813779996440013],[100.60421799986088,1.7813339998759443],[100.60424299997524,1.8098100007511337],[100.63420799960134,1.8097830000892172],[100.63418000001225,1.7789620001316202],[100.64316499978968,1.7732590001867397],[100.67778899934748,1.7728930006381272],[100.67777300035227,1.7554420003699212],[100.7210530006978,1.7554329998835407],[100.69447000001293,1.8110680002183905],[100.61786499994302,1.8418699998530481]]]},"properties":{"name":"PT. GUNUNG MAS RAYA 1","company":"PT. GUNUNG MAS RAYA","group":"Salim Group","area_ha":8526,"type":"HGU","hgu":"No. 46/HGU/BPN/2000","layer":"gfw_konsesi"}},{"type":"Feature","geometry":{"type":"Polygon","coordinates":[[[100.42850466915291,1.5021489087540154],[100.50202500006424,1.5021630002731068],[100.52522600001126,1.4848229996737607],[100.55862000023092,1.4801829995811673],[100.55442400008151,1.4984429995231172],[100.5750230001637,1.4981430001430425],[100.57572500032057,1.5317620000541856],[100.49802700028154,1.5331819997348621],[100.44862699978914,1.5927820005122837],[100.45102300068798,1.617171999755697],[100.5039249997722,1.5542930002133601],[100.57042299978323,1.5525229996553367],[100.55192099995085,1.5821330005322494],[100.52982700021663,1.5957030000872705],[100.49902700036424,1.5972230007076365],[100.50052200001628,1.658163000326057],[100.46892100027281,1.653092999696489],[100.46922700059457,1.63911300037335],[100.44632299985012,1.6394029997497594],[100.44592600019011,1.625183000289646],[100.41332600018886,1.6260329997122247],[100.42352600013415,1.6110030000084203],[100.40902299990933,1.5737029995584653],[100.41585000023589,1.5349620002806608],[100.43284499982238,1.5204670000953238],[100.42850466915291,1.5021489087540154]]]},"properties":{"name":"PT. LAHAN TANI SAKTI","company":"PT. LAHAN TANI SAKTI","group":"Sime Darby","area_ha":18759,"type":"HGU","hgu":"No. 45/HGU/BPN/2000","layer":"gfw_konsesi"}},{"type":"Feature","geometry":{"type":"MultiPolygon","coordinates":[[[[100.72354099986156,1.0533450000223334],[100.71256199976648,1.0337430004140862],[100.71325699935237,0.9863579992247111],[100.74275999991943,1.0287489994827674],[100.76735699978431,1.0289139996841257],[100.76705899985848,0.9993520004016369],[100.81596399988321,0.9582559997534978],[100.86775999947781,0.9959430002144866],[100.73896000050348,1.1144160002519896],[100.73255900014922,1.0913210003398006],[100.74015800005456,1.073399999587946],[100.72354099986156,1.0533450000223334]]],[[[100.72315000004927,1.054088999939604],[100.72255699967236,1.0542429999075167],[100.72229956766475,1.054003001703861],[100.72315000004927,1.054088999939604]]]]},"properties":{"name":"PT. ROKAN ADI MAKMUR","company":"PT. ROKAN ADI MAKMUR","group":"Rokan Group","area_ha":12271,"type":"Izin Lokasi","hgu":" ","layer":"gfw_konsesi"}},{"type":"Feature","geometry":{"type":"Polygon","coordinates":[[[100.64591200031781,0.6081729996980915],[100.65948499988178,0.6247780001293207],[100.68661500001456,0.5957049998058234],[100.69651000036131,0.5951810003743938],[100.69866199996434,0.5775629995458519],[100.68998000013566,0.5672549993593228],[100.70213300039066,0.5783400000397982],[100.71800999989368,0.5621719998670567],[100.72705800031862,0.5522600005516698],[100.72076400009449,0.5350480000003728],[100.73145300065966,0.5505070005867727],[100.75273099953587,0.531488000473214],[100.8551709992047,0.6696869998858747],[100.73806800037579,0.7764339998414543],[100.6274799999073,0.6176100002208599],[100.64591200031781,0.6081729996980915]]]},"properties":{"name":"PT. PERKEBUNAN V (TANDUN, TERANTAM, TAMORA)","company":"PT. PERKEBUNAN V (TANDUN, TERANTAM, TAMORA)","group":"No group","area_ha":33518,"type":"HGU","hgu":"No. 59/HGU/BPN/2000","layer":"gfw_konsesi"}},{"type":"Feature","geometry":{"type":"MultiPolygon","coordinates":[[[[101.28869061428829,1.0534217552761054],[101.27613300025288,1.0592269997312376],[101.28253399970878,1.0939870000092211],[101.29253599928735,1.0937969996374264],[101.30443799947221,1.064837000245604],[101.32083299990738,1.0603470000834916],[101.3361379998482,1.0401770002257802],[101.3553329996166,1.0607470007526334],[101.40923499968186,1.081147000017661],[101.41693299932138,1.0922469997479096],[101.39363299964013,1.1204170000059301],[101.31433299981897,1.1333369996492306],[101.32213799958863,1.1624169997558544],[101.31383700042473,1.1810969994728697],[101.31033500003629,1.234647000077685],[101.27463699987763,1.2275370002445274],[101.27403500017817,1.2386370005742215],[101.23653600004575,1.2283569997935229],[101.23373599981417,1.2178169999514084],[101.26763400072228,1.192027000401439],[101.27833699973449,1.1662869997485363],[101.29163500073547,1.1666369997711792],[101.29143699947043,1.1285669999313268],[101.28223599978296,1.1282769991611348],[101.27373700025235,1.1102469996080837],[101.27423300054488,1.077877000505707],[101.2579369998439,1.0517870003518743],[101.2691369998719,1.0337669994917311],[101.28869061428829,1.0534217552761054]]],[[[101.28920700004959,1.0527399997377624],[101.29053699984514,1.0523570002777949],[101.2891673573961,1.0531477722974525],[101.28920700004959,1.0527399997377624]]]]},"properties":{"name":"PT. ADEI CRUMB RUBBER 2","company":"PT. ADEI CRUMB RUBBER","group":"No group","area_ha":16693,"type":"HGU","hgu":"No. 12/HGU/1990","layer":"gfw_konsesi"}},{"type":"Feature","geometry":{"type":"MultiPolygon","coordinates":[[[[100.71890113045214,1.5807521208136366],[100.71469900019926,1.5878699999706527],[100.70079800057222,1.583000000294922],[100.69090299932716,1.5902599996138047],[100.68060299982275,1.582510000019966],[100.59780099961313,1.5884300002365477],[100.59800000070307,1.5622799992506993],[100.609702999798,1.5655600002307224],[100.61189999960688,1.5520999999417333],[100.60119599987144,1.5296099996830426],[100.60189800002834,1.4545300002282469],[100.63330100030339,1.455180000212637],[100.63320200056917,1.4435399998450582],[100.65110000015399,1.4435900003694242],[100.6696019999864,1.4226599993565328],[100.6790999997748,1.4220399998637079],[100.69190199958491,1.4308600001211065],[100.67120399976854,1.4682299999421229],[100.69509899947656,1.4743800003543404],[100.73909799969742,1.4601600000194088],[100.73729699972364,1.4506999994222645],[100.77483698099935,1.4167883412854099],[100.78072000018432,1.4233389997874728],[100.78632999979492,1.423348999441837],[100.79351217422189,1.4070760696258449],[100.83020000014432,1.4298699996429076],[100.83029899987854,1.494540000537981],[100.80989800016306,1.4945700003474953],[100.80753915178774,1.573053116830147],[100.79620299950203,1.5757279992530475],[100.78991699967386,1.571346999834458],[100.78053299968826,1.5713389997530933],[100.77674900016582,1.5748059999185524],[100.77405600006438,1.5837259992176382],[100.76743299995228,1.5880339998782256],[100.75821700019618,1.5761710001974136],[100.7529450006944,1.5762200000204123],[100.7391739998654,1.5802279997034723],[100.73467406911266,1.5866918876992337],[100.70820599978352,1.571376999465734],[100.70406300023588,1.5717030002803927],[100.70111800023936,1.5765310002994954],[100.69161200005504,1.5729170006131972],[100.68635600044676,1.5776439999069884],[100.6833039994218,1.5733700002265407],[100.68017600002547,1.572180999840351],[100.6679759999148,1.572634999959763],[100.66189599995093,1.5742989999207715],[100.65959200001193,1.5761729999886245],[100.67961899963356,1.5726380001006608],[100.68601199959187,1.578022000553156],[100.7014160001652,1.5771519994762024],[100.70784000008564,1.5719750002876258],[100.71890113045214,1.5807521208136366]]],[[[100.80753894337857,1.5738502443456412],[100.80680099983057,1.590070000077758],[100.77159899996445,1.5926100000847478],[100.76139799929595,1.604690000403928],[100.73498222449277,1.5870958380490012],[100.7582399997624,1.5766369999884235],[100.76750999994519,1.5885290005387611],[100.77265900032162,1.5862190000341096],[100.77571099954997,1.582371000133458],[100.78031900032632,1.5721780005967767],[100.79546399953523,1.5760960003928104],[100.80753894337857,1.5738502443456412]]],[[[100.78049000003054,1.4123249994830034],[100.78579699969242,1.4043400006072442],[100.79217173510438,1.406095042113476],[100.78544000021536,1.4227810001462722],[100.77547000042385,1.4167679997663891],[100.78049000003054,1.4123249994830034]]],[[[100.77951000003932,1.4126950001008578],[100.77770200039285,1.4135300005261682],[100.77971604841268,1.4113104313860008],[100.77951000003932,1.4126950001008578]]]]},"properties":{"name":"PT. TUNGGAL MITRA PLANTATION","company":"PT. TUNGGAL MITRA PLANTATION","group":"Sime Darby","area_ha":38493,"type":"HGU","hgu":"No. 24/HGU/BPN/99","layer":"gfw_konsesi"}},{"type":"Feature","geometry":{"type":"Polygon","coordinates":[[[101.16967999983441,1.452303000133592],[101.17610199920672,1.4521650003635729],[101.17631699929187,1.5489889998321966],[101.1708749999108,1.5507210005682315],[101.16380400008504,1.5304329995371286],[101.13287500036125,1.5350280000665906],[101.13053700008702,1.518212999885604],[101.15018600031523,1.5123580000717212],[101.16854000000961,1.490682000247176],[101.16967999983441,1.452303000133592]]]},"properties":{"name":"PT. RANTAU BAIS FAMILI","company":"PT. RANTAU BAIS FAMILI","group":"No group","area_ha":2040,"type":"Izin Lokasi","hgu":" ","layer":"gfw_konsesi"}},{"type":"Feature","geometry":{"type":"Polygon","coordinates":[[[101.15198300009105,0.8886299999619842],[101.24912399959562,0.8296709999129888],[101.29075599922997,0.8566609995147753],[101.27075100024794,0.8586010003419986],[101.22355599996037,0.8937310006991778],[101.23235300031511,0.9262110001630842],[101.22424999972132,0.9263110001280482],[101.24405600030835,0.9755000000890381],[101.16909299930528,0.9704480006852377],[101.16908599963256,0.9593339996166199],[101.15495499985175,0.9594219997187584],[101.15198300009105,0.8886299999619842]]]},"properties":{"name":"PT. IVO MAS TUNGGAL 3","company":"PT. IVO MAS TUNGGAL","group":"Sinar Mas","area_ha":12151,"type":"HGU","hgu":"No. 25/HGU/BPN/97","layer":"gfw_konsesi"}},{"type":"Feature","geometry":{"type":"Polygon","coordinates":[[[101.15108800048864,0.8455249997872468],[101.16648099939465,0.8796829998041945],[101.12895899969601,0.9040250000297769],[101.10619700014009,0.9040379997285535],[101.08301100026165,0.8620440001797784],[100.97936499974749,0.8349639995560929],[100.9796849994146,0.8064920002186157],[101.02695799951998,0.8024970002925874],[101.07340799999295,0.8252670005291037],[101.12591900016321,0.8238320006410975],[101.12645100044081,0.8097059999335731],[101.15126800041368,0.8083429998698015],[101.15406700082036,0.8151749998839658],[101.17302699951387,0.8021009997581133],[101.17715199951813,0.8324959994878249],[101.15108800048864,0.8455249997872468]]]},"properties":{"name":"PT. BUANA WIRA LESTARI 2","company":"PT. BUANA WIRA LESTARI","group":"Sinar Mas","area_ha":12347,"type":"HGU","hgu":"No. 81/HGU/BPN/94","layer":"gfw_konsesi"}},{"type":"Feature","geometry":{"type":"Polygon","coordinates":[[[100.92870899997766,0.6682810005451403],[100.9281929995936,0.7078539999001123],[100.99957699931704,0.7448539996534084],[100.99947599993303,0.7296759998917559],[101.0092030000503,0.7342170002605899],[101.00946199961808,0.7935100003447979],[100.99653299958632,0.7936119996511788],[100.90276800007351,0.7247529998754837],[100.88691300031181,0.6937379997629899],[100.86586399996781,0.6795009997852309],[100.89199900004074,0.6570010000071842],[100.92870899997766,0.6682810005451403]]]},"properties":{"name":"PT. SEWANGI SEJATI LUHUR","company":"PT. SEWANGI SEJATI LUHUR","group":"No group","area_ha":7808,"type":"HGU","hgu":"No. 05/HGU/1990","layer":"gfw_konsesi"}},{"type":"Feature","geometry":{"type":"Polygon","coordinates":[[[102.10388400004065,0.4869079996661388],[101.97099500014873,0.4489070006849146],[101.92657599980329,0.4473620004521339],[101.9024219996292,0.4237690000653074],[101.90809800026034,0.4068399998307294],[101.97613699995415,0.4326589999430846],[102.10253300032866,0.46488400013992753],[102.10388400004065,0.4869079996661388]]]},"properties":{"name":"PT. LANGGAM INTI HIBRINDO 1","company":"PT. LANGGAM INTI HIBRINDO","group":"Klau River Enterprise Sdn Bhd","area_ha":5823,"type":"HGU","hgu":"No. 110/HGU/BPN/99","layer":"gfw_konsesi"}},{"type":"Feature","geometry":{"type":"Polygon","coordinates":[[[102.00194899998687,0.41576299972950154],[101.92736699964863,0.3751149999798977],[101.92476499978375,0.3010730000878217],[101.93596499981176,0.2959739999819761],[101.93786500041803,0.30809499999710466],[101.94801900033256,0.3039330002578144],[101.94802400035543,0.2859409995641376],[101.95566800046662,0.2876710001759831],[101.95478999968431,0.30408699987238025],[102.03240900008065,0.37376400037221424],[102.0454109999073,0.3649199997705974],[102.05155900054156,0.36906299966901845],[102.12149200009557,0.3204990005215158],[102.13578800063115,0.34775799938165547],[102.11505100045669,0.38371700036967415],[102.11489999994565,0.41656699944579456],[102.00194899998687,0.41576299972950154]]]},"properties":{"name":"PT. ADEI CRUMB RUBBER 3","company":"PT. ADEI CRUMB RUBBER","group":"No group","area_ha":16780,"type":"HGU","hgu":" ","layer":"gfw_konsesi"}},{"type":"Feature","geometry":{"type":"Polygon","coordinates":[[[101.8992740001414,0.1530249997269611],[101.93993399928212,0.07610900075088195],[102.04877199983044,0.13231800021943013],[102.0479790003353,0.17067299955247475],[102.05773300021676,0.1803159996744808],[102.04490700011715,0.19322400035239368],[102.0354829999486,0.18310500038210087],[101.9413909992993,0.27079600038146395],[101.8936000000584,0.2980619998026047],[101.90782299990073,0.21842900041878574],[101.92215600024619,0.21420399952685504],[101.8992740001414,0.1530249997269611]]]},"properties":{"name":"PT. SURYA BRATASENA PLANTATION","company":"PT. SURYA BRATASENA PLANTATION","group":"No group","area_ha":23403,"type":"HGU","hgu":"No. 05/HGU/1989","layer":"gfw_konsesi"}},{"type":"Feature","geometry":{"type":"Polygon","coordinates":[[[101.63957200012338,-0.5132339999850084],[101.63219400015097,-0.523339000162987],[101.63876299983637,-0.5304859997537418],[101.62824900007173,-0.5450519994735863],[101.63269000044352,-0.5479219997289847],[101.61627800028991,-0.5485949993037593],[101.59586699963037,-0.5764559997754364],[101.63080599973075,-0.5745260002715287],[101.66185299945533,-0.553093999880639],[101.64791999914293,-0.524133999330764],[101.65234500051949,-0.5197189997259904],[101.65783899977913,-0.535243999354312],[101.67190099996296,-0.5185860002712376],[101.71017400022231,-0.5237219997599475],[101.70874700034233,-0.5145630003958221],[101.68156800070412,-0.5080690000448504],[101.65078799914656,-0.5125899993087569],[101.64700399962415,-0.5212419999056961],[101.63957200012338,-0.5132339999850084]]]},"properties":{"name":"PT. DUTA PALMA NUSANTARA 1","company":"PT. DUTA PALMA NUSANTARA","group":"Duta Palma Group","area_ha":3032,"type":"HGU","hgu":" ","layer":"gfw_konsesi"}},{"type":"Feature","geometry":{"type":"Polygon","coordinates":[[[101.53459899928832,-0.6838299999342773],[101.55291600007111,-0.7009530004983899],[101.56208799944629,-0.6927579996454292],[101.59447099971257,-0.633613000060072],[101.62929199981217,-0.6239289997635586],[101.72741400003116,-0.5550159992942764],[101.7100179996884,-0.5271850005817682],[101.67127900017205,-0.5218580003780905],[101.65783899977913,-0.535243999354312],[101.66593999982479,-0.5542159998786125],[101.63293999979048,-0.5780839995084602],[101.59799100054265,-0.5827439999999108],[101.56611499954128,-0.6285220001066321],[101.5717280004232,-0.6364659999194368],[101.53573499981346,-0.6740690003383772],[101.53459899928832,-0.6838299999342773]]]},"properties":{"name":"PT. DUTA PALMA NUSANTARA 2","company":"PT. DUTA PALMA NUSANTARA","group":"Duta Palma Group","area_ha":11033,"type":"HGU","hgu":" ","layer":"gfw_konsesi"}},{"type":"Feature","geometry":{"type":"Polygon","coordinates":[[[101.86113900087263,0.5809520001266121],[101.9237260002413,0.5241680000398059],[101.9560609999287,0.5650050000918009],[101.95034799948763,0.576887000397336],[101.93760899942669,0.5518780007273163],[101.91770200035396,0.5517599999112792],[101.91817999930652,0.5846179995423108],[101.86718100030335,0.5848370000985142],[101.86716999953435,0.6045059999845744],[101.86107700005002,0.6045020000092651],[101.86113900087263,0.5809520001266121]]]},"properties":{"name":"PT. SAKTI SAWIT JAYA 1","company":"PT. SAKTI SAWIT JAYA","group":"No group","area_ha":3148,"type":"Pencadangan","hgu":" ","layer":"gfw_konsesi"}},{"type":"Feature","geometry":{"type":"Polygon","coordinates":[[[100.71330300028143,1.9537950005338107],[100.80570200001367,1.8908859998132395],[100.86000000081232,1.9496159994470939],[100.714897000566,2.0770819999059182],[100.65669999971882,1.9858400000814904],[100.68399800008106,1.959588999396441],[100.71330300028143,1.9537950005338107]]]},"properties":{"name":"PT. JATIM JAYA PERKASA","company":"PT. JATIM JAYA PERKASA","group":"Wilmar","area_ha":21112,"type":"Izin Lokasi","hgu":" ","layer":"gfw_konsesi"}},{"type":"Feature","geometry":{"type":"Polygon","coordinates":[[[101.02249900050315,1.8655109996204033],[100.99167600018625,1.948268999845431],[100.91924299997629,2.091129999656016],[100.89051799973409,2.0702979991299593],[100.94457199923697,1.976693999912011],[100.939461000292,1.9618090008242552],[100.94992800020096,1.947658999428771],[100.9500429998287,1.9264869999597818],[100.96843000003334,1.8978400002988116],[100.99565100040272,1.8978310005257786],[101.01950799957754,1.8631530003342107],[101.0153499999613,1.8413720003526015],[101.02186599994327,1.8318250004606367],[101.04818699978901,1.8275330002268413],[101.02249900050315,1.8655109996204033]]]},"properties":{"name":"PT. SINDORA SERAYA","company":"PT. SINDORA SERAYA","group":"No group","area_ha":10393,"type":"Izin Lokasi","hgu":" ","layer":"gfw_konsesi"}},{"type":"Feature","geometry":{"type":"Polygon","coordinates":[[[101.281290028873,1.6160268638824156],[101.33090199943311,1.6620939996853246],[101.31368500008875,1.6859660000136125],[101.23343700006343,1.6447150000661603],[101.20453599919581,1.6468990000332324],[101.2148359995985,1.6138540001316612],[101.20118900041466,1.5789809994896427],[101.281290028873,1.6160268638824156]]]},"properties":{"name":"PT. SURYA DUMAI AGRINDO 1","company":"PT. SURYA DUMAI AGRINDO","group":"Surya Dumai Group","area_ha":7609,"type":"Izin Lokasi","hgu":" ","layer":"gfw_konsesi"}},{"type":"Feature","geometry":{"type":"Polygon","coordinates":[[[101.60149899988058,0.1627250000759279],[101.67879199986365,0.09631500085024154],[101.67853300029587,0.1415849995974935],[101.66029899935376,0.1558049996522182],[101.68079899970176,0.17063500008617424],[101.67666999949952,0.2042479998971953],[101.78444799969067,0.20424200008753415],[101.78467900056768,0.1749150002035902],[101.80195400053665,0.17480400039244517],[101.80169399934735,0.14674400075511862],[101.78242499995906,0.1466110002232111],[101.77328199999788,0.12558100030252115],[101.80173899955318,0.09705200011791318],[101.82059500028623,0.10307900016701028],[101.84249299930357,0.15764600010796845],[101.82017500016167,0.18917599952507927],[101.80514300003234,0.18910100048898695],[101.8052869999724,0.21049499977037434],[101.73689400027624,0.2313560000072302],[101.69789700011874,0.20792399993912117],[101.66609800000853,0.2290749991828823],[101.60149899988058,0.1627250000759279]]]},"properties":{"name":"PT. MITRA UNGGUL PUSAKA","company":"PT. MITRA UNGGUL PUSAKA","group":"RGE Group","area_ha":14017,"type":"HGU","hgu":" ","layer":"gfw_konsesi"}},{"type":"Feature","geometry":{"type":"Polygon","coordinates":[[[102.55491499957371,-0.5149779999171865],[102.60937199948273,-0.48653999922398605],[102.60924500015945,-0.4710020005036996],[102.58924100010398,-0.46173199930343367],[102.58499200025116,-0.4451929995540456],[102.52491799926224,-0.42943099981269145],[102.47601300013582,-0.4302940004921498],[102.47405999982605,-0.49246599941641944],[102.49751299966819,-0.5190669996388096],[102.54808800014547,-0.5281080001584982],[102.55491499957371,-0.5149779999171865]]]},"properties":{"name":"PT. ALAM SARI LESTARI","company":"PT. ALAM SARI LESTARI","group":"No group","area_ha":11789,"type":"Izin Lokasi","hgu":" ","layer":"gfw_konsesi"}},{"type":"Feature","geometry":{"type":"Polygon","coordinates":[[[102.28385199986923,-0.8024899995100161],[102.31880100001536,-0.7784409999602896],[102.3190370000169,-0.6927520002361999],[102.3522029997326,-0.6498980006352346],[102.37050599937336,-0.6415619998428975],[102.3609540000566,-0.6390669996148208],[102.33195299962985,-0.6653559993172289],[102.31587499938709,-0.6615850006293221],[102.32671700011309,-0.6397200000275798],[102.32295299978382,-0.6300549994526267],[102.30793900009617,-0.6569659994532094],[102.28481899944165,-0.6443699997242592],[102.29394200020965,-0.6585140001083288],[102.2897050000524,-0.6890589999709064],[102.29597499998702,-0.6966609995366546],[102.2841880003282,-0.711309000460218],[102.29461299950607,-0.7283660002351523],[102.27629499979669,-0.7371990003534467],[102.27454499987655,-0.7463940002537396],[102.26611900014088,-0.7435889999767161],[102.2638970002176,-0.763581999902542],[102.28385199986923,-0.8024899995100161]]]},"properties":{"name":"PT. ARVENA SEPAKAT 1","company":"PT. ARVENA SEPAKAT","group":"Incasi Raya","area_ha":7222,"type":"Izin Lokasi","hgu":" ","layer":"gfw_konsesi"}},{"type":"Feature","geometry":{"type":"Polygon","coordinates":[[[102.2897050000524,-0.6890589999709064],[102.2892349996991,-0.6899499995327649],[102.2895869991533,-0.6894799999973666],[102.2897050000524,-0.6890589999709064]]]},"properties":{"name":"PT. ARVENA SEPAKAT 2","company":"PT. ARVENA SEPAKAT","group":"Incasi Raya","area_ha":0,"type":"Izin Lokasi","hgu":" ","layer":"gfw_konsesi"}},{"type":"Feature","geometry":{"type":"Polygon","coordinates":[[[102.31858300045546,-0.48665800035900736],[102.3160589995101,-0.5453290004171054],[102.34192199959648,-0.5453870002109549],[102.34148899995141,-0.536037000127498],[102.32619900007924,-0.5361890000974384],[102.3200510003433,-0.42290599955239566],[102.31138300075828,-0.42023700012336235],[102.3113820000351,-0.4255699999753835],[102.29693400006187,-0.4255650000904234],[102.29981399976106,-0.45150300050965114],[102.28945800018018,-0.4592550000640972],[102.28944700030952,-0.48664699998683897],[102.31858300045546,-0.48665800035900736]]]},"properties":{"name":"PT. INECDA (HGU)","company":"PT. INECDA (HGU)","group":"No group","area_ha":2923,"type":"HGU","hgu":" ","layer":"gfw_konsesi"}},{"type":"Feature","geometry":{"type":"Polygon","coordinates":[[[102.31292700081414,-0.5630979996989046],[102.3180920001858,-0.54904700003813],[102.35062199986683,-0.5490289995246282],[102.35161199990381,-0.556967000618613],[102.3380800003477,-0.5661259998319929],[102.36219799963848,-0.5727400000492451],[102.37699899978908,-0.49223000004353135],[102.37370300016329,-0.4660300006236285],[102.35839900004738,-0.44994999977849676],[102.36570000002693,-0.44142000054901687],[102.35800200038737,-0.43880000028400945],[102.36419699997897,-0.41075999972824323],[102.34040100000517,-0.39707999955159934],[102.32700300034337,-0.404119999808181],[102.33180299984205,-0.4124600004666707],[102.32049999988187,-0.4307760004075699],[102.32619900007924,-0.5361890000974384],[102.34148899995141,-0.536037000127498],[102.34192199959648,-0.5453870002109549],[102.3160589995101,-0.5453290004171054],[102.31598300024042,-0.5342300000718179],[102.29722100011705,-0.5342790001419838],[102.29720899952315,-0.512344000118533],[102.29015899961381,-0.5120989998055518],[102.29015100011623,-0.5307639993439006],[102.26979800008131,-0.5309439996276181],[102.2703020007698,-0.5428100007791556],[102.28679600004087,-0.5635599997831077],[102.30325000002726,-0.5671559999848264],[102.3076799996301,-0.5545310000487964],[102.31292700081414,-0.5630979996989046]]]},"properties":{"name":"PT. INECDA 2","company":"PT. INECDA","group":"No group","area_ha":9776,"type":"HGU","hgu":" ","layer":"gfw_konsesi"}},{"type":"Feature","geometry":{"type":"MultiPolygon","coordinates":[[[[101.95661499994756,-0.5585299996455895],[101.87618799982206,-0.6125410003549466],[101.84342700016235,-0.6769469997804886],[101.82554099937475,-0.6907399996984022],[101.8327169996808,-0.7097310001389893],[101.86476700075946,-0.743417999399698],[101.8816399992489,-0.7438900000676106],[101.88302199982135,-0.723996999527875],[101.86794200001145,-0.6860149993265888],[101.90541699985445,-0.6570080001179334],[101.90592799931729,-0.6163270001080297],[101.97482199932884,-0.6164629998665272],[101.97471400027213,-0.6451159997399184],[102.06546300054164,-0.6326800002994155],[102.15939700010888,-0.577264999481953],[102.17465099999606,-0.5425980006960682],[102.19890700027737,-0.5331900000119951],[102.17737476739597,-0.49767560867800276],[102.16882000045254,-0.5009050004697148],[102.14025800041694,-0.49847000018984144],[102.13241999923868,-0.5078729998446674],[102.1277599994821,-0.5095930000967271],[102.12537302485521,-0.506064328096024],[102.05258099946724,-0.558043000235794],[101.95661499994756,-0.5585299996455895]]],[[[102.13440999935834,-0.5037599999182362],[102.12677346155223,-0.5051333422995753],[102.12881000069184,-0.5079670003538896],[102.13440999935834,-0.5037599999182362]]],[[[102.17157999960283,-0.4988019995558193],[102.17577299937916,-0.49551899997717486],[102.16542030020864,-0.4973413671447617],[102.17157999960283,-0.4988019995558193]]],[[[101.9573870004246,-0.5578729994344872],[101.95640593233654,-0.5571339482168106],[101.95679300022279,-0.5579919999060996],[101.9573870004246,-0.5578729994344872]]]]},"properties":{"name":"PT. REGUMAS AGRI UTAMA","company":"PT. REGUMAS AGRI UTAMA","group":"No group","area_ha":31860,"type":" ","hgu":" ","layer":"gfw_konsesi"}},{"type":"Feature","geometry":{"type":"Polygon","coordinates":[[[102.15158699941803,-0.3377989998341567],[102.17511100030357,-0.21564899956335634],[102.21382699935539,-0.21302299981731537],[102.21206500063798,-0.20674300065240445],[102.1260760005825,-0.12857600034736483],[102.11457799973037,-0.11488100008427773],[102.11724699954236,-0.10705100051809871],[102.07435600025755,-0.1031479996522368],[102.06340899994956,-0.10981899959846399],[102.073162999831,-0.11941599967008626],[102.03747399989318,-0.1339360000191171],[102.03769400000121,-0.16095900012110623],[102.07447500008323,-0.26019100016302366],[102.08785799967644,-0.26019400050512326],[102.0878550002017,-0.26926200033969994],[102.10689899945909,-0.2692660004935019],[102.10688500011369,-0.325229000058695],[102.08912700027098,-0.32548299999993036],[102.08898499998075,-0.33836600028229963],[102.15158699941803,-0.3377989998341567]]]},"properties":{"name":"PT. INTI INDO SAWIT SUBUR 5","company":"PT. INTI INDO SAWIT SUBUR","group":"RGE Group","area_ha":26333,"type":" ","hgu":" ","layer":"gfw_konsesi"}},{"type":"Feature","geometry":{"type":"Polygon","coordinates":[[[102.05880600009438,-0.2809389996230848],[102.07716399998674,-0.33847199963681174],[102.08898499998075,-0.33836600028229963],[102.08912700027098,-0.32548299999993036],[102.10688500011369,-0.325229000058695],[102.10689899945909,-0.2692660004935019],[102.0878550002017,-0.26926200033969994],[102.08785799967644,-0.26019400050512326],[102.07447500008323,-0.26019100016302366],[102.05852900008496,-0.21484900065104706],[102.04683199993951,-0.20480699997062457],[102.03467700003463,-0.22942899994473992],[102.05066400004083,-0.22894999960960014],[102.0414679994779,-0.24608900002506606],[102.04946100046685,-0.25107999995390023],[102.03794900026935,-0.2565500000469639],[102.04562000014467,-0.26717399983357265],[102.03418600066327,-0.27867900006582563],[102.05880600009438,-0.2809389996230848]]]},"properties":{"name":"PT. INTI INDO SAWIT SUBUR 6","company":"PT. INTI INDO SAWIT SUBUR","group":"RGE Group","area_ha":5244,"type":"HGU","hgu":"No. 04/HGU/1989","layer":"gfw_konsesi"}},{"type":"Feature","geometry":{"type":"Polygon","coordinates":[[[100.9200018482193,1.135058894318511],[100.89387500035758,1.1646779999596353],[100.83582403593124,1.198391044344719],[100.82581300019922,1.1910390007975697],[100.82704199971248,1.172637000306069],[100.8148850001578,1.1667510001899872],[100.81333299970602,1.1561819999952254],[100.80678499993705,1.1620059999794508],[100.80464200055482,1.1514159998712188],[100.91095699998272,1.0573459996019723],[100.928473999801,1.0929690007509216],[100.9200018482193,1.135058894318511]]]},"properties":{"name":"PT. ROKAN ADI RAYA","company":"PT. ROKAN ADI RAYA","group":"No group","area_ha":10521,"type":"Izin Lokasi","hgu":" ","layer":"gfw_konsesi"}},{"type":"Feature","geometry":{"type":"Polygon","coordinates":[[[100.56580911234684,0.7769235106418436],[100.51640299971727,0.8091109999943608],[100.4942019998529,0.778508000010909],[100.50720200002975,0.756486999737292],[100.49289700017168,0.7489019997687111],[100.45379600025709,0.7944540004339602],[100.44740300029878,0.7887159995736412],[100.44869999958406,0.7494860003009134],[100.43299899980819,0.7428839994776603],[100.4229959995064,0.7235960002273855],[100.44860099984989,0.709065999562804],[100.51750199953415,0.7426059996474585],[100.52349799983243,0.7337229997294686],[100.55886900065123,0.7635100000380926],[100.576431999602,0.7613180002952943],[100.56580911234684,0.7769235106418436]]]},"properties":{"name":"PT. SAWIT ASAHAN INDAH","company":"PT. SAWIT ASAHAN INDAH","group":"Astra International","area_ha":7683,"type":"HGU","hgu":"No. 17/HGU/1989","layer":"gfw_konsesi"}},{"type":"Feature","geometry":{"type":"Polygon","coordinates":[[[100.59159900034885,0.5964250000678345],[100.65360300028465,0.6814220004703866],[100.66551999963983,0.6727129999382961],[100.74579600015255,0.7895019994049355],[100.76309999953554,0.7953820001591783],[100.74060099974535,0.7989230004202703],[100.72679899985253,0.7850709997003564],[100.70760300025917,0.8002639997470331],[100.71240199993292,0.8111380003063221],[100.70049999974805,0.8219019995293176],[100.72010099939739,0.8286620001730234],[100.72530400020048,0.8441769996842355],[100.70729799976233,0.8333360008027307],[100.69370300045703,0.8354560003731126],[100.65499900020247,0.9002640001053864],[100.64990199970458,0.8905210005767691],[100.66615500074784,0.8790049998440059],[100.65553399995476,0.8691079999462424],[100.67680399933339,0.8634020001145396],[100.68779799949704,0.8245459993793702],[100.64460000006558,0.7819599998754156],[100.60759700022567,0.7757619994919641],[100.60730000012477,0.7748079996465963],[100.60679599943629,0.7595909993511054],[100.60679600033461,0.7452509998818534],[100.58850100019143,0.7448149998960195],[100.58889800074978,0.7193980000166836],[100.55770100033907,0.7112289999707706],[100.5509029994265,0.698349000207696],[100.55239899980172,0.6774129997256663],[100.57340199921666,0.6582699996516415],[100.57319599935234,0.6450770000572853],[100.56240100027863,0.6346640004999637],[100.56819899931183,0.6243700005864198],[100.57730100016346,0.6255440000750104],[100.59159900034885,0.5964250000678345]],[[100.60749800049147,0.7740400003550497],[100.68900300051749,0.7806140004686613],[100.69010200033436,0.7637810003823841],[100.60829899948423,0.7391660002392818],[100.60749800049147,0.7740400003550497]]]},"properties":{"name":"PT. PERKEBUNAN V (SEI. INTAN)","company":"PT. PERKEBUNAN V (SEI. INTAN)","group":"No group","area_ha":21456,"type":"HGU","hgu":" ","layer":"gfw_konsesi"}},{"type":"Feature","geometry":{"type":"MultiPolygon","coordinates":[[[[101.6054230000434,2.1011229994464915],[101.58768999941671,2.0886399998851197],[101.58307000074143,2.075806999981574],[101.59025999949452,2.0720889996189964],[101.58993999982741,2.0589400000190894],[101.6187999997888,2.0534830005530407],[101.60737000050538,2.0424739994034926],[101.61247999962546,2.0305269992920194],[101.60382000043636,2.030833000460887],[101.61080000002548,2.021594999940318],[101.62930000020808,2.0239069996452206],[101.61705000076697,2.0030490005742787],[101.63061999995793,1.9969089995831126],[101.63384999946148,2.0208320003791056],[101.63968000007839,2.0117000000248915],[101.65864999971595,2.0042169996114616],[101.66207899941114,2.013592999356992],[101.64696499926606,2.0189129996323696],[101.65244000005575,2.0592069999497022],[101.6216000000204,2.0637479992504804],[101.61562000051397,2.0782100000246113],[101.62581999956092,2.085504000385336],[101.61564999975288,2.0895689999874283],[101.62612000003489,2.096620999395816],[101.61217000000404,2.100503999536407],[101.61777999961463,2.1069919997229714],[101.6054230000434,2.1011229994464915]],[[101.6295444273053,2.011721614533863],[101.62954400060553,2.0117219996735907],[101.62962999992095,2.0120779998238607],[101.6295444273053,2.011721614533863]],[[101.61342999947946,2.1046660007895523],[101.61590007006674,2.10561164387408],[101.61590063331042,2.10561174800829],[101.61342999947946,2.1046660007895523]],[[101.61020553808959,2.0294209873609863],[101.610206015095,2.0294209756902206],[101.61048999950579,2.028957999614596],[101.61020553808959,2.0294209873609863]],[[101.64381000010559,2.0128740006956813],[101.64428283733854,2.0125591083055645],[101.64428279242274,2.0125591029189773],[101.64381000010559,2.0128740006956813]]],[[[101.60541999967037,2.1011229994464915],[101.6054230000434,2.1011229994464915],[101.60573415669491,2.1013362345982727],[101.60541999967037,2.1011229994464915]]],[[[101.61283100015305,2.105595999503769],[101.61291705875725,2.105645176886042],[101.61274776136051,2.105568118465118],[101.61283100015305,2.105595999503769]]]]},"properties":{"name":"PT. BINA RUPAT SEPANG LESTARI","company":"PT. BINA RUPAT SEPANG LESTARI","group":"No group","area_ha":3960,"type":"Izin Lokasi","hgu":" ","layer":"gfw_konsesi"}},{"type":"Feature","geometry":{"type":"Polygon","coordinates":[[[101.0333019999728,0.6035540003853895],[101.05604599998536,0.5782240002074891],[101.1411510003091,0.5838040002261683],[101.14125000004329,0.5918640000449659],[101.12728100064419,0.5919329995531941],[101.12719700008027,0.6030119995653986],[101.10079900024164,0.603012000463689],[101.1006999996091,0.594229000052625],[101.0333019999728,0.6035540003853895]]]},"properties":{"name":"PT. EGASUTI NASAKTI 1","company":"PT. EGASUTI NASAKTI","group":"No group","area_ha":2107,"type":"HGU","hgu":"No. 15/HGU/BPN/94","layer":"gfw_konsesi"}},{"type":"Feature","geometry":{"type":"Polygon","coordinates":[[[101.189469000703,-0.09634400022326532],[101.23558800073991,-0.09267699957788389],[101.25130500040933,-0.11840599992018087],[101.26089500025924,-0.12140999917737669],[101.25829300039439,-0.08909899993050531],[101.2369920001553,-0.05607100031829201],[101.21436299977047,-0.052214999853276774],[101.1771699999598,-0.08467900006714557],[101.189469000703,-0.09634400022326532]]]},"properties":{"name":"PT. KEBUN PANTAI RAJA 1","company":"PT. KEBUN PANTAI RAJA","group":"Uniseraya Group","area_ha":3135,"type":"Izin Lokasi","hgu":" ","layer":"gfw_konsesi"}},{"type":"Feature","geometry":{"type":"Polygon","coordinates":[[[100.62473999995017,0.35123999957512464],[100.64582699992899,0.36900699985578816],[100.63725000058056,0.38825899946333864],[100.66814400014428,0.40651699984222534],[100.64559299957726,0.4257720003550753],[100.6416750001605,0.44305000077305],[100.59792500036001,0.4595549998773762],[100.59166400064615,0.45910399991073175],[100.59166200009803,0.44947800084015704],[100.54605800062028,0.43788700001043396],[100.54874699962548,0.3966679998255717],[100.56306499990234,0.38281599951851925],[100.55805799981613,0.3675420000614007],[100.57762900022652,0.35696900008763344],[100.58464800017369,0.339878000117495],[100.61542600028478,0.3608679999894788],[100.62473999995017,0.35123999957512464]]]},"properties":{"name":"PT. PADASA ENAM UTAMA 2","company":"PT. PADASA ENAM UTAMA","group":"No group","area_ha":11252,"type":"HGU","hgu":"No. 14/HGU/BPN/92","layer":"gfw_konsesi"}},{"type":"Feature","geometry":{"type":"Polygon","coordinates":[[[100.50853699984823,0.9309450002898523],[100.50800299992083,0.9031259997443234],[100.55526699980537,0.8459840005644682],[100.62552599977263,0.8452390001483302],[100.62438199974987,0.930584000642726],[100.599861000053,0.9366989999920801],[100.5441739999075,0.9327699999030994],[100.53267700067693,0.9255189996816237],[100.50853699984823,0.9309450002898523]]]},"properties":{"name":"PT. EKADURA INDONESIA 1","company":"PT. EKADURA INDONESIA","group":"Astra International","area_ha":10740,"type":" ","hgu":" ","layer":"gfw_konsesi"}},{"type":"Feature","geometry":{"type":"Polygon","coordinates":[[[100.59386600047795,1.5524639993118707],[100.5039249997722,1.5542930002133601],[100.45102300068798,1.617171999755697],[100.44862699978914,1.5927820005122837],[100.49802700028154,1.5331819997348621],[100.57572500032057,1.5317620000541856],[100.57488500007143,1.49855600036851],[100.59386599957963,1.497343999881584],[100.59386600047795,1.5524639993118707]]]},"properties":{"name":"PT. PERKEBUNAN IV TANJUNG MEDANG","company":"PT. PERKEBUNAN IV TANJUNG MEDANG","group":"No group","area_ha":4961,"type":" ","hgu":" ","layer":"gfw_konsesi"}},{"type":"Feature","geometry":{"type":"Polygon","coordinates":[[[100.50099900004227,1.6624280000196494],[100.50119800023388,1.616509000818676],[100.54170199973898,1.6046939999310716],[100.55760199970655,1.611197000710983],[100.5807039999194,1.602188000110075],[100.58470199970208,1.6131949996224824],[100.60379800063461,1.6023450001448678],[100.62780000047273,1.6093030007827536],[100.62779999957445,1.6273029992705947],[100.68430300057791,1.6272879998638232],[100.68499800016377,1.6632050001755028],[100.62130000038432,1.686769000163055],[100.61479899957268,1.6747839998133482],[100.59909799979675,1.6798380000718607],[100.56559800017023,1.6748200005823197],[100.56545000003224,1.6629420007463902],[100.50099900004227,1.6624280000196494]]]},"properties":{"name":"PT. IVO MAS TUNGGAL 4","company":"PT. IVO MAS TUNGGAL","group":"Sinar Mas","area_ha":12723,"type":"HGU","hgu":" ","layer":"gfw_konsesi"}},{"type":"Feature","geometry":{"type":"Polygon","coordinates":[[[100.67777299945395,1.7551369993262949],[100.59187699928486,1.7545429993589197],[100.59251499986766,1.7223799998843077],[100.67776300030653,1.7434120000254563],[100.67777299945395,1.7551369993262949]]]},"properties":{"name":"PT. IVO MAS TUNGGAL 5","company":"PT. IVO MAS TUNGGAL","group":"Sinar Mas","area_ha":2372,"type":" ","hgu":" ","layer":"gfw_konsesi"}},{"type":"Feature","geometry":{"type":"Polygon","coordinates":[[[101.8864909996995,1.5470410001850927],[101.87826199960732,1.5416340001557876],[101.89630099965743,1.5243469997278538],[101.8823580001976,1.5119690006801116],[101.89644799997053,1.490318999817091],[101.90760000031796,1.4909060001660286],[101.92720000014235,1.4684689999645684],[101.94180299992625,1.4781120005793569],[101.92479700046911,1.5148069992982374],[101.8864909996995,1.5470410001850927]]]},"properties":{"name":"PT. TOBA INDAH 1","company":"PT. TOBA INDAH","group":"No group","area_ha":2356,"type":" ","hgu":" ","layer":"gfw_konsesi"}},{"type":"Feature","geometry":{"type":"Polygon","coordinates":[[[101.95760299943636,1.4575519997126691],[101.94339700021081,1.4559300005144602],[101.94259600031972,1.4429990003513244],[101.97692099922847,1.4105449997651796],[101.99569700049388,1.421382999206959],[102.02610000068623,1.4223900005103882],[102.02960200017637,1.4309729998845255],[101.95760299943636,1.4575519997126691]]]},"properties":{"name":"PT. TOBA INDAH 2","company":"PT. TOBA INDAH","group":"No group","area_ha":2394,"type":" ","hgu":" ","layer":"gfw_konsesi"}},{"type":"Feature","geometry":{"type":"Polygon","coordinates":[[[102.48919700043568,0.7315999997502209],[102.49119599987785,0.7087769995230622],[102.52559699985288,0.7013899999555941],[102.78440099989544,0.7102700000252592],[102.78469799999637,0.7246100004194165],[102.68060299994359,0.7496900001239651],[102.65110000027485,0.7410700002835392],[102.65180199953339,0.7285100002146792],[102.64379900029536,0.7234399995558497],[102.62290200028733,0.7366199996030781],[102.59380299995131,0.7273300002219977],[102.58280200011494,0.7360099995766594],[102.50959800015113,0.7474599997025788],[102.51000199948386,0.7301399995744283],[102.48919700043568,0.7315999997502209]]]},"properties":{"name":"PT. UNI SERAYA","company":"PT. UNI SERAYA","group":"No group","area_ha":11346,"type":" ","hgu":" ","layer":"gfw_konsesi"}},{"type":"Feature","geometry":{"type":"MultiPolygon","coordinates":[[[[101.93805500038886,0.03266899962471192],[101.97249199945058,-0.043355999969171936],[102.01018899994973,-0.07132200024443872],[102.03747399989318,-0.1339360000191171],[102.073162999831,-0.11941599967008626],[102.06340899994956,-0.10981899959846399],[102.07435600025755,-0.1031479996522368],[102.11724699954236,-0.10705100051809871],[102.10096700053154,-0.05321799988445546],[102.10546900010439,-0.012657999767133074],[102.07524799948692,0.09696499930566262],[102.04673400003018,0.10500899952496869],[102.00068699996335,0.07672199977579408],[101.93805500038886,0.03266899962471192]]],[[[101.94487199977134,0.013790000064156425],[101.94405400016184,0.01431600047810534],[101.94644904435492,0.0095036115203949],[101.94487199977134,0.013790000064156425]]],[[[101.94207899921248,0.019891999502832693],[101.94183399988839,0.019488000193947363],[101.94209392831416,0.018882436911733438],[101.94207899921248,0.019891999502832693]]],[[[101.94093896794666,0.021549665978053648],[101.94122383989291,0.02089347904736575],[101.94118799980802,0.02114799959798673],[101.94093896794666,0.021549665978053648]]]]},"properties":{"name":"PT. MUSIM MAS","company":"PT. MUSIM MAS","group":"Musim Mas","area_ha":30638,"type":"HGU","hgu":"No. 126/HGU/BPN/97","layer":"gfw_konsesi"}},{"type":"Feature","geometry":{"type":"Polygon","coordinates":[[[102.28228899954684,-0.21727000062027754],[102.26699799984972,-0.1319500000537312],[102.28910099980479,-0.12532999993573946],[102.27230100021197,-0.11999999944985835],[102.24960300023015,-0.09060999941455078],[102.18710300000181,-0.10919000038532697],[102.18890399997561,-0.11850000032893578],[102.17389699996063,-0.13187999991903146],[102.23529800037208,-0.18335000025004608],[102.25219700059742,-0.2396800002705427],[102.26249700010182,-0.2518199998058516],[102.34622099967804,-0.3015349999451749],[102.35424099953285,-0.293293999801754],[102.28228899954684,-0.21727000062027754]]]},"properties":{"name":"PT. GANDAERAH HENDANA 1","company":"PT. GANDAERAH HENDANA","group":"Barito Pacific","area_ha":12865,"type":" ","hgu":" ","layer":"gfw_konsesi"}},{"type":"Feature","geometry":{"type":"Polygon","coordinates":[[[103.27808410254327,0.27871812123363776],[103.29434999980076,0.28289200054608155],[103.31597900010289,0.27317700043498633],[103.33212300046793,0.2928340001217564],[103.2598190001294,0.44286599986078823],[103.12458000026767,0.36631300059787164],[103.25723999983077,0.256397999437223],[103.26313800021974,0.25401299961033114],[103.26531999996004,0.27591099969970206],[103.27521821537718,0.27805135099111555],[103.26947000007868,0.284768999216398],[103.27745105347435,0.278540935130554],[103.27611999995493,0.2882149995675694],[103.27808410254327,0.27871812123363776]]]},"properties":{"name":"PT. GUNTUNG HASRAT M 1","company":"PT. GUNTUNG HASRAT M","group":"Sambu Group","area_ha":24252,"type":" ","hgu":" ","layer":"gfw_konsesi"}},{"type":"Feature","geometry":{"type":"Polygon","coordinates":[[[103.38395699969736,0.5126379997631172],[103.2598190001294,0.44286599986078823],[103.33212300046793,0.2928340001217564],[103.35827600008417,0.3198499994215693],[103.39887199965078,0.32665799982147814],[103.40167199988237,0.35650399978731884],[103.48964699985959,0.3845450002806102],[103.52259099981741,0.4057850008717136],[103.50763699950589,0.425719000318213],[103.48490199971418,0.4283350005321249],[103.42330200000943,0.489927000080785],[103.38395699969736,0.5126379997631172]]]},"properties":{"name":"PT. GUNTUNG HASRAT M 2","company":"PT. GUNTUNG HASRAT M","group":"Sambu Group","area_ha":34623,"type":" ","hgu":" ","layer":"gfw_konsesi"}},{"type":"Feature","geometry":{"type":"MultiPolygon","coordinates":[[[[103.37781999983208,0.12997899995979573],[103.27232399983862,0.15825199949932914],[103.21829200007706,0.14511300056087695],[103.16356699948113,0.031703999854361745],[103.13112600038684,-0.004007000000246251],[103.18231999938368,-0.027428999734115795],[103.26419800057691,0.06587400043070203],[103.29930900020643,0.07749600010003961],[103.4530950001064,0.03303599998548938],[103.43779999931303,0.0484849995034251],[103.45542180288056,0.0328598332008697],[103.51281100628492,0.03144086268634159],[103.50359999936516,0.03219500004772166],[103.49114999990753,0.042623999881102353],[103.48770000029593,0.051118000132212155],[103.47012000072841,0.05674000053900879],[103.4590599995442,0.06559200058399657],[103.45894999993935,0.06834400015325161],[103.48984999935084,0.05279299991889339],[103.51516226838764,0.03165168377682761],[103.52645000058126,0.035721999930488635],[103.50695999946338,0.04724600037680446],[103.50247000048442,0.05099199978551693],[103.50248999967759,0.0542069996619232],[103.52388000050345,0.04057500075040114],[103.52950000015976,0.05599500018666004],[103.5289400002931,0.03584699957955703],[103.53678000022285,0.04848899969997375],[103.53150287134082,0.03444204641764356],[103.54291999956286,0.0467159999272684],[103.53606235500699,0.03544140312076297],[103.54906999984692,0.043006999190528035],[103.54021071839519,0.03651863474927233],[103.59179699999851,0.04527900046467257],[103.6464840000613,0.022289000064009454],[103.73842599985906,0.0010180005243130325],[103.75362399966971,0.006255999678539229],[103.76361899957557,0.033097000074709775],[103.76045199982119,0.14491499993001347],[103.74423199928817,0.1780749996652891],[103.71608699990244,0.19936500030553256],[103.57149500001725,0.22921899976789767],[103.53781900066365,0.2071299995391884],[103.47635700015282,0.12220599994169441],[103.42929900013259,0.12101299950739886],[103.37781999983208,0.12997899995979573]]],[[[103.5261500001073,0.034340999441100396],[103.52404000033701,0.03285699991492391],[103.5279457422417,0.033680016476565565],[103.5261500001073,0.034340999441100396]]],[[[103.37689000006958,0.13121099934071856],[103.37675499945205,0.1320740004714594],[103.37515077544126,0.1325102068376089],[103.37689000006958,0.13121099934071856]]]]},"properties":{"name":"PT. BUMI REKSA NUSASEJATI 1","company":"PT. BUMI REKSA NUSASEJATI","group":"No group","area_ha":95533,"type":"HGU","hgu":" ","layer":"gfw_konsesi"}},{"type":"Feature","geometry":{"type":"Polygon","coordinates":[[[103.26313800021974,0.2539420001627545],[103.12458000026767,0.36631300059787164],[103.02195999977545,0.30895399973706217],[102.89172499962689,0.21268000025588077],[103.0262799997734,0.06378300046895936],[103.17297100045653,0.0551750004148858],[103.211516999629,0.12051800013932618],[103.21829200007706,0.14511300056087695],[103.167197999741,0.12507900046486914],[103.1575930007208,0.15026800072519902],[103.22158100003016,0.1778789998939975],[103.23382599944837,0.19504400002691666],[103.26432800027327,0.17368699990940598],[103.26313800021974,0.2539420001627545]]]},"properties":{"name":"PT. BUMI REKSA NUSASEJATI 2","company":"PT. BUMI REKSA NUSASEJATI","group":"No group","area_ha":85076,"type":" ","hgu":" ","layer":"gfw_konsesi"}},{"type":"Feature","geometry":{"type":"Polygon","coordinates":[[[102.9601999993388,-0.6016139999922736],[102.9208020002216,-0.6266639994096904],[102.92450200007846,-0.6336839994563782],[102.87980100059903,-0.6611740002615262],[102.90080499983884,-0.6929940003558932],[102.91120399997578,-0.672453999351999],[102.9243029998868,-0.6799539999811123],[102.94819900031803,-0.6683239999725815],[102.95590499945517,-0.6732640002000208],[102.97680200036152,-0.6512840000837871],[102.97980000006149,-0.6587340000533227],[103.01000499988713,-0.6352840002943815],[103.04600000014672,-0.6265340003012074],[103.0450999996231,-0.6135740002029423],[103.07319899987644,-0.5968240002024484],[102.9952039997365,-0.5802239996788248],[102.96460200025082,-0.6094440000526345],[102.9601999993388,-0.6016139999922736]]]},"properties":{"name":"PT. BUMI PLASMA LESTARI","company":"PT. BUMI PLASMA LESTARI","group":"Sinar Mas","area_ha":10550,"type":" ","hgu":" ","layer":"gfw_konsesi"}},{"type":"Feature","geometry":{"type":"Polygon","coordinates":[[[102.07944499946123,-0.4571279994191563],[102.1467969999651,-0.4492329991696388],[102.14927700052954,-0.41859199984227435],[102.08560900088732,-0.41962300015173504],[102.07977300042258,-0.4289929998584135],[102.02944200034278,-0.44281200014875843],[102.01165000016486,-0.4575209998367267],[101.98625199951063,-0.4543520001599867],[101.97668400030032,-0.49583199993648003],[101.99616199992599,-0.5143390001363954],[102.02029400035876,-0.49757899941139533],[102.03668199932463,-0.49852999998992],[102.07944499946123,-0.4571279994191563]]]},"properties":{"name":"PT. PERKEBUNAN V (NES / PIR AIR MOLEK)","company":"PT. PERKEBUNAN V (NES / PIR AIR MOLEK)","group":"No group","area_ha":8945,"type":" ","hgu":" ","layer":"gfw_konsesi"}},{"type":"Feature","geometry":{"type":"Polygon","coordinates":[[[102.41747699935493,-0.6697340001239278],[102.37439700082254,-0.6040100003274362],[102.34130799930314,-0.6061599998573657],[102.33985100018424,-0.5934650005853114],[102.32471800067093,-0.5871790002409379],[102.31049400010536,-0.5975530000494201],[102.31413799988572,-0.6134569995484431],[102.29578599984114,-0.6227770001527817],[102.29923299997799,-0.6370289995263327],[102.28799600014011,-0.6405349996008295],[102.30793900009617,-0.6569659994532094],[102.32295299978382,-0.6300549994526267],[102.32671700011309,-0.6397200000275798],[102.31587499938709,-0.6615850006293221],[102.33195299962985,-0.6653559993172289],[102.3609540000566,-0.6390669996148208],[102.39077800011572,-0.6458719999548598],[102.41361600073795,-0.6736860004643014],[102.41747699935493,-0.6697340001239278]]]},"properties":{"name":"PT. SUMATERA MAKMUR 1","company":"PT. SUMATERA MAKMUR","group":"Incasi Raya","area_ha":5373,"type":" ","hgu":" ","layer":"gfw_konsesi"}},{"type":"Feature","geometry":{"type":"Polygon","coordinates":[[[102.45002299982782,-0.7200830003040136],[102.46890299995201,-0.7190269998823967],[102.429405999304,-0.6680979992175402],[102.42308299966588,-0.6710779997835665],[102.43413899975383,-0.6844079994625837],[102.42340499988117,-0.6850650001037478],[102.45002299982782,-0.7200830003040136]]]},"properties":{"name":"PT. SUMATERA MAKMUR 2","company":"PT. SUMATERA MAKMUR","group":"Incasi Raya","area_ha":869,"type":" ","hgu":" ","layer":"gfw_konsesi"}},{"type":"Feature","geometry":{"type":"Polygon","coordinates":[[[101.43834700043669,-0.27081100028253163],[101.4385759998672,-0.3279280001812842],[101.37682300000156,-0.3267659998173124],[101.4012830004974,-0.36430299991946313],[101.39775800054274,-0.4239869999475601],[101.41625199997922,-0.4661940006180176],[101.49325600025732,-0.4675609997544061],[101.5148620000949,-0.4292869994244252],[101.52069800055958,-0.3799260000149886],[101.4879760003596,-0.25795700002617944],[101.46926899958946,-0.25137199991992876],[101.44846299981803,-0.25916999987068845],[101.40563999940697,-0.2577349998214281],[101.40584600016963,-0.26923700050138955],[101.43834700043669,-0.27081100028253163]],[[101.50822000061456,-0.3803459998787277],[101.49609999997149,-0.3913479997752244],[101.50014000048527,-0.37519799983797875],[101.50822000061456,-0.3803459998787277]]]},"properties":{"name":"PT. WARNASARI NUSANTARA","company":"PT. WARNASARI NUSANTARA","group":"RGE Group","area_ha":25086,"type":" ","hgu":" ","layer":"gfw_konsesi"}},{"type":"Feature","geometry":{"type":"Polygon","coordinates":[[[101.41684771596329,-0.5933946716608605],[101.41301300025484,-0.5446349997121839],[101.44162899981879,-0.5247630002911959],[101.40460199968946,-0.4829700001779293],[101.39389799995402,-0.48870000004793185],[101.38200400016505,-0.4710900000881582],[101.38939700020607,-0.46457999958693746],[101.37270300002017,-0.4447800007783765],[101.36150399981709,-0.44476000039118574],[101.3265990000519,-0.386190000240564],[101.30400099962921,-0.3876599994958927],[101.29499800030844,-0.39430999993987],[101.31700099980607,-0.413200000812117],[101.31939699980659,-0.43448999972983565],[101.34549700061773,-0.43527999945132756],[101.37180300039489,-0.46516000021702136],[101.39520299963523,-0.5244299997905831],[101.39559900036868,-0.5347499995866002],[101.38230100026598,-0.5381700000636951],[101.38950399943788,-0.5508299991832879],[101.3785019997766,-0.5645599999137877],[101.36839999974062,-0.5966799999883621],[101.3722000000549,-0.6052600002205123],[101.41684771596329,-0.5933946716608605]]]},"properties":{"name":"PT. UDAYA LOHJINAWI 1","company":"PT. UDAYA LOHJINAWI","group":"RP KELAPA SAWIT Sdn Bhd","area_ha":8015,"type":"HGU","hgu":"No. 49/HGU/BPN/2000","layer":"gfw_konsesi"}},{"type":"Feature","geometry":{"type":"Polygon","coordinates":[[[101.44162899981879,-0.5247630002911959],[101.41301300025484,-0.5446349997121839],[101.41828400083,-0.5930629999954846],[101.45330099984987,-0.6015399999599084],[101.43930100048861,-0.5882099999464495],[101.43949899995702,-0.5708800006294154],[101.45649699991658,-0.553810000113615],[101.48709900030053,-0.5566199996065371],[101.4907990001574,-0.5428400004682796],[101.44162899981879,-0.5247630002911959]]]},"properties":{"name":"PT. UDAYA LOHJINAWI 2","company":"PT. UDAYA LOHJINAWI","group":"RP KELAPA SAWIT Sdn Bhd","area_ha":3340,"type":" ","hgu":" ","layer":"gfw_konsesi"}},{"type":"Feature","geometry":{"type":"Polygon","coordinates":[[[100.4310990001002,2.1191049996450944],[100.45889999952938,2.1004100001435595],[100.62729599978428,2.105972999429677],[100.60250100045099,2.13877899947227],[100.56600200040127,2.1523999997575323],[100.52490200014617,2.188655999647004],[100.40119899987309,2.188626000748464],[100.40959900056781,2.161526999928336],[100.42289700067049,2.151078999830869],[100.4310990001002,2.1191049996450944]]]},"properties":{"name":"PT. TRIDAYARI MANDIRI UTAMA","company":"PT. TRIDAYARI MANDIRI UTAMA","group":"No group","area_ha":16801,"type":" ","hgu":" ","layer":"gfw_konsesi"}},{"type":"Feature","geometry":{"type":"Polygon","coordinates":[[[100.44893600048397,1.7134809999917118],[100.45612600013538,1.693111000058161],[100.50705200024196,1.74523499990632],[100.50705200024196,1.7626100003511278],[100.48548299931596,1.7626100003511278],[100.48548299931596,1.7721960000071735],[100.45253099986053,1.7721960000071735],[100.45732400058479,1.7338509996789346],[100.44893600048397,1.7134809999917118]]]},"properties":{"name":"PT. PERKEBUNAN V (PIR LOKAL BAGAN BATU","company":"PT. PERKEBUNAN V (PIR LOKAL BAGAN BATU","group":"No group","area_ha":3324,"type":" ","hgu":" ","layer":"gfw_konsesi"}},{"type":"Feature","geometry":{"type":"Polygon","coordinates":[[[100.50101900013375,1.6623210000262234],[100.56545000003224,1.6629420007463902],[100.56700299941056,1.711339999230269],[100.55055299962211,1.706334000240415],[100.54021999960744,1.6909309995865927],[100.5202440000394,1.6909469996961815],[100.52027700054967,1.7338430002522298],[100.48908900035978,1.7082680001343764],[100.50101900013375,1.6623210000262234]]]},"properties":{"name":"PT. PERKEBUNAN V (PIR BAGAN SINEMBAH)","company":"PT. PERKEBUNAN V (PIR BAGAN SINEMBAH)","group":"No group","area_ha":3861,"type":" ","hgu":" ","layer":"gfw_konsesi"}},{"type":"Feature","geometry":{"type":"Polygon","coordinates":[[[101.34780100055676,1.7872859995969441],[101.36039699960426,1.8303119998790118],[101.33779900007987,1.8353419994357736],[101.33480099948157,1.788018999427024],[101.34780100055676,1.7872859995969441]]]},"properties":{"name":"PT. NURINTA BAGANYASA","company":"PT. NURINTA BAGANYASA","group":"No group","area_ha":1094,"type":" ","hgu":" ","layer":"gfw_konsesi"}},{"type":"Feature","geometry":{"type":"Polygon","coordinates":[[[100.97200000019387,1.754978000278624],[100.95649699988635,1.745938000489131],[100.95559699936275,1.7197050001327934],[100.92719999918361,1.6999699997630406],[100.91989900010242,1.6472860004821648],[100.94239799989258,1.6145130004272978],[100.975501999684,1.6144519994005773],[100.98660299997778,1.6306640003877655],[101.0126040001564,1.6461499994822995],[101.03050200063956,1.6732979997712778],[101.03070099993286,1.683899999571883],[101.0106960000525,1.6707139996582143],[100.98449700040548,1.6868949998332463],[100.99529999987513,1.7331839996575702],[100.97200000019387,1.754978000278624]]]},"properties":{"name":"PT. SIAK SERAYA","company":"PT. SIAK SERAYA","group":"Siak Raya Group","area_ha":10181,"type":" ","hgu":" ","layer":"gfw_konsesi"}},{"type":"Feature","geometry":{"type":"MultiPolygon","coordinates":[[[[101.33656213222305,1.4599536593341285],[101.31249999915981,1.4459299999714383],[101.31739800036442,1.4379799998813418],[101.2758029996417,1.400609999929541],[101.25430300010929,1.367189999965955],[101.26799799987204,1.329580000640385],[101.26930199972834,1.2998600004686627],[101.28040300002212,1.2872399994325368],[101.27310200004263,1.274819999616143],[101.31089800027598,1.2735600000652678],[101.31079899964345,1.3558600001523697],[101.31960299967092,1.3928599995998618],[101.36219800047634,1.457630000334547],[101.33656213222305,1.4599536593341285]]],[[[101.33669140877561,1.4600337962709748],[101.34643900007579,1.4604960000097962],[101.35842703101711,1.4597988894393314],[101.34780100055676,1.4661600001029274],[101.33669140877561,1.4600337962709748]]]]},"properties":{"name":"PT. MURINI WOOD INDUSTRI","company":"PT. MURINI WOOD INDUSTRI","group":"Surya Dumai Group","area_ha":9710,"type":"HGU","hgu":"No. 61/HGU/BPN/99","layer":"gfw_konsesi"}},{"type":"Feature","geometry":{"type":"Polygon","coordinates":[[[100.49079900009697,1.1973659996154773],[100.49392699949328,1.2495419998946542],[100.45780199953737,1.249217999819546],[100.45822900023295,1.2234040003547715],[100.42821500020304,1.216412999370113],[100.42856600073061,1.2000299992913528],[100.37970000016561,1.1937450000246062],[100.38141599975059,1.1402540005384725],[100.4170460001372,1.1412789996612447],[100.45010399989785,1.163244999536655],[100.4499969997677,1.1741490005485282],[100.49079900009697,1.1973659996154773]]]},"properties":{"name":"PT. TORUS GANDA","company":"PT. TORUS GANDA","group":"No group","area_ha":7884,"type":" ","hgu":" ","layer":"gfw_konsesi"}},{"type":"Feature","geometry":{"type":"Polygon","coordinates":[[[100.6360700005728,1.236634000297939],[100.60698000045763,1.1948850000729927],[100.62466400068051,1.1954180000798709],[100.62618999939635,1.126011999553565],[100.58362600034968,1.126058999314293],[100.62427499961977,1.101693000074855],[100.64678900037687,1.1035669995202098],[100.6471709999683,1.1178869995345806],[100.66764799985174,1.1514510001490197],[100.65857700075891,1.1731179994454173],[100.67709299993669,1.1956769998470225],[100.68444099977187,1.2360689999214556],[100.6360700005728,1.236634000297939]]]},"properties":{"name":"PT. SUMBER JAYA INDAH NUSA COY 1","company":"PT. SUMBER JAYA INDAH NUSA COY","group":"No group","area_ha":7542,"type":"HGU","hgu":"No. 12/HGU/BPN/92","layer":"gfw_konsesi"}},{"type":"Feature","geometry":{"type":"Polygon","coordinates":[[[100.82019528406038,0.9231390218543175],[100.72675799984465,1.005754000448896],[100.713166999839,0.9865059998836202],[100.74222800054018,0.9585709993403425],[100.71835800004821,0.9157420003697603],[100.68606399947042,0.9326560008339786],[100.67468299969244,0.9125700001309154],[100.74673099993794,0.8717200002570819],[100.75249700008244,0.8776010001154682],[100.77289100012521,0.868135999772125],[100.83205099944853,0.888319000181854],[100.82019528406038,0.9231390218543175]]]},"properties":{"name":"PT. EKADURA INDONESIA 2","company":"PT. EKADURA INDONESIA","group":"Astra International","area_ha":11979,"type":"HGU","hgu":"No. 09/HGU/BPN/87","layer":"gfw_konsesi"}},{"type":"Feature","geometry":{"type":"Polygon","coordinates":[[[100.97682200033216,0.6633100001163383],[100.96848100008698,0.6550290002374324],[100.99748499998844,0.6322640005667565],[100.99759200011857,0.6511220002845647],[101.00871300050383,0.6522080004026971],[101.00315700042162,0.6677830003179498],[101.01362000013263,0.6735709998020496],[101.02179599962305,0.6682899992555118],[101.01656399940593,0.6535359996695504],[101.03957100008253,0.6563189998194174],[101.03389799982448,0.6717620001423278],[101.03967800021267,0.6748120002285962],[101.05799400027223,0.6660220003493188],[101.0485039999814,0.6574359994289746],[101.06715099957879,0.6568269996888988],[101.06561999994173,0.6879339996962509],[101.04273100016422,0.6860740000379687],[101.04283800029437,0.7189749996069205],[101.0103500004461,0.7176889997578483],[101.00119200041631,0.7315970005200051],[101.00142600076803,0.6637319994395565],[100.97682200033216,0.6633100001163383]]]},"properties":{"name":"PT. EGASUTI NASAKTI 2","company":"PT. EGASUTI NASAKTI","group":"No group","area_ha":4296,"type":" ","hgu":" ","layer":"gfw_konsesi"}},{"type":"Feature","geometry":{"type":"Polygon","coordinates":[[[101.18859899941832,0.5954410001053674],[101.19709799984727,0.6056619999150638],[101.23269700027171,0.6104320001500622],[101.23269700027171,0.6227890000377058],[101.19360300002984,0.6135040003030311],[101.16380299936183,0.6178939995647912],[101.16380300026013,0.5954570000331302],[101.18859899941832,0.5954410001053674]]]},"properties":{"name":"PT. DUMAI INDAH PERKASA","company":"PT. DUMAI INDAH PERKASA","group":"Dumai Indah Group","area_ha":1231,"type":" ","hgu":" ","layer":"gfw_konsesi"}},{"type":"Feature","geometry":{"type":"Polygon","coordinates":[[[101.01450300003947,0.5715300000460255],[101.04409800066804,0.5743799999352883],[101.04409800066804,0.5777100004728905],[101.03169999929233,0.5891299996126049],[100.9981989998409,0.588619999962892],[101.01400000007425,0.5823700003741191],[101.01450300003947,0.5715300000460255]]]},"properties":{"name":"PT. EGASUTI NASAKTI 3","company":"PT. EGASUTI NASAKTI","group":"No group","area_ha":600,"type":" ","hgu":" ","layer":"gfw_konsesi"}},{"type":"Feature","geometry":{"type":"Polygon","coordinates":[[[100.9345700005567,0.5765799996346337],[100.91721300057198,0.5826099998486354],[100.91532100036159,0.5676699997675531],[100.90240499985032,0.5631609999983294],[100.89347100012655,0.5284639999488697],[100.8845820006086,0.5460780005924148],[100.86482200005231,0.535401999828076],[100.86496699981724,0.48502200066882567],[100.90615099973793,0.48556699978159573],[100.9117510002011,0.5031339998417304],[100.93672200015978,0.5252059993515543],[100.94217699995966,0.5432779993261314],[100.9345700005567,0.5765799996346337]]]},"properties":{"name":"PT. PADASA ENAM UTAMA 3","company":"PT. PADASA ENAM UTAMA","group":"No group","area_ha":5376,"type":" ","hgu":" ","layer":"gfw_konsesi"}},{"type":"Feature","geometry":{"type":"Polygon","coordinates":[[[101.71630100004182,0.49527200035472235],[101.7431029992132,0.49538700017645537],[101.74330200030317,0.4740440004377023],[101.78230300065864,0.47416799963426287],[101.78289800068536,0.5445889999628969],[101.71327199948139,0.544054000099899],[101.71630100004182,0.49527200035472235]]]},"properties":{"name":"PT. MERIDAN SEJATI SURYA","company":"PT. MERIDAN SEJATI SURYA","group":"Surya Dumai Group","area_ha":5262,"type":"HGU","hgu":"No. 61/HGU/BPN/99","layer":"gfw_konsesi"}},{"type":"Feature","geometry":{"type":"Polygon","coordinates":[[[101.68389100001136,0.4952629995718505],[101.68430299974003,0.456253999650031],[101.74349999977154,0.45652000033307],[101.7431029992132,0.49538700017645537],[101.68389100001136,0.4952629995718505]]]},"properties":{"name":"BPP SEI. PUTIH","company":"BPP SEI. PUTIH","group":"No group","area_ha":2840,"type":" ","hgu":" ","layer":"gfw_konsesi"}},{"type":"Feature","geometry":{"type":"Polygon","coordinates":[[[101.8864909996995,1.5470410001850927],[101.77674099983032,1.6450620001816634],[101.73777800000798,1.6611299999681954],[101.69634080453459,1.6668573063555816],[101.69689799986094,1.6360380003159258],[101.65943500061182,1.6292610000798364],[101.63966800038283,1.6168360001995699],[101.6407980001619,1.6006460003359804],[101.7042470004193,1.6292279994412922],[101.76096300006151,1.6143500002704883],[101.82436399974006,1.5822370001500397],[101.85806300045653,1.550002999348296],[101.88225000024259,1.512137000781434],[101.89636500012988,1.524236000064808],[101.87826199960732,1.5416340001557876],[101.8864909996995,1.5470410001850927]]]},"properties":{"name":"PT. BUDIDAKSA DWI KUSUMA","company":"PT. BUDIDAKSA DWI KUSUMA","group":"No group","area_ha":8464,"type":" ","hgu":" ","layer":"gfw_konsesi"}},{"type":"Feature","geometry":{"type":"MultiPolygon","coordinates":[[[[101.03716846573663,1.6092092482685934],[101.01600600008742,1.6226709995380717],[101.00005299951812,1.6071810002976872],[101.02374300008502,1.5796799995396442],[101.05738800037481,1.5657309998534088],[101.07235000018395,1.5717570001459924],[101.06209499998705,1.589736999780637],[101.05009348892662,1.5923689413859459],[101.05048999990315,1.5873109998922745],[101.04460999995582,1.5860799994985144],[101.03792000079491,1.5883199997954025],[101.03147000003688,1.5935349996881516],[101.03040000053228,1.6009110004956362],[101.03716846573663,1.6092092482685934]]],[[[101.04845999960048,1.586995999871475],[101.03713055503502,1.6067045174162837],[101.03149000012837,1.6006400001354673],[101.0394600006528,1.5886659993346104],[101.04845999960048,1.586995999871475]]]]},"properties":{"name":"PT. BATU PUTIH","company":"PT. BATU PUTIH","group":"No group","area_ha":2225,"type":" ","hgu":" ","layer":"gfw_konsesi"}},{"type":"Feature","geometry":{"type":"MultiPolygon","coordinates":[[[[101.33882299955373,1.0291289992260217],[101.32186899997511,1.0365370001977494],[101.29547100013647,1.012786000240322],[101.34113300023884,1.0160009996938288],[101.3425680005147,1.0270430005318771],[101.33882299955373,1.0291289992260217]]],[[[101.33892700020913,1.0293990000087934],[101.33930999962544,1.0313100004641842],[101.33480066979988,1.0330143732407089],[101.33892700020913,1.0293990000087934]]]]},"properties":{"name":"PT. UNICO BIMASARI 2","company":"PT. UNICO BIMASARI","group":"No group","area_ha":925,"type":" ","hgu":" ","layer":"gfw_konsesi"}},{"type":"Feature","geometry":{"type":"Polygon","coordinates":[[[100.37976700011276,1.0515040005611427],[100.26371600034676,1.0524119993354613],[100.24926600072374,1.0373790005199865],[100.22631699977347,1.0363899996854424],[100.22510399925544,1.0275079997745173],[100.25318199959236,1.0166439997398686],[100.25029899952008,1.0066130005437146],[100.2582050004704,0.9968970006129274],[100.27297999978346,0.9966049998104257],[100.28315100031473,0.9861199998019694],[100.26089200072406,0.9899850005724553],[100.24266400052807,0.9780820000940058],[100.213970000248,0.9837290001028357],[100.19719900006916,0.9774609998346887],[100.18980300055341,0.9655260001259341],[100.18971899998952,0.9187890007289211],[100.2413009993239,0.9156080005217444],[100.3226449996914,0.9330370004030824],[100.32791000041878,0.9605359995300781],[100.35558900054755,0.9612039997281707],[100.36266200002311,0.9751960003503718],[100.38087299960237,0.9775179995248228],[100.37976700011276,1.0515040005611427]]]},"properties":{"name":"PT. AZEK SAKTI","company":"PT. AZEK SAKTI","group":"No group","area_ha":22048,"type":" ","hgu":" ","layer":"gfw_konsesi"}},{"type":"Feature","geometry":{"type":"Polygon","coordinates":[[[102.00997000056492,1.587706000050078],[102.06411199993136,1.5128439997931433],[102.08219299981425,1.501245000296588],[102.15343400032087,1.503523999741674],[102.16622400043546,1.5316609999411184],[102.16792900014977,1.5700279998150828],[102.06909500062645,1.6024260000894648],[102.01616299960838,1.6037070000844156],[102.00997000056492,1.587706000050078]]]},"properties":{"name":"PT. MESKOM AGRO SARIMAS","company":"PT. MESKOM AGRO SARIMAS","group":"No group","area_ha":13968,"type":" ","hgu":" ","layer":"gfw_konsesi"}},{"type":"Feature","geometry":{"type":"Polygon","coordinates":[[[100.78138200015823,0.8597510002612941],[100.75162300039642,0.8781080000533273],[100.745632000121,0.8729760003684186],[100.6947419999995,0.9019300000169896],[100.69624400022252,0.8742920005355505],[100.7350560004321,0.8525980005115769],[100.73656299977971,0.843901999521856],[100.76885300015955,0.8516049994327629],[100.78138200015823,0.8597510002612941]]]},"properties":{"name":"PT. SUMBER JAYA INDAH NUSA COY 2","company":"PT. SUMBER JAYA INDAH NUSA COY","group":"No group","area_ha":2597,"type":" ","hgu":" ","layer":"gfw_konsesi"}},{"type":"Feature","geometry":{"type":"Polygon","coordinates":[[[100.68995699967111,1.1409949997218116],[100.65553300012985,1.0884960000503574],[100.66800699987694,1.0855030000947172],[100.66894500003536,1.061744000096],[100.65283200053078,1.0559390001581712],[100.65387699992102,0.9928769999407184],[100.69179500035315,0.9939979998566043],[100.69878700053616,1.0046909998460491],[100.70010399991293,1.0801080002455425],[100.71751399960112,1.1021349999334014],[100.71394300051402,1.1426629998247777],[100.68995699967111,1.1409949997218116]]]},"properties":{"name":"PT. ADITYA PALMA NUSANTARA","company":"PT. ADITYA PALMA NUSANTARA","group":"Duta Palma Group","area_ha":7546,"type":" ","hgu":" ","layer":"gfw_konsesi"}},{"type":"Feature","geometry":{"type":"Polygon","coordinates":[[[100.6840969998153,1.663267000018743],[100.68430300057791,1.6272879998638232],[100.62779999957445,1.6273029992705947],[100.62818999956177,1.5989500001200447],[100.68060299982275,1.582510000019966],[100.69090299932716,1.5902599996138047],[100.70079800057222,1.583000000294922],[100.72143499939092,1.5919189999139423],[100.71033399999544,1.6551919995031412],[100.6840969998153,1.663267000018743]]]},"properties":{"name":"PT. GUNUNG MAS RAYA 2","company":"PT. GUNUNG MAS RAYA","group":"Salim Group","area_ha":5419,"type":" ","hgu":" ","layer":"gfw_konsesi"}},{"type":"Feature","geometry":{"type":"Polygon","coordinates":[[[100.54651300000663,0.4631189996396447],[100.54679900023689,0.5166520001017257],[100.55672299999765,0.5166230000700854],[100.57659499980862,0.4812880002922161],[100.58683400011195,0.4865509995962944],[100.59954699933533,0.45558700010938835],[100.62640299983168,0.4595719999472884],[100.62800099941589,0.46617500008209534],[100.53772800024576,0.5397899995738704],[100.52404000015575,0.5324369991239457],[100.53133499938913,0.5245430004237186],[100.52407399959259,0.47844899956419545],[100.53007500081206,0.47765500003442424],[100.530317999588,0.4633240001656666],[100.54651300000663,0.4631189996396447]]]},"properties":{"name":"PT. MULTI PARAMITRA PERKASA JAYA","company":"PT. MULTI PARAMITRA PERKASA JAYA","group":"Surya Dumai Group","area_ha":3545,"type":" ","hgu":" ","layer":"gfw_konsesi"}},{"type":"Feature","geometry":{"type":"Polygon","coordinates":[[[101.81169900019728,0.7543999994926358],[101.84649699983234,0.7524000006658077],[101.8956000002238,0.7813599999702155],[101.86939999985353,0.8177199992558568],[101.82579799929272,0.8080199996255172],[101.76930299958346,0.8259499995742156],[101.76989800050852,0.7966899997271766],[101.7922979996662,0.7875499996374256],[101.79119899984927,0.7746299994746514],[101.81169900019728,0.7543999994926358]]]},"properties":{"name":"PT. WANA SUBUR SAWIT INDAH","company":"PT. WANA SUBUR SAWIT INDAH","group":"No group","area_ha":6860,"type":" ","hgu":" ","layer":"gfw_konsesi"}},{"type":"Feature","geometry":{"type":"Polygon","coordinates":[[[101.89610300018906,0.7823799994885271],[101.93689700012236,0.8117299998758403],[101.9730990000712,0.8156700005232552],[101.98349699948488,0.8023100001697274],[102.01509899995156,0.8236899997571179],[101.9887009992146,0.8832600002881695],[101.92130299957829,0.832059999658627],[101.86939999985353,0.8177199992558568],[101.89610300018906,0.7823799994885271]]]},"properties":{"name":"PT. GELORA SAWITA MAKMUR 2","company":"PT. GELORA SAWITA MAKMUR","group":"Danitama Makmur","area_ha":7006,"type":" ","hgu":" ","layer":"gfw_konsesi"}},{"type":"Feature","geometry":{"type":"Polygon","coordinates":[[[100.46586099975025,1.40760199939699],[100.48384799992184,1.4076020002950513],[100.48384799992184,1.4304960003922407],[100.46586099975025,1.4304960003922407],[100.46586099975025,1.40760199939699]]]},"properties":{"name":"KT. MADISON JAYA","company":"KT. MADISON JAYA","group":"No group","area_ha":507,"type":" ","hgu":" ","layer":"gfw_konsesi"}},{"type":"Feature","geometry":{"type":"Polygon","coordinates":[[[100.46586099975025,1.4304960003922407],[100.48384799992184,1.4304960003922407],[100.48384799992184,1.4525690001220486],[100.46586099975025,1.4525690001220486],[100.46586099975025,1.4304960003922407]]]},"properties":{"name":"KT. BUANA LUHUR","company":"KT. BUANA LUHUR","group":"No group","area_ha":489,"type":" ","hgu":" ","layer":"gfw_konsesi"}},{"type":"Feature","geometry":{"type":"Polygon","coordinates":[[[100.54717299943239,1.4818359995055812],[100.52522600001126,1.4848229996737607],[100.5011649997236,1.5022289992646485],[100.53125700046965,1.454683999978966],[100.55877800041468,1.453403999480639],[100.54717299943239,1.4818359995055812]]]},"properties":{"name":"PT. KARYABADI SAMASEJATI","company":"PT. KARYABADI SAMASEJATI","group":"No group","area_ha":1266,"type":"Izin Lokasi","hgu":" ","layer":"gfw_konsesi"}},{"type":"Feature","geometry":{"type":"Polygon","coordinates":[[[100.44589500022795,1.6351029998322069],[100.46253300033739,1.6390320001003544],[100.46293299947214,1.657461999783736],[100.44208400004304,1.657461999783736],[100.44589500022795,1.6351029998322069]]]},"properties":{"name":"PT. PERKEBUNAN V (PTP III SEI. MERANTI)","company":"PT. PERKEBUNAN V (PTP III SEI. MERANTI)","group":"No group","area_ha":465,"type":" ","hgu":" ","layer":"gfw_konsesi"}},{"type":"Feature","geometry":{"type":"Polygon","coordinates":[[[100.23169500047875,1.2502299995668005],[100.28881600017691,1.2277109999004305],[100.30669299984532,1.2280930006846882],[100.30630999953067,1.239828000301141],[100.34575500030017,1.23472299966417],[100.35975100036178,1.24468999937242],[100.35121800049596,1.277552000469525],[100.36036100045715,1.2976920002343346],[100.40913900026028,1.30509700012054],[100.41691599954251,1.312524000013219],[100.41382000083156,1.3363860002781107],[100.33550400030124,1.3272380000608386],[100.23772799968866,1.268417000360138],[100.23169500047875,1.2502299995668005]]]},"properties":{"name":"PT. TORGANDA 2","company":"PT. TORGANDA","group":"No group","area_ha":11893,"type":" ","hgu":" ","layer":"gfw_konsesi"}},{"type":"Feature","geometry":{"type":"MultiPolygon","coordinates":[[[[101.95243999971454,1.0165090006110613],[102.02571499982346,1.0172319999911166],[102.02473099963427,1.0540260000730144],[102.05129299950448,1.0793789995354828],[102.06028400002798,1.1090149999337355],[102.02277900004775,1.1085000005965624],[101.98097599981088,1.0616179997742148],[101.96662999994491,1.0812309999966707],[101.97963599996956,1.0966770003882294],[101.97675600027036,1.1071749997103224],[101.964757999826,1.1089999999804685],[101.9579909997739,1.0948169996958723],[101.94888200014792,1.1051919996875965],[101.94326499996632,1.09189899993397],[101.93236799988706,1.0922089998321203],[101.95036800047744,1.0773040000670564],[101.97157399938362,1.0410730000729416],[101.95243999971454,1.0165090006110613]]],[[[101.93881363842604,1.0830998792491116],[101.94052303539368,1.0821754218621535],[101.93953999999513,1.0828140001607363],[101.93881363842604,1.0830998792491116]]],[[[101.93509000030083,1.0852759997283357],[101.93553499964143,1.0848729997362458],[101.93607294676616,1.084582073187881],[101.93509000030083,1.0852759997283357]]],[[[101.93680689011623,1.0841851491183139],[101.93716545984842,1.0839912312768083],[101.93700000005452,1.0841600007932892],[101.93680689011623,1.0841851491183139]]]]},"properties":{"name":"PT. KARYA TAMA BAKTI MULIA 2","company":"PT. KARYA TAMA BAKTI MULIA","group":"Surya Dumai Group","area_ha":7707,"type":" ","hgu":" ","layer":"gfw_konsesi"}},{"type":"Feature","geometry":{"type":"Polygon","coordinates":[[[101.63909700064552,0.9101220000384652],[101.65203300034997,0.8825959995616753],[101.69176000025347,0.8422780006588186],[101.70037000011216,0.822249000071244],[101.7465799994873,0.8091560002041627],[101.75398800049524,0.8133260001101712],[101.75751299955161,0.827875000120015],[101.68972099972999,0.8729740000524925],[101.6450449994666,0.91513699937389],[101.63909700064552,0.9101220000384652]]]},"properties":{"name":"PT. SURYA INTI SARI RAYA 2","company":"PT. SURYA INTI SARI RAYA","group":"Surya Dumai Group","area_ha":4052,"type":" ","hgu":" ","layer":"gfw_konsesi"}},{"type":"Feature","geometry":{"type":"Polygon","coordinates":[[[102.38200400022549,0.8362399997585489],[102.3654020001011,0.8364099994923725],[102.35140200073984,0.8169799993081961],[102.34750400051627,0.8323400001477839],[102.33480099954201,0.8388399997427997],[102.33070400002514,0.8231899997038067],[102.34700000072611,0.780469999518938],[102.49119599987785,0.7087769995230622],[102.4885029997764,0.7410200006438256],[102.4741970000934,0.7649000004263365],[102.45379599947962,0.7728500000389809],[102.43350199989428,0.7670399995297394],[102.43029799943166,0.7730100005839464],[102.45050099967872,0.7787399999499964],[102.40640199989873,0.8077299992813922],[102.38200400022549,0.8362399997585489]]]},"properties":{"name":"PT. TRIOMAS FDI","company":"PT. TRIOMAS FDI","group":"No group","area_ha":10229,"type":" ","hgu":" ","layer":"gfw_konsesi"}},{"type":"Feature","geometry":{"type":"Polygon","coordinates":[[[103.20523800037184,0.6338520001873996],[103.20349900032232,0.6534299999709405],[103.19619699961959,0.6496000001091375],[103.19200100036852,0.630689999855951],[103.17669699935432,0.6138400003532511],[103.17420199961958,0.5812099991770152],[103.16760299979694,0.5815500002959811],[103.16819799982372,0.571999999453998],[103.15039800014817,0.5561899999497489],[103.14880399986365,0.5333799998373705],[103.16410100030683,0.5227399997449199],[103.24140200068581,0.5529599999403362],[103.23870100018844,0.5671799999966511],[103.25879700030539,0.5773100000984843],[103.24829900043427,0.5958299999079681],[103.25679800086321,0.6156999997037955],[103.24800100050844,0.6209399997006858],[103.2053990000303,0.5903499998533878],[103.17990099981694,0.5813200003074249],[103.17974900037929,0.5915670005116129],[103.1980820001573,0.6091889998316464],[103.18733999988872,0.6227939997652029],[103.20523800037184,0.6338520001873996]]]},"properties":{"name":"PT. TRISETYA USAHA MANDIRI 2","company":"PT. TRISETYA USAHA MANDIRI","group":"No group","area_ha":7508,"type":" ","hgu":" ","layer":"gfw_konsesi"}},{"type":"Feature","geometry":{"type":"Polygon","coordinates":[[[101.07911699933773,0.22743899947168353],[101.08611299971872,0.16687900027588357],[101.09471900027775,0.16689500010151248],[101.0713120004664,0.15104100015158275],[101.04711199936324,0.1552469996945142],[101.07501200032327,0.1353880004946135],[101.09821300027029,0.14182400013946359],[101.10711699985688,0.16123799957581555],[101.10171499976045,0.20036599951276157],[101.07911699933773,0.22743899947168353]]]},"properties":{"name":"PT. CILIANDRA PERKASA","company":"PT. CILIANDRA PERKASA","group":"Surya Dumai Group","area_ha":2397,"type":" ","hgu":" ","layer":"gfw_konsesi"}},{"type":"Feature","geometry":{"type":"Polygon","coordinates":[[[101.86219799960826,0.18142699993931025],[101.87079599977139,0.15517499998867254],[101.90419799948863,0.09573400008650675],[101.91059899984285,0.09995600030610721],[101.89289799990149,0.14846500004185859],[101.86219799960826,0.18142699993931025]]]},"properties":{"name":"PT. LANGGAM INTI HIBRINDO 2","company":"PT. LANGGAM INTI HIBRINDO","group":"Klau River Enterprise Sdn Bhd","area_ha":1276,"type":" ","hgu":" ","layer":"gfw_konsesi"}},{"type":"Feature","geometry":{"type":"Polygon","coordinates":[[[102.37149000046085,-0.0037270005167171546],[102.37770099994599,-0.018709999912343615],[102.38980099959925,-0.020499999910617503],[102.38909900034066,-0.0027500000018152895],[102.37149000046085,-0.0037270005167171546]]]},"properties":{"name":"PT. DUET RIJA 1","company":"PT. DUET RIJA","group":"No group","area_ha":326,"type":" ","hgu":" ","layer":"gfw_konsesi"}},{"type":"Feature","geometry":{"type":"Polygon","coordinates":[[[102.34546700054092,-0.049390999544334416],[102.36541799999459,-0.022450999535062202],[102.36772199993365,-0.0038120000070322184],[102.33020000023497,-0.015456000264388687],[102.33805899953299,-0.04648000000376268],[102.34546700054092,-0.049390999544334416]]]},"properties":{"name":"PT. DUET RIJA 2","company":"PT. DUET RIJA","group":"No group","area_ha":1290,"type":" ","hgu":" ","layer":"gfw_konsesi"}},{"type":"Feature","geometry":{"type":"Polygon","coordinates":[[[102.36181600004706,-0.07364200001704235],[102.37889900039539,-0.0742299998815475],[102.37869999930545,-0.1162500001481112],[102.33390099991674,-0.11572999973333362],[102.36592899945744,-0.0846840000845439],[102.26114599949149,-0.10520000079593567],[102.27510099954522,-0.12203999973911099],[102.29890400009002,-0.13106300048866984],[102.41251399964965,-0.1324419997370486],[102.38901499977678,-0.08904199919966835],[102.38771800049145,-0.027672000278595246],[102.36951399968657,-0.04275199989211702],[102.36181600004706,-0.07364200001704235]]]},"properties":{"name":"PT. DUET RIJA 3","company":"PT. DUET RIJA","group":"No group","area_ha":5605,"type":" ","hgu":" ","layer":"gfw_konsesi"}},{"type":"Feature","geometry":{"type":"Polygon","coordinates":[[[102.36759899990997,-0.07362999943309595],[102.36550099983529,-0.08737000018039048],[102.3482970000114,-0.09513999981038865],[102.33390099991674,-0.11572999973333362],[102.37869999930545,-0.1162500001481112],[102.37889900039539,-0.0742299998815475],[102.36759899990997,-0.07362999943309595]]]},"properties":{"name":"PT. GANDAERAH HENDANA 2","company":"PT. GANDAERAH HENDANA","group":"Barito Pacific","area_ha":1381,"type":"HGU","hgu":"No. 93/HGU/BPN/97","layer":"gfw_konsesi"}},{"type":"Feature","geometry":{"type":"MultiPolygon","coordinates":[[[[102.42640006837837,0.250864170099376],[102.38910800056152,0.22251099929024434],[102.37192699940557,0.22098199997444265],[102.36429100058861,0.26701299922952126],[102.29046999995843,0.30705000039259034],[102.29812199956721,0.28775438254600466],[102.31470000030049,0.28183600063411673],[102.31623999926008,0.276454000725975],[102.31180000050982,0.2625050003291018],[102.3195500000279,0.2511500005001001],[102.32575000054067,0.23950200065326113],[102.33018000014349,0.2228929995892893],[102.34914999978105,0.22088999969859197],[102.37560999954395,0.20981699997217776],[102.40641999944208,0.2118900002679983],[102.42640006837837,0.250864170099376]]],[[[102.2994753250175,0.28396619192133904],[102.3320170001023,0.19954500003823802],[102.38942100055596,0.1871499995660617],[102.4041300006451,0.19700400021635253],[102.42944499966204,0.2293090003573686],[102.42904349674747,0.24116245088143615],[102.4272300003098,0.22998899980236615],[102.41512999975822,0.2131179995949886],[102.38070000036919,0.20505900005034608],[102.33232000005097,0.21712300046508318],[102.2994753250175,0.28396619192133904]]],[[[102.42445000016968,0.23329299977092785],[102.41808999982335,0.22713100012686857],[102.41712999992362,0.2210909998415575],[102.42265000002085,0.22701099962203444],[102.42445000016968,0.23329299977092785]],[[102.42046099970952,0.22521199983230575],[102.41887799929565,0.22665899933317138],[102.42345200063514,0.2321179995958169],[102.42046099970952,0.22521199983230575]]],[[[102.30858999930109,0.2832139995269437],[102.30839999933029,0.27975099996572944],[102.31211000013121,0.27210599975637223],[102.31429000022169,0.27593700023579193],[102.313510000247,0.279589999530311],[102.30858999930109,0.2832139995269437]],[[102.30970400008493,0.2788850001865598],[102.31266599979992,0.2792709998885414],[102.31251799966189,0.2745800001663191],[102.30970400008493,0.2788850001865598]]],[[[102.31438999978081,0.2558260001996685],[102.31792000065664,0.2483559997117251],[102.32182000053007,0.2433770001429517],[102.31891999984104,0.251192999744634],[102.31438999978081,0.2558260001996685]],[[102.3187109996037,0.24878599942863844],[102.31807399974413,0.2508180007294921],[102.32042600026205,0.2462770004072597],[102.3187109996037,0.24878599942863844]]],[[[102.33537000052782,0.22020999982937203],[102.33849999957397,0.2183170001809463],[102.34500999970814,0.21897700019088392],[102.34054999996808,0.2204759997977404],[102.33537000052782,0.22020999982937203]],[[102.33861699974983,0.21920900009492156],[102.34040400037821,0.21958700031034029],[102.3422349995909,0.21915799951615156],[102.33861699974983,0.21920900009492156]]],[[[102.41473999977087,0.22134499928987048],[102.41212000036266,0.2181829994621963],[102.41311999954706,0.21615800025413712],[102.41663000033144,0.21888400008507444],[102.41473999977087,0.22134499928987048]],[[102.41504400044279,0.2182509996393549],[102.41432699931899,0.22009399943639477],[102.41537099978262,0.22041099998152303],[102.41504400044279,0.2182509996393549]]],[[[102.42347999932589,0.23498399949506632],[102.42432000047336,0.23413799930105333],[102.42445000016968,0.23498399949506632],[102.42347999932589,0.23498399949506632]]]]},"properties":{"name":"PT. SABIRA NEGERIUTAMA","company":"PT. SABIRA NEGERIUTAMA","group":"Sabira Group","area_ha":7085,"type":" ","hgu":" ","layer":"gfw_konsesi"}},{"type":"Feature","geometry":{"type":"MultiPolygon","coordinates":[[[[103.27622018007544,0.2535197907293588],[103.26313800021974,0.2539420001627545],[103.26682300000797,0.1726460000817343],[103.37129999965217,0.17822600034473102],[103.4098660007128,0.17116599997330315],[103.47520499973415,0.22412100071394178],[103.45275900054573,0.2571450003833384],[103.37507600057532,0.2458119998728181],[103.36295300045752,0.2684009997701823],[103.31743600012011,0.23917200022627086],[103.28406999948955,0.22954400044664086],[103.2992799998941,0.23959499972687884],[103.27038999979543,0.25269400000418635],[103.27622018007544,0.2535197907293588]]],[[[103.27890404161548,0.252542481739621],[103.27800619076038,0.2528694275937262],[103.27879999963761,0.2525339999290779],[103.27890404161548,0.252542481739621]]],[[[103.34034390494276,0.25511280603901093],[103.33967106230338,0.2546525722318567],[103.34006999962946,0.25490999989765967],[103.34034390494276,0.25511280603901093]]]]},"properties":{"name":"PT. GUNTUNG HASRAT MSKMUR","company":"PT. GUNTUNG HASRAT MSKMUR","group":"Sambu Group","area_ha":17565,"type":" ","hgu":" ","layer":"gfw_konsesi"}},{"type":"Feature","geometry":{"type":"Polygon","coordinates":[[[103.18231999938368,-0.027428999734115795],[103.16881499959176,-0.06084800045777419],[103.26192500060003,-0.06432100025815483],[103.26375599981272,0.06455999958325742],[103.18231999938368,-0.027428999734115795]]]},"properties":{"name":"PT. SUMTAI JAYA SATRIA","company":"PT. SUMTAI JAYA SATRIA","group":"No group","area_ha":8104,"type":" ","hgu":" ","layer":"gfw_konsesi"}},{"type":"Feature","geometry":{"type":"Polygon","coordinates":[[[102.98969299986011,-0.14520799979223264],[103.07127400005412,-0.1714740003646605],[103.0532149999125,-0.23971599994051804],[103.1199719994913,-0.2161100000167543],[103.13613900032087,-0.1782079999901425],[103.1915130004719,-0.13813000037517986],[102.98969299986011,-0.14520799979223264]]]},"properties":{"name":"PT. TENAGA PEMB SEJATERA","company":"PT. TENAGA PEMB SEJATERA","group":"No group","area_ha":10142,"type":" ","hgu":" ","layer":"gfw_konsesi"}},{"type":"Feature","geometry":{"type":"Polygon","coordinates":[[[101.57305900004371,-0.25423100061926357],[101.58111599970844,-0.28644600006571047],[101.62927300044389,-0.2759779997681072],[101.6272970005679,-0.25289899984483694],[101.57305900004371,-0.25423100061926357]]]},"properties":{"name":"PT. TESSO SEPAKAT","company":"PT. TESSO SEPAKAT","group":"No group","area_ha":1702,"type":" ","hgu":" ","layer":"gfw_konsesi"}},{"type":"Feature","geometry":{"type":"Polygon","coordinates":[[[102.65643299987599,0.7991719999807481],[102.68133600006261,0.8020830001820355],[102.75615699987716,0.7893049995960204],[102.76405300078173,0.800821999392025],[102.7350370002864,0.8123680001554783],[102.65468999962853,0.8145280007367859],[102.65643299987599,0.7991719999807481]]]},"properties":{"name":"PT. TANI SWADAYA PERDANA","company":"PT. TANI SWADAYA PERDANA","group":"No group","area_ha":2024,"type":" ","hgu":" ","layer":"gfw_konsesi"}},{"type":"Feature","geometry":{"type":"Polygon","coordinates":[[[101.18047300015661,0.3338220000052574],[101.18249500006334,0.3029740001585804],[101.17943599936567,0.2312250006550365],[101.20774100038163,0.2440590003265074],[101.21138000013912,0.334037000032099],[101.18047300015661,0.3338220000052574]]]},"properties":{"name":"PT. TASMA PUJA","company":"PT. TASMA PUJA","group":"No group","area_ha":3280,"type":" ","hgu":" ","layer":"gfw_konsesi"}},{"type":"Feature","geometry":{"type":"Polygon","coordinates":[[[101.24990100009559,0.26108800001554494],[101.25743100040394,0.2492040004477761],[101.27950299949852,0.24185599981501463],[101.28550699929443,0.2193550004121294],[101.28149400034143,0.21494800058721675],[101.26702899975146,0.22435199982181903],[101.25202200063482,0.20593800039370844],[101.25473799940416,0.17328900045233053],[101.3008880003015,0.17233999935009092],[101.30524499921106,0.2580570003680392],[101.24990100009559,0.26108800001554494]]]},"properties":{"name":"PT. KEBUN PANTAI RAJA 2","company":"PT. KEBUN PANTAI RAJA","group":"Uniseraya Group","area_ha":4499,"type":"HGU","hgu":"No. 27/HGU/BPN/1997","layer":"gfw_konsesi"}},{"type":"Feature","geometry":{"type":"Polygon","coordinates":[[[101.24131700017615,0.07639400000553266],[101.26152700009592,0.09569200031231273],[101.26100099966614,0.1069520000582189],[101.28114999948653,0.11310999926148836],[101.29384500006486,0.13241700058776085],[101.30766200002633,0.1368609998413505],[101.30309199978308,0.15080899935626463],[101.29776699967957,0.15428000005653078],[101.27985300020123,0.13968299968108952],[101.25134200021924,0.14205199994379408],[101.237082000567,0.13445199988618733],[101.22024399954272,0.09361999941130017],[101.24131700017615,0.07639400000553266]]]},"properties":{"name":"PT. FLORA WANAHA TIRTA","company":"PT. FLORA WANAHA TIRTA","group":"Domba Mas Group","area_ha":3594,"type":"HGU","hgu":"No. 63/HGU/BPN/94","layer":"gfw_konsesi"}},{"type":"Feature","geometry":{"type":"Polygon","coordinates":[[[101.27046200054292,0.06500899973313211],[101.29235800080875,0.04752399921780271],[101.29756200053846,0.024908000323249753],[101.28878799974991,0.005279000065311894],[101.2993390002228,-0.025088000231203778],[101.34708400033126,-0.022765000228290682],[101.34692400049771,0.005725999951981421],[101.31678799937072,0.03218900020088617],[101.30276499954495,0.0633309999371518],[101.27046200054292,0.06500899973313211]]]},"properties":{"name":"PT. KEBUN PANTAI RAJA 3","company":"PT. KEBUN PANTAI RAJA","group":"Uniseraya Group","area_ha":4255,"type":" ","hgu":" ","layer":"gfw_konsesi"}},{"type":"Feature","geometry":{"type":"Polygon","coordinates":[[[101.06448900033777,-0.14810000049291924],[101.09013399996591,-0.1649590004420901],[101.11818899983834,-0.16329999948062612],[101.13808500083705,-0.17335899955394793],[101.15414499973984,-0.1580950006370925],[101.13246299973427,-0.13824399984644994],[101.06448900033777,-0.14810000049291924]]]},"properties":{"name":"PT. NUSAESA BINA","company":"PT. NUSAESA BINA","group":"No group","area_ha":2063,"type":"Izin Lokasi","hgu":" ","layer":"gfw_konsesi"}},{"type":"Feature","geometry":{"type":"MultiPolygon","coordinates":[[[[101.90454399999334,-0.5808770000453386],[101.90228699990996,-0.5784230001429473],[101.90252499956136,-0.5773460000524958],[101.9046050000927,-0.5774069997494775],[101.90531899994514,-0.5755530004947043],[101.90942000055831,-0.5744790000837156],[101.9066880000988,-0.5723230004563102],[101.90698500019973,-0.5714260000724709],[101.9123339996944,-0.5710099992610441],[101.90995699996043,-0.5709490003940855],[101.90971411257557,-0.5684164891313712],[101.84879099972562,-0.5568189993869623],[101.84877600055532,-0.5829769992498649],[101.84444800016142,-0.5781299998924969],[101.83289400013113,-0.5882960001189085],[101.83254400032675,-0.6049220000967372],[101.82173999923558,-0.6196180005191205],[101.82681299944402,-0.631127000153585],[101.81024199928176,-0.650283999831648],[101.79486617077407,-0.691273248478408],[101.79690600044255,-0.692056000446685],[101.79744700004262,-0.6858010000286707],[101.80871600056592,-0.6716010007677771],[101.81250800048426,-0.672396000026887],[101.81463799944771,-0.6747420002716005],[101.8156500001243,-0.6719309993573609],[101.8198100002887,-0.6712160002891588],[101.83781199963059,-0.6755349995075098],[101.83763600080178,-0.6732020000644493],[101.83353500018863,-0.6734979996614475],[101.83217000023295,-0.6711040006341752],[101.83211199960833,-0.6696689997754763],[101.83389599986364,-0.6675759994132177],[101.83092499992783,-0.6672749997744708],[101.83062799982694,-0.6664970000499221],[101.83205800007993,-0.6597980002382616],[101.83556600031618,-0.6568699992157513],[101.83930999965565,-0.6563339998021746],[101.83997199962953,-0.6433530003602037],[101.84264599946444,-0.6434139993085337],[101.84098400030614,-0.6404820005142534],[101.8506139994407,-0.6343270002197728],[101.85334799955004,-0.6346869995533944],[101.85346700027402,-0.6333709997320015],[101.85138799956759,-0.6328319994506303],[101.85085399964024,-0.6316349998388103],[101.85358999939938,-0.6272700007528048],[101.85792800073733,-0.6272129997756657],[101.85448200042536,-0.6259539999554524],[101.85394799959967,-0.625176000190129],[101.85436399952627,-0.6241000001053428],[101.85858399996512,-0.6238630008593422],[101.84807100002539,-0.6144050001254928],[101.8473020008197,-0.6092599995562239],[101.84914700027608,-0.6041760006632595],[101.8506320007807,-0.6046560004044028],[101.85360100016833,-0.6085460004996539],[101.85502700022342,-0.6089059997942436],[101.86566800020964,-0.6011950003177179],[101.87297699968676,-0.6020960003970667],[101.8753519997709,-0.6052079996500587],[101.8746420001164,-0.6005420005421512],[101.87565199934653,-0.60024300014013],[101.87695899957592,-0.6009620000367042],[101.87897800000789,-0.6035949999148931],[101.87998999978619,-0.6001260000955467],[101.88284299972118,-0.599708999847176],[101.88308199919749,-0.596657999643452],[101.88409200022424,-0.5968980002985266],[101.88533899928083,-0.5988130000225076],[101.88623099940853,-0.5986339998144276],[101.88617699988016,-0.5891820003351653],[101.89188100010037,-0.5892449994479252],[101.89556299951555,-0.593673999488312],[101.89871900029759,-0.5830869994475578],[101.90228600008506,-0.5806369995988829],[101.90454399999334,-0.5808770000453386]]],[[[101.90454399999334,-0.5808770000453386],[101.89550399996432,-0.5943319998339939],[101.88677100008198,-0.5894219995178595],[101.88855100013936,-0.5939099993919457],[101.88611199958282,-0.5992319998795635],[101.87856200008129,-0.6039539997692946],[101.8751769998687,-0.6006020002152493],[101.87553000004613,-0.6055680000651578],[101.86608399923793,-0.6015540003302821],[101.85478899967372,-0.6092640004262996],[101.85241299976468,-0.608186000282767],[101.84944299965379,-0.6046550006351799],[101.84765800047182,-0.6094989998873359],[101.84848699995202,-0.6141660000128849],[101.8581110001371,-0.6192559997180723],[101.85870200086421,-0.6245810005169257],[101.85442299997584,-0.6252360004855599],[101.85828400038945,-0.6270930001276476],[101.85406099957756,-0.6349270002929063],[101.84181600015935,-0.6406619999690293],[101.84329999994074,-0.6429960000213226],[101.83978500003178,-0.6568719996324246],[101.83277099920916,-0.6599189997738065],[101.83116299957925,-0.6668560000258208],[101.83425200041412,-0.6672169994898363],[101.83312000008694,-0.6721219994889895],[101.83793300000438,-0.6728429996551555],[101.83828800072993,-0.6758340000251633],[101.8146369996228,-0.6753999992887646],[101.80883799986633,-0.6725039997298177],[101.81536099952096,-0.6933289998293348],[101.81212599999452,-0.7001170000562315],[101.84342700016235,-0.6769469997804886],[101.87618799982206,-0.6125410003549466],[101.92143799929748,-0.5825330002429232],[101.91940299987031,-0.5761590003262409],[101.91955900040423,-0.574285999556876],[101.91690899996047,-0.5729870001514397],[101.91667199923567,-0.5719099999334734],[101.91702415050518,-0.5708754562779748],[101.91009325013451,-0.5685440157766033],[101.91275000051932,-0.5711900001254419],[101.90734200057507,-0.5717850001978303],[101.90977700003539,-0.5747780000678627],[101.90442699981747,-0.5779459992523253],[101.90299999993752,-0.5776459996603238],[101.90472300009347,-0.5795009998027429],[101.90472200026856,-0.5805779994838316],[101.90454399999334,-0.5808770000453386]],[[101.84820926601897,-0.6093083324737997],[101.84821199959241,-0.6093009999407879],[101.84822408911947,-0.6092918762683439],[101.84820926601897,-0.6093083324737997]]],[[[101.79729499970665,-0.6928509999191974],[101.78802099932591,-0.7180370004442267],[101.78803500046794,-0.757317000274958],[101.81406099986262,-0.7116629992184408],[101.80635499982715,-0.7074390000117246],[101.81498000065278,-0.6936900000076137],[101.80657900013315,-0.6771709997173305],[101.79729499970665,-0.6928509999191974]]],[[[101.91765600032318,-0.5710880005944502],[101.91690899996047,-0.5726280001012559],[101.9187508930426,-0.5729279730089379],[101.91765600032318,-0.5710880005944502]]],[[[101.9198189997969,-0.5761590003262409],[101.92002072547712,-0.5763125290164561],[101.91993339755338,-0.5759292444484753],[101.9198189997969,-0.5761590003262409]]]]},"properties":{"name":"PT. ARIAN MULTI KAWA 1","company":"PT. ARIAN MULTI KAWA","group":"No group","area_ha":9509,"type":" ","hgu":" ","layer":"gfw_konsesi"}},{"type":"Feature","geometry":{"type":"Polygon","coordinates":[[[102.6512590002835,-0.8545590000758341],[102.64700900060575,-0.8199899996761163],[102.6217530002417,-0.8069010003548085],[102.612510999648,-0.7902399994815025],[102.58947499955741,-0.7984230000019333],[102.57879500011141,-0.8122920004400028],[102.63538800062827,-0.8617899997334074],[102.6512590002835,-0.8545590000758341]]]},"properties":{"name":"PT. ARIAN MULTI KAWA 2","company":"PT. ARIAN MULTI KAWA","group":"No group","area_ha":3226,"type":" ","hgu":" ","layer":"gfw_konsesi"}},{"type":"Feature","geometry":{"type":"Polygon","coordinates":[[[102.16048099985719,0.3486360001201278],[102.18939999936981,0.38065300044202194],[102.15561299968812,0.392645999947463],[102.13992600015591,0.42583100007363867],[102.11488300022721,0.41655999995811605],[102.11088500044453,0.40026300029756995],[102.13578800063115,0.34775799938165547],[102.1309279999597,0.33871399975196326],[102.30419800023145,0.15715800025618654],[102.31182899992382,0.160428999781223],[102.32312900040925,0.19720099959248324],[102.30614499979511,0.2606450004248482],[102.27954900048802,0.271467000249745],[102.26614400025522,0.29242899995829025],[102.23478700001091,0.2865400003985519],[102.21413400040036,0.3109249994978282],[102.18559799940572,0.32037900005272374],[102.16048099985719,0.3486360001201278]]]},"properties":{"name":"PT. PANCA SURYA AGRINDO SEJAHTERA","company":"PT. PANCA SURYA AGRINDO SEJAHTERA","group":"Surya Dumai Group","area_ha":17551,"type":" ","hgu":" ","layer":"gfw_konsesi"}},{"type":"Feature","geometry":{"type":"Polygon","coordinates":[[[102.37371400003396,-0.0021110004929998233],[102.37164799974632,0.17413800061341753],[102.32965200006389,0.20089400084685288],[102.31280000059252,0.15989900032595378],[102.32542899925198,0.1363519996784527],[102.29201199946614,0.1346829992277463],[102.28654900016865,0.11233500080951692],[102.25635200073896,0.10214900009937847],[102.26170799990632,0.09366200008630361],[102.25502499951978,0.08462999971682364],[102.27615799952935,0.06597899994319466],[102.2811399995012,0.017762999581040207],[102.3027310001685,0.007895999981260657],[102.29934400030608,0.05095900018664523],[102.28692299936415,0.07662399995425553],[102.29692599966594,0.09075700044184051],[102.34237399950808,0.05293500014867107],[102.35210099962534,0.012343000130353686],[102.34885600005315,-0.010209000112119735],[102.37371400003396,-0.0021110004929998233]]]},"properties":{"name":"PT. MEKAR SARI ALAM LESTARI","company":"PT. MEKAR SARI ALAM LESTARI","group":"Duta Palma Group","area_ha":15394,"type":"HGU","hgu":" ","layer":"gfw_konsesi"}},{"type":"Feature","geometry":{"type":"Polygon","coordinates":[[[102.37748099983793,-0.49142300039301307],[102.36312799940096,-0.5500740002521202],[102.38995399976011,-0.5519120003834801],[102.39792599993434,-0.5922800002175083],[102.41495500075433,-0.5462979996871574],[102.40932499925566,-0.5127709998973409],[102.40324399946688,-0.5145850001481693],[102.38638299977467,-0.4906619998875273],[102.37748099983793,-0.49142300039301307]]]},"properties":{"name":"PT. BENGKALIS KAMPAR SARANA","company":"PT. BENGKALIS KAMPAR SARANA","group":"No group","area_ha":3325,"type":" ","hgu":" ","layer":"gfw_konsesi"}},{"type":"Feature","geometry":{"type":"Polygon","coordinates":[[[102.43953400017755,0.2664580000101249],[102.46570899953515,0.24412700037980248],[102.48291400008222,0.25382800058083926],[102.5015840001441,0.25346199997779656],[102.53471399987477,0.20184500004217973],[102.5685850001204,0.19042000036633125],[102.57886300078181,0.1948880003961602],[102.60254699970429,0.23197899992029453],[102.71247799932345,0.28649699948189866],[102.70085899989411,0.29990300004667003],[102.6517029997992,0.2860500006811087],[102.57260700019255,0.2453850004052085],[102.53819799982159,0.24538499950687992],[102.48547700048734,0.2653590003507424],[102.43953400017755,0.2664580000101249]]]},"properties":{"name":"PT. SIDOMARGA PERKASA","company":"PT. SIDOMARGA PERKASA","group":"No group","area_ha":9366,"type":" ","hgu":" ","layer":"gfw_konsesi"}},{"type":"Feature","geometry":{"type":"Polygon","coordinates":[[[102.98969299986011,-0.14520799979223264],[102.97273199971052,-0.24339799986990143],[102.92632299924539,-0.37410099976723127],[102.95388000007374,-0.36179700031765777],[103.04559299954262,-0.2607649997315165],[103.07407400028566,-0.17664300033511318],[102.98969299986011,-0.14520799979223264]]]},"properties":{"name":"PT. SHADU EKA CITRA","company":"PT. SHADU EKA CITRA","group":"No group","area_ha":16278,"type":" ","hgu":" ","layer":"gfw_konsesi"}},{"type":"Feature","geometry":{"type":"Polygon","coordinates":[[[102.2381989999877,-0.39779499999333023],[102.21939299948335,-0.4025359992904974],[102.2071029998593,-0.4218389997692762],[102.20330299954503,-0.416743000807348],[102.18505000013297,-0.4462450000218792],[102.20676200027575,-0.467900000070138],[102.22410900021474,-0.4365789994149385],[102.24237300039579,-0.43657100014956407],[102.24237099984765,-0.4305629997013443],[102.23206299994733,-0.4305679995830602],[102.2381989999877,-0.39779499999333023]]]},"properties":{"name":"PT. KHARISMA RIAU SENTOSA PRIMA 1","company":"PT. KHARISMA RIAU SENTOSA PRIMA","group":"No group","area_ha":2180,"type":" ","hgu":" ","layer":"gfw_konsesi"}},{"type":"Feature","geometry":{"type":"Polygon","coordinates":[[[102.26054200014225,-0.4209079993086002],[102.25767799943826,-0.45003199996013804],[102.28561300055836,-0.43671099941944247],[102.28560500016243,-0.45925400027127455],[102.29258800012462,-0.4592569996496534],[102.29981399976106,-0.45150300050965114],[102.29693400006187,-0.4255650000904234],[102.3200510003433,-0.42290599955239566],[102.31997399945212,-0.3907400000157893],[102.27589499976362,-0.39075700023717225],[102.25071299991774,-0.4017940001613891],[102.24555600004369,-0.4209149996906761],[102.26054200014225,-0.4209079993086002]]]},"properties":{"name":"PT. KHARISMA RIAU SENTOSA PRIMA 2","company":"PT. KHARISMA RIAU SENTOSA PRIMA","group":"No group","area_ha":3736,"type":" ","hgu":" ","layer":"gfw_konsesi"}},{"type":"Feature","geometry":{"type":"Polygon","coordinates":[[[102.82105399993097,0.3155369998222624],[102.88206199998204,0.3324659998363262],[102.87400999944187,0.35391700030034196],[102.83892100045195,0.3359800003201157],[102.85169599959961,0.392514999908066],[102.79829999987267,0.4083309992872921],[102.79166899936466,0.33381099942298154],[102.82773999979223,0.35082599988193786],[102.83295899959055,0.3319010004595292],[102.82105399993097,0.3155369998222624]]]},"properties":{"name":"PUSKOPOLDA RIAU","company":"PUSKOPOLDA RIAU","group":"No group","area_ha":4938,"type":" ","hgu":" ","layer":"gfw_konsesi"}},{"type":"Feature","geometry":{"type":"Polygon","coordinates":[[[101.86993500050416,0.11790399994893284],[101.87813600010895,0.12251599975446593],[101.87362800068831,0.13054900019562943],[101.86550099980506,0.12586199983344445],[101.86993500050416,0.11790399994893284]]]},"properties":{"name":"PT. PARAWIRA PRIMAKONSIER","company":"PT. PARAWIRA PRIMAKONSIER","group":"No group","area_ha":106,"type":" ","hgu":" ","layer":"gfw_konsesi"}},{"type":"Feature","geometry":{"type":"Polygon","coordinates":[[[101.87813600010895,0.12251599975446593],[101.88639799981308,0.12640299991923215],[101.88175499977493,0.13516200027040678],[101.87362800068831,0.13054900019562943],[101.87813600010895,0.12251599975446593]]]},"properties":{"name":"PT. PARAWIRA UTAMA","company":"PT. PARAWIRA UTAMA","group":"No group","area_ha":109,"type":" ","hgu":" ","layer":"gfw_konsesi"}},{"type":"Feature","geometry":{"type":"Polygon","coordinates":[[[101.87362800068831,0.13054900019562943],[101.88175499977493,0.13516200027040678],[101.87750199972412,0.14273399969966696],[101.86907299961541,0.13849199971866896],[101.87362800068831,0.13054900019562943]]]},"properties":{"name":"PT. PARAWIRA ABADITAMA","company":"PT. PARAWIRA ABADITAMA","group":"No group","area_ha":104,"type":" ","hgu":" ","layer":"gfw_konsesi"}},{"type":"Feature","geometry":{"type":"Polygon","coordinates":[[[102.55301200039099,-0.5347640001188133],[102.54288500024064,-0.5264390001377393],[102.50202199981202,-0.5209840000544801],[102.50324899967546,-0.5462849998592758],[102.48304399977854,-0.5613629998394695],[102.44314500034594,-0.567953000100264],[102.45337799990318,-0.5795130006810688],[102.43290000019482,-0.5835639999043014],[102.43413799992888,-0.5910610001721553],[102.44623300045762,-0.5998109997557757],[102.45249900019431,-0.5838469994481457],[102.5210209997619,-0.5736829997492052],[102.55301200039099,-0.5347640001188133]]]},"properties":{"name":"CV. RIAU MERBAU LESTARI","company":"CV. RIAU MERBAU LESTARI","group":"No group","area_ha":4053,"type":" ","hgu":" ","layer":"gfw_konsesi"}},{"type":"Feature","geometry":{"type":"Polygon","coordinates":[[[102.74443100031772,-0.4111790000289357],[102.69248499913866,-0.4014590005712339],[102.69248299948886,-0.4100849995856553],[102.67695099976734,-0.41511299946995533],[102.70033199963945,-0.42895699998409387],[102.7676339999146,-0.44491900009919066],[102.82728599933249,-0.4983999998235337],[102.840416000104,-0.4905949997019251],[102.86310699951478,-0.4401419998236444],[102.85356100004581,-0.43413199993342594],[102.79985600052237,-0.4395229997801168],[102.80462099986094,-0.46775700023044503],[102.74443100031772,-0.4111790000289357]]]},"properties":{"name":"CV. NIRMALA","company":"CV. NIRMALA","group":"No group","area_ha":6186,"type":" ","hgu":" ","layer":"gfw_konsesi"}},{"type":"Feature","geometry":{"type":"Polygon","coordinates":[[[102.64060211359146,-0.6785795636988666],[102.59872600037193,-0.6407510003808177],[102.58270400020565,-0.6483750003302278],[102.55335600034759,-0.6689559998904776],[102.54627999960067,-0.7075839995007629],[102.54045699955476,-0.7166779999599762],[102.53328100014703,-0.7089480005122801],[102.5286940001854,-0.7209089996756597],[102.52101999993697,-0.7209040000485663],[102.52385399960542,-0.7355099998904097],[102.54963200020129,-0.7597400005894773],[102.56904600025285,-0.7318969998822814],[102.56905300082387,-0.7179399998916097],[102.5582999997863,-0.7179890000413787],[102.55829400083684,-0.6979949995392322],[102.57859599991977,-0.6980050006394383],[102.5785890002471,-0.7105919997406769],[102.61882400013869,-0.7108619999645741],[102.64060211359146,-0.6785795636988666]]]},"properties":{"name":"PT. INHUWANA PALMA LESTARI","company":"PT. INHUWANA PALMA LESTARI","group":"No group","area_ha":7102,"type":" ","hgu":" ","layer":"gfw_konsesi"}},{"type":"Feature","geometry":{"type":"Polygon","coordinates":[[[102.28317599965162,-0.5123379996123558],[102.29720899952315,-0.512344000118533],[102.29722100011705,-0.5342790001419838],[102.31856299946566,-0.534170000608649],[102.31858300045546,-0.48665800035900736],[102.28944700030952,-0.48664699998683897],[102.28561300055836,-0.43671099941944247],[102.27863099952276,-0.4367080000318146],[102.25767799943826,-0.45003199996013804],[102.25695199989023,-0.4602120002239828],[102.26103799953648,-0.4776659995228437],[102.28487899971611,-0.46967699956223247],[102.28317599965162,-0.5123379996123558]]]},"properties":{"name":"PT. PERKEBUNAN V","company":"PT. PERKEBUNAN V","group":"No group","area_ha":2905,"type":" ","hgu":" ","layer":"gfw_konsesi"}},{"type":"Feature","geometry":{"type":"Polygon","coordinates":[[[102.3380800003477,-0.5661259998319929],[102.35161199990381,-0.556967000618613],[102.35062199986683,-0.5490289995246282],[102.3180920001858,-0.54904700003813],[102.31688700006367,-0.5661600003039308],[102.3380800003477,-0.5661259998319929]]]},"properties":{"name":"PT. MEGA NUSA INTI SAWIT 1","company":"PT. MEGA NUSA INTI SAWIT","group":"Sinar Mas","area_ha":623,"type":" ","hgu":" ","layer":"gfw_konsesi"}},{"type":"Feature","geometry":{"type":"Polygon","coordinates":[[[102.30900899960076,-0.5699839997957987],[102.29660000015102,-0.5694500002171591],[102.29751400001999,-0.604607999803419],[102.28564199997236,-0.6170969994476233],[102.2474430002312,-0.6111299999731207],[102.24169899982799,-0.6897599998599797],[102.25073200018431,-0.6970459997701285],[102.2721689999675,-0.6806569998122565],[102.27233600037208,-0.6665300001238669],[102.28252400062179,-0.6676439999587481],[102.29121000064845,-0.6508970003052519],[102.28481899944165,-0.6443699997242592],[102.29956599916565,-0.636432999648603],[102.29578599984114,-0.6227770001527817],[102.31449099916483,-0.6129379997696659],[102.31327300042054,-0.5914820001613776],[102.33784799964579,-0.5920830003167514],[102.33794900082644,-0.6036729998952912],[102.35007400059406,-0.6059370001738779],[102.38540799980633,-0.5924130003654465],[102.39011499941861,-0.5815110001501956],[102.38995399976011,-0.5519120003834801],[102.38441499939631,-0.5505820001623379],[102.36312799940096,-0.5500740002521202],[102.36219799963848,-0.5727400000492451],[102.31688700006367,-0.5661600003039308],[102.31675999984206,-0.5607519995700905],[102.30900899960076,-0.5699839997957987]]]},"properties":{"name":"PT. MEGA NUSA INTI SAWIT 2","company":"PT. MEGA NUSA INTI SAWIT","group":"Sinar Mas","area_ha":8377,"type":" ","hgu":" ","layer":"gfw_konsesi"}},{"type":"Feature","geometry":{"type":"Polygon","coordinates":[[[102.28293299997738,-0.6686199998646842],[102.27233600037208,-0.6665300001238669],[102.2719850007428,-0.6962710005162756],[102.26317499996922,-0.7116230003243269],[102.257110000074,-0.7003839998407931],[102.22077900025373,-0.7007490002753134],[102.21067700021774,-0.7093460000534495],[102.20622199960228,-0.7580139996502795],[102.21678800014377,-0.7702489995867267],[102.21095199967907,-0.7792809998474316],[102.21274099995725,-0.7820010005559366],[102.23812599929444,-0.7590569996090742],[102.25558000026186,-0.7596439997861604],[102.25666499983507,-0.7363649997421033],[102.2813920002946,-0.7394440002853795],[102.29452000051798,-0.728810999527012],[102.28411800000802,-0.7106999994728305],[102.29597499998702,-0.6966609995366546],[102.2897050000524,-0.6890589999709064],[102.28483299968538,-0.6968399998754299],[102.28293299997738,-0.6686199998646842]]]},"properties":{"name":"PT. MEGA NUSA INTI SAWIT 3","company":"PT. MEGA NUSA INTI SAWIT","group":"Sinar Mas","area_ha":5917,"type":" ","hgu":" ","layer":"gfw_konsesi"}},{"type":"Feature","geometry":{"type":"Polygon","coordinates":[[[102.25685499980588,-0.7594650001446008],[102.25571400015616,-0.7596250002912591],[102.25571400015616,-0.7596269997653304],[102.25685499980588,-0.7594650001446008]]]},"properties":{"name":"PT. MEGA NUSA INTI SAWIT 4","company":"PT. MEGA NUSA INTI SAWIT","group":"Sinar Mas","area_ha":0,"type":"Izin Lokasi","hgu":" ","layer":"gfw_konsesi"}},{"type":"Feature","geometry":{"type":"Polygon","coordinates":[[[102.19939199980095,-0.4230649997196854],[102.22192700047447,-0.4069050002857294],[102.21504900009425,-0.39649399942489716],[102.17164700044829,-0.40133400037204403],[102.16214000043905,-0.4278100002072991],[102.19939199980095,-0.4230649997196854]]]},"properties":{"name":"KEBUN SWADAYA 1","company":"KEBUN SWADAYA","group":"No group","area_ha":1548,"type":" ","hgu":" ","layer":"gfw_konsesi"}},{"type":"Feature","geometry":{"type":"Polygon","coordinates":[[[102.13453200045542,-0.40073200014780097],[102.14927700052954,-0.41859199984227435],[102.14930000009575,-0.44404300017393045],[102.16008799949677,-0.4429609992534362],[102.16068200059694,-0.41751200029459173],[102.15220999993218,-0.40971199987900514],[102.15907999991649,-0.4016239999688786],[102.13453200045542,-0.40073200014780097]]]},"properties":{"name":"KEBUN SWADAYA 2","company":"KEBUN SWADAYA","group":"No group","area_ha":801,"type":" ","hgu":" ","layer":"gfw_konsesi"}},{"type":"Feature","geometry":{"type":"Polygon","coordinates":[[[102.16588600032665,-0.35006899926077206],[102.13827100067033,-0.3643609993714921],[102.14182800041203,-0.39134299986901827],[102.14981699940641,-0.3961730004262914],[102.1598630002642,-0.39548699946596483],[102.16511800004753,-0.3856050000536769],[102.17219300007123,-0.3938819996626017],[102.1831529998997,-0.39135699978613747],[102.18292699994389,-0.3849209996321569],[102.21375299973555,-0.38102400005188625],[102.21694600032751,-0.39136900010002934],[102.24320499935067,-0.3918369997537109],[102.24297900029318,-0.38195300005814214],[102.22891700010933,-0.3754200002229022],[102.16985000067247,-0.3780670005615381],[102.16588600032665,-0.35006899926077206]]]},"properties":{"name":"PT. PERKEBUNAN V AIR MOLEK","company":"PT. PERKEBUNAN V AIR MOLEK","group":"No group","area_ha":2258,"type":" ","hgu":" ","layer":"gfw_konsesi"}},{"type":"Feature","geometry":{"type":"Polygon","coordinates":[[[101.89951748041429,-0.4585013413055756],[101.89871500009966,-0.44577299994668207],[101.91286699979685,-0.447189000081386],[101.91483299962707,-0.4367520000328409],[101.88735900043606,-0.4295249995781474],[101.88567800011288,-0.4602959998742758],[101.89951748041429,-0.4585013413055756]]]},"properties":{"name":"KEBUN SWADAYA 3","company":"KEBUN SWADAYA","group":"No group","area_ha":646,"type":" ","hgu":" ","layer":"gfw_konsesi"}},{"type":"Feature","geometry":{"type":"Polygon","coordinates":[[[102.10291499992009,-0.483555000010757],[102.0988109998322,-0.49009000061442687],[102.07523200049171,-0.4862960004331587],[102.0681649999656,-0.49581099990810273],[102.05301900003349,-0.48605599989094295],[102.04698000007751,-0.4916730004209854],[102.06348699976736,-0.5131250000857571],[102.07898299950386,-0.504415999807615],[102.09276599913014,-0.5069450001911516],[102.11054300013777,-0.4934209998802055],[102.10291499992009,-0.483555000010757]]]},"properties":{"name":"KEBUN SWADAYA 4","company":"KEBUN SWADAYA","group":"No group","area_ha":1062,"type":" ","hgu":" ","layer":"gfw_konsesi"}},{"type":"Feature","geometry":{"type":"Polygon","coordinates":[[[102.20620099968589,-0.7501479992781455],[102.2153620000887,-0.7021209994908921],[102.257110000074,-0.7003839998407931],[102.26317499996922,-0.7116230003243269],[102.2719850007428,-0.6962710005162756],[102.2721689999675,-0.6806569998122565],[102.2567369998051,-0.6983750000121438],[102.24169899982799,-0.6897599998599797],[102.2474430002312,-0.6111299999731207],[102.21177600003467,-0.6055580005779254],[102.2006820003119,-0.6198949995942418],[102.18418100046983,-0.6194370005708076],[102.17614900002113,-0.6288599996296386],[102.18996800053071,-0.6391940000193552],[102.19262599957375,-0.6715190000967375],[102.1658620000372,-0.6809309998682236],[102.18457999977969,-0.702490999436988],[102.17698199969925,-0.7289740000175764],[102.19347000002087,-0.7496359998283035],[102.20620099968589,-0.7501479992781455]]]},"properties":{"name":"KEBUN SWADAYA 5","company":"KEBUN SWADAYA","group":"No group","area_ha":8544,"type":" ","hgu":" ","layer":"gfw_konsesi"}},{"type":"Feature","geometry":{"type":"Polygon","coordinates":[[[102.59443600051118,-0.7824409992898309],[102.624668000101,-0.7731870001917714],[102.63270399984935,-0.7605930007377562],[102.6268159995061,-0.7306380003731009],[102.641177000339,-0.7242359996787132],[102.63816799987005,-0.6973630007459801],[102.63288100029968,-0.6917800006257785],[102.61882400013869,-0.7108619999645741],[102.5785890002471,-0.7105919997406769],[102.57859599991977,-0.6980050006394383],[102.55829400083684,-0.6979949995392322],[102.5582999997863,-0.7179890000413787],[102.56905300082387,-0.7179399998916097],[102.56904600025285,-0.7318969998822814],[102.55091099994324,-0.7579050004255095],[102.56965299997518,-0.7622220001638351],[102.57060100017932,-0.7558040000404336],[102.59185399983951,-0.7560540000852883],[102.59443600051118,-0.7824409992898309]]]},"properties":{"name":"KEBUN SWADAYA 6","company":"KEBUN SWADAYA","group":"No group","area_ha":5508,"type":" ","hgu":" ","layer":"gfw_konsesi"}},{"type":"Feature","geometry":{"type":"MultiPolygon","coordinates":[[[[101.81669499951452,-0.8464600000489504],[101.77429600032431,-0.8204329997850144],[101.77384700078574,-0.8060439999498303],[101.75496599993832,-0.776788999394845],[101.73698699926435,-0.772597999707334],[101.73639700015879,-0.7546699997713785],[101.72688353138118,-0.748947648251496],[101.70982399951963,-0.7562830002323212],[101.70345300020095,-0.7563319999601831],[101.7004010000743,-0.7521700005757282],[101.70009599957746,-0.7655819998460757],[101.71549999925244,-0.7711600002023183],[101.70480300008802,-0.819809999317783],[101.72560100036182,-0.8292299993746092],[101.72720300014399,-0.84326000006005],[101.74430099966263,-0.8560100002629011],[101.73979899919149,-0.8717300000436425],[101.75689699960846,-0.905499999824064],[101.77200300025592,-0.9033299997606639],[101.79209900037289,-0.8784399999328757],[101.80950200038838,-0.8883800001350102],[101.81910000063421,-0.8847399997705403],[101.80339800013505,-0.9293599998051407],[101.79080199929093,-0.9348599995476096],[101.74690299952748,-0.931519999728646],[101.73451415378116,-0.9530293349900103],[101.75072100028345,-0.973190000181504],[101.79121400081621,-0.9663800005115627],[101.82349600080015,-0.9782860002192357],[101.82120299983346,-0.965288000127474],[101.79077200005202,-0.9624739999406663],[101.79216299994697,-0.9545850005818424],[101.81383399918359,-0.9555329993242974],[101.82772200018846,-0.8947420005744774],[101.85539899976908,-0.8817689998519578],[101.86972500044186,-0.8446470001943848],[101.86234699957116,-0.8446410001003438],[101.86235299941895,-0.8362850005606337],[101.86973600031251,-0.8307210004836864],[101.86143500025032,-0.8311789996837176],[101.86098800036159,-0.8135399994633291],[101.82640600063658,-0.8111920007106569],[101.81765500031257,-0.7991169996895099],[101.81669499951452,-0.8464600000489504]]],[[[101.70414699996189,-0.7556800001996962],[101.70570400043653,-0.7540800006043737],[101.7032389999407,-0.7553440002077694],[101.70414699996189,-0.7556800001996962]]],[[[101.71060999934208,-0.7556949998618916],[101.71050300011028,-0.7552499996813976],[101.70996838393862,-0.7559282450963773],[101.71060999934208,-0.7556949998618916]]],[[[101.7206500003521,-0.7501650002343002],[101.7207700000027,-0.7499109999963827],[101.7198470717781,-0.750147985804578],[101.7206500003521,-0.7501650002343002]]],[[[101.70822900030846,-0.7551650003885823],[101.70829799990545,-0.755109999524348],[101.70795910148138,-0.7550530422986519],[101.70822900030846,-0.7551650003885823]]]]},"properties":{"name":"PT. TRIBAKTI SARI MAS","company":"PT. TRIBAKTI SARI MAS","group":"Sarimas Group","area_ha":18773,"type":"HGU","hgu":" ","layer":"gfw_konsesi"}},{"type":"Feature","geometry":{"type":"Polygon","coordinates":[[[102.44969200029004,-0.5665169994083623],[102.48304399977854,-0.5613629998394695],[102.50324899967546,-0.5462849998592758],[102.50202199981202,-0.5209840000544801],[102.44710200012074,-0.4611210003329933],[102.43096199995371,-0.47956700010161335],[102.41941799996913,-0.47870999955812843],[102.40932499925566,-0.5127709998973409],[102.41495500075433,-0.5462979996871574],[102.40936600016185,-0.5579759998730223],[102.44969200029004,-0.5665169994083623]]]},"properties":{"name":"KEBUN SWADAYA 7","company":"KEBUN SWADAYA","group":"No group","area_ha":8347,"type":" ","hgu":" ","layer":"gfw_konsesi"}},{"type":"Feature","geometry":{"type":"Polygon","coordinates":[[[102.42011599992804,-0.5826139998397838],[102.45337799990318,-0.5795130006810688],[102.45307099975653,-0.5732669999997911],[102.4198520003374,-0.5768410000031978],[102.42011599992804,-0.5826139998397838]]]},"properties":{"name":"KEBUN SWADAYA 8","company":"KEBUN SWADAYA","group":"No group","area_ha":388,"type":" ","hgu":" ","layer":"gfw_konsesi"}},{"type":"Feature","geometry":{"type":"Polygon","coordinates":[[[102.4529499993827,-0.627354999640074],[102.45244399994273,-0.5885840000809773],[102.44623300045762,-0.5998109997557757],[102.43345000001571,-0.5868919999789086],[102.4265130000843,-0.5905370003010461],[102.42411000041106,-0.5963089997126295],[102.4529499993827,-0.627354999640074]]]},"properties":{"name":"KEBUN SWADAYA 9","company":"KEBUN SWADAYA","group":"No group","area_ha":626,"type":" ","hgu":" ","layer":"gfw_konsesi"}},{"type":"Feature","geometry":{"type":"Polygon","coordinates":[[[102.36260199986951,-0.6430679999482765],[102.3190370000169,-0.6927520002361999],[102.31969600051607,-0.7226099998658143],[102.34130000070385,-0.6972439998522699],[102.3739640002792,-0.6759609994944492],[102.35942400024447,-0.6995440002956244],[102.39152200010538,-0.6849489999588029],[102.43413899975383,-0.6844079994625837],[102.42308299966588,-0.6710779997835665],[102.41361600073795,-0.6736860004643014],[102.39077800011572,-0.6458719999548598],[102.36260199986951,-0.6430679999482765]]]},"properties":{"name":"PT. PERMATA SAWIT PERMAI","company":"PT. PERMATA SAWIT PERMAI","group":"No group","area_ha":4395,"type":" ","hgu":" ","layer":"gfw_konsesi"}},{"type":"Feature","geometry":{"type":"Polygon","coordinates":[[[102.60933100037316,-0.36688799954267437],[102.61048899974128,-0.3456749997854792],[102.65218699949787,-0.36646399981818956],[102.65544200001412,-0.3065639999270965],[102.67631499973268,-0.290914000082321],[102.54815199971954,-0.2999819995052067],[102.53424100004679,-0.32066999934561574],[102.5551810006108,-0.34855799994939257],[102.61395199977169,-0.3783489998398911],[102.6208870000533,-0.3873039999000312],[102.61554700077944,-0.40019600018846646],[102.62586400000227,-0.3976919998480678],[102.6356450005462,-0.40611099939058426],[102.62675899960468,-0.3797849999535171],[102.60933100037316,-0.36688799954267437]]]},"properties":{"name":"PT. SURYA BUANA BERSAMA","company":"PT. SURYA BUANA BERSAMA","group":"No group","area_ha":9083,"type":" ","hgu":" ","layer":"gfw_konsesi"}},{"type":"Feature","geometry":{"type":"Polygon","coordinates":[[[102.5210209997619,-0.5736829997492052],[102.52703100030385,-0.5736870006449544],[102.52706999976361,-0.6006829995483528],[102.51928699973526,-0.6007529996142762],[102.5209999998455,-0.6352180006356357],[102.53664399971997,-0.641310000469043],[102.5416700000728,-0.6050479997573232],[102.5676200001978,-0.5579430000292606],[102.63388399985708,-0.5062020003213646],[102.63405899975928,-0.48386800052868206],[102.56144800017243,-0.5226120005329878],[102.5210209997619,-0.5736829997492052]]]},"properties":{"name":"PT. BANYU BENING UTAMA","company":"PT. BANYU BENING UTAMA","group":"Duta Palma Group","area_ha":5471,"type":"Izin Lokasi","hgu":" ","layer":"gfw_konsesi"}},{"type":"Feature","geometry":{"type":"Polygon","coordinates":[[[101.90563699996248,-0.6337720002249319],[101.97468499995983,-0.6337330004561185],[101.97482199932884,-0.6164629998665272],[101.90592799931729,-0.6163270001080297],[101.90563699996248,-0.6337720002249319]]]},"properties":{"name":"PT. INDRI PLANT","company":"PT. INDRI PLANT","group":"Salim Group","area_ha":1479,"type":" ","hgu":" ","layer":"gfw_konsesi"}},{"type":"Feature","geometry":{"type":"Polygon","coordinates":[[[102.06697800028515,-0.6318289998929472],[101.97471400027213,-0.6451159997399184],[101.9747250001428,-0.6640090006168972],[101.98941300031552,-0.664000000102197],[101.9859259999957,-0.6816039997460669],[101.95402599960318,-0.6816340004551821],[101.94842800058647,-0.6933660005231728],[101.97847600005326,-0.7020299997982573],[101.97770600012436,-0.6859199994128007],[101.98590400025438,-0.683568000681524],[102.00149699917692,-0.7150109997394353],[102.01400000013464,-0.694586999903327],[102.00776199998705,-0.6835810001750912],[102.02026100074679,-0.6690510001368882],[102.02923800012829,-0.6710210001985053],[102.05186999998786,-0.6828229999339978],[102.04561699977164,-0.6953930007058509],[102.03702899965425,-0.696567000485106],[102.03664600023794,-0.6843849997406514],[102.02102699957948,-0.6926269998169029],[102.00968800053262,-0.7232679993619701],[102.01983499987614,-0.7264190003789246],[102.03468200005751,-0.7044239994822252],[102.06396600034147,-0.6910819993928182],[102.06123799918161,-0.6844010002892712],[102.07061100019486,-0.6753680008266398],[102.08309499998767,-0.6875580000922572],[102.09051899999082,-0.6749869996676022],[102.09013900004923,-0.6576970003214524],[102.0585190000392,-0.6616079995604796],[102.07141000043612,-0.6439330005505697],[102.06697800028515,-0.6318289998929472]]]},"properties":{"name":"KEBUN SWADAYA 10","company":"KEBUN SWADAYA","group":"No group","area_ha":7094,"type":" ","hgu":" ","layer":"gfw_konsesi"}},{"type":"Feature","geometry":{"type":"Polygon","coordinates":[[[101.94135299966449,-0.6816460001997928],[101.90512000065182,-0.6816799999252545],[101.90541699985445,-0.6570080001179334],[101.88582600025087,-0.6715780000867548],[101.88911000018112,-0.6819340003498706],[101.87700200013194,-0.6972479997540193],[101.91288799971326,-0.727131999635751],[101.93046800017908,-0.7027839997643823],[101.93125900002441,-0.6870689996240799],[101.93984199922062,-0.6910030001064386],[101.94135299966449,-0.6816460001997928]]]},"properties":{"name":"KEBUN SWADAYA 11","company":"KEBUN SWADAYA","group":"No group","area_ha":2381,"type":" ","hgu":" ","layer":"gfw_konsesi"}},{"type":"Feature","geometry":{"type":"Polygon","coordinates":[[[102.2974229997834,-0.5970520000097178],[102.21153300036043,-0.5832480006476325],[102.21177600003467,-0.6055580005779254],[102.28564199997236,-0.6170969994476233],[102.2974229997834,-0.5970520000097178]]]},"properties":{"name":"KEBUN SWADAYA 12","company":"KEBUN SWADAYA","group":"No group","area_ha":2213,"type":" ","hgu":" ","layer":"gfw_konsesi"}},{"type":"Feature","geometry":{"type":"Polygon","coordinates":[[[102.26979800008131,-0.5310930003775205],[102.1989089999272,-0.5292249995787615],[102.1988870001859,-0.5768750004117156],[102.2974229997834,-0.5970520000097178],[102.29660000015102,-0.5694500002171591],[102.2703020007698,-0.5428100007791556],[102.26979800008131,-0.5310930003775205]]]},"properties":{"name":"PT. ARIAN MULTI KAWA 3","company":"PT. ARIAN MULTI KAWA","group":"No group","area_ha":6173,"type":" ","hgu":" ","layer":"gfw_konsesi"}},{"type":"Feature","geometry":{"type":"Polygon","coordinates":[[[102.29015899961381,-0.5120989998055518],[102.26222799958998,-0.5123289997513232],[102.24320999937355,-0.5038369996293646],[102.25694100001961,-0.48808800007948033],[102.23611199978365,-0.45041599992216663],[102.231788000486,-0.47812599999848887],[102.21736199935582,-0.4745309999932307],[102.20697900001073,-0.48109399977879447],[102.18977899948652,-0.4742659997800526],[102.1871080000247,-0.48959100021928637],[102.1989089999272,-0.5292249995787615],[102.29015100011623,-0.5307639993439006],[102.29015899961381,-0.5120989998055518]]]},"properties":{"name":"PT. KHARISMA RIAU SENTOSA PRIMA 3","company":"PT. KHARISMA RIAU SENTOSA PRIMA","group":"No group","area_ha":5042,"type":" ","hgu":" ","layer":"gfw_konsesi"}},{"type":"Feature","geometry":{"type":"Polygon","coordinates":[[[102.16218199937352,-0.3378020001550738],[102.08898499998075,-0.33836600028229963],[102.08833200022767,-0.39750699986304827],[102.12539199996897,-0.3972609994443924],[102.13182799958498,-0.3902680001958253],[102.09759900003738,-0.38999700002834714],[102.09811799989619,-0.38092899992087886],[102.11304399972028,-0.3804160004528783],[102.11664999986579,-0.37186699987432287],[102.1246279998878,-0.37161099977963696],[102.12514000007388,-0.380419999664371],[102.14444199997244,-0.3804269991827737],[102.13827100067033,-0.3643609993714921],[102.14290600031254,-0.35684900007036563],[102.16588600032665,-0.35006899926077206],[102.16218199937352,-0.3378020001550738]]]},"properties":{"name":"PT. PERKEBUNAN V AIR MOLEK","company":"PT. PERKEBUNAN V AIR MOLEK","group":"No group","area_ha":3598,"type":" ","hgu":" ","layer":"gfw_konsesi"}},{"type":"Feature","geometry":{"type":"Polygon","coordinates":[[[102.08833200022767,-0.39750699986304827],[102.08898499998075,-0.33836600028229963],[102.0615879998843,-0.33928399956877797],[102.0663819995352,-0.34829899978086776],[102.06477899992811,-0.36085300021835587],[102.05790399992097,-0.36085099970989176],[102.06029799937335,-0.37227899989880103],[102.07196899957954,-0.37582400075514333],[102.07691899976435,-0.39272599933281277],[102.08833200022767,-0.39750699986304827]]]},"properties":{"name":"KEBUN SWADAYA 13","company":"KEBUN SWADAYA","group":"No group","area_ha":1528,"type":" ","hgu":" ","layer":"gfw_konsesi"}},{"type":"Feature","geometry":{"type":"Polygon","coordinates":[[[102.67220484977835,-0.6034920694740437],[102.66948999995424,-0.610211999947685],[102.6717100002277,-0.6097989995475412],[102.67822000036186,-0.6126150002367827],[102.67966000066062,-0.6142540002096893],[102.68093000018175,-0.6177999999291146],[102.68073000016521,-0.6255190005523001],[102.68346000007656,-0.6313539996318284],[102.67826999969225,-0.6324959997135295],[102.67798000016234,-0.6357049994995588],[102.67544000022176,-0.6389570005633107],[102.67550999964365,-0.6435569993877607],[102.68018000034431,-0.6366260006579836],[102.69270999926955,-0.64192700017578],[102.69243999983111,-0.6428020003877823],[102.68470999950623,-0.6443920007690439],[102.68744999946334,-0.6482529998571787],[102.68769000056118,-0.6551190001564041],[102.68965000054362,-0.6534370000867022],[102.6943099994019,-0.6520249993818551],[102.70356000039148,-0.654700000280443],[102.70588000022403,-0.6500790004156778],[102.71523999992019,-0.6561410004400414],[102.73113999988773,-0.6497760001989527],[102.73161000024099,-0.6571809997725222],[102.74518536686575,-0.6542264034278437],[102.67297599955087,-0.5867370002131097],[102.61375400030327,-0.654266000380581],[102.6460229998684,-0.6834739995747264],[102.641177000339,-0.7242359996787132],[102.7517799999778,-0.8214869998873975],[102.84049500064503,-0.9475610000350284],[102.92439700049646,-0.8683229994572643],[102.84395498233606,-0.761412027636999],[102.83773800007114,-0.7671449995820867],[102.83117699988337,-0.7669720004611823],[102.82113599994675,-0.7625620003633408],[102.82248699965872,-0.7658459992156904],[102.8193129993333,-0.7686599997932737],[102.82199100026449,-0.7660580006438725],[102.82013700058725,-0.763170999649704],[102.8213879998418,-0.762134999738569],[102.83789799990471,-0.7666719999077755],[102.8437074910854,-0.7611000639879532],[102.81338000058086,-0.7191159997478804],[102.74787400025662,-0.6566359998642827],[102.73209000064004,-0.6580789998822143],[102.73054999988383,-0.6566200001231929],[102.73095999996268,-0.6507180000750226],[102.7175799998442,-0.6566359998642827],[102.71421999974598,-0.6565900001593962],[102.70978000009742,-0.6548820005459756],[102.7059899998289,-0.6506840001359421],[102.70332000019198,-0.6553510000597675],[102.6878200002575,-0.6559039999797431],[102.68421999995977,-0.6443689999625933],[102.69182000058834,-0.6415900003713747],[102.68041000049806,-0.6369629998899017],[102.67553999978088,-0.6440510002838696],[102.67496999986848,-0.6388219993559727],[102.67791999988789,-0.6323170006360477],[102.68286000002696,-0.630927999455277],[102.68017000029856,-0.6257430000801609],[102.67911000083971,-0.61405199957208],[102.66909999996692,-0.6108019996943395],[102.67220484977835,-0.6034920694740437]]]},"properties":{"name":"PT. AGRORAYA GEMATRANS","company":"PT. AGRORAYA GEMATRANS","group":"Sambu Group","area_ha":51716,"type":" ","hgu":" ","layer":"gfw_konsesi"}},{"type":"Feature","geometry":{"type":"Polygon","coordinates":[[[102.43935000005453,-0.6851360005627664],[102.45609299974595,-0.6819139998784206],[102.44087700039194,-0.6648089998926294],[102.43759099991352,-0.6419010000716985],[102.4202630002411,-0.6254839997831035],[102.4002959999956,-0.6298830004391145],[102.39573299942508,-0.6365600001181352],[102.41747699935493,-0.6697340001239278],[102.429405999304,-0.6680979992175402],[102.43935000005453,-0.6851360005627664]]]},"properties":{"name":"PT. SRI ANUGRAH 1","company":"PT. SRI ANUGRAH","group":"Duta Palma Group","area_ha":1943,"type":" ","hgu":" ","layer":"gfw_konsesi"}},{"type":"Feature","geometry":{"type":"Polygon","coordinates":[[[102.49857300002535,-0.7048250004553939],[102.4593839993489,-0.6950839994047364],[102.45806900052023,-0.6871160005915614],[102.44260100037282,-0.6894750003365212],[102.47323199927247,-0.7219359998544091],[102.49875999962309,-0.724886999826524],[102.49857300002535,-0.7048250004553939]]]},"properties":{"name":"PT. SRI ANUGRAH 2","company":"PT. SRI ANUGRAH","group":"Duta Palma Group","area_ha":1350,"type":" ","hgu":" ","layer":"gfw_konsesi"}},{"type":"Feature","geometry":{"type":"Polygon","coordinates":[[[102.46555600027257,-0.7314900001288063],[102.49308999973803,-0.767326999906167],[102.53067799955896,-0.7765349998312943],[102.54658900029546,-0.7656549994114044],[102.51737400050679,-0.7451129997839064],[102.52376299936883,-0.7418100000951358],[102.50971299977886,-0.7383119997691905],[102.50607099964833,-0.7252669998805821],[102.5031459997433,-0.7340829996891632],[102.46555600027257,-0.7314900001288063]]]},"properties":{"name":"PT. SRI ANUGRAH 3","company":"PT. SRI ANUGRAH","group":"Duta Palma Group","area_ha":2463,"type":" ","hgu":" ","layer":"gfw_konsesi"}},{"type":"Feature","geometry":{"type":"MultiPolygon","coordinates":[[[[102.64484807085043,-0.4559187877527365],[102.62636000029485,-0.4579210005801791],[102.62496100000395,-0.43300399976160503],[102.59585099979726,-0.4366759993776515],[102.57166800020917,-0.42406900041263973],[102.57479999980347,-0.41557300026723093],[102.58582499992929,-0.41470300025998696],[102.57969599956161,-0.4037190000335089],[102.5402480002157,-0.3917890002971542],[102.50280599998467,-0.3912019999965862],[102.47503000066985,-0.4173769996669798],[102.47605400014368,-0.4302930006954087],[102.52491799926224,-0.42943099981269145],[102.58499200025116,-0.4451929995540456],[102.58924100010398,-0.46173199930343367],[102.63208107209871,-0.4826761366484015],[102.63183999931076,-0.4804880005565884],[102.63337999916862,-0.4752449995747067],[102.64404999946717,-0.4639920005722256],[102.64484807085043,-0.4559187877527365]]],[[[102.69206099971444,-0.4731799997733795],[102.67059942831331,-0.4697496304037959],[102.66911000001267,-0.479268999828345],[102.66803999960975,-0.4799869998738543],[102.66504000025995,-0.478766000374671],[102.6608399999126,-0.47603600001120394],[102.66176999967507,-0.4677089994544035],[102.65220999996241,-0.4647630001548557],[102.64553999999467,-0.4564869999719975],[102.64497000008227,-0.46368300012170593],[102.63980999983518,-0.4736030002056483],[102.6325599999093,-0.4796139992090557],[102.63388399985708,-0.5062020003213646],[102.67347500021644,-0.49767099959614225],[102.69289499921746,-0.5014830002230518],[102.69206099971444,-0.4731799997733795]]],[[[102.66996994196278,-0.4690259647094048],[102.65112000036632,-0.4436209995863655],[102.644359000162,-0.41912700056958163],[102.6278709998404,-0.4139069996429671],[102.64998000054156,-0.46132099925935455],[102.66226000011987,-0.4669919997256432],[102.66753000087013,-0.47919699968203466],[102.66996994196278,-0.4690259647094048]]]]},"properties":{"name":"PT. BERTUAH ANEKA YASA","company":"PT. BERTUAH ANEKA YASA","group":"Duta Palma Group","area_ha":9950,"type":"Izin Lokasi","hgu":" ","layer":"gfw_konsesi"}},{"type":"Feature","geometry":{"type":"Polygon","coordinates":[[[102.17712100051473,-0.49061099990719775],[102.17944899984491,-0.4708860004781018],[102.16888500074984,-0.4547889997240194],[102.14335800022415,-0.4615269996297495],[102.14464300071222,-0.4713910000875418],[102.15933799965933,-0.4732139998473028],[102.16397199947664,-0.490865000016659],[102.17712100051473,-0.49061099990719775]]]},"properties":{"name":"PT. KHARISMA RIAU SENTOSA PRIMA 4","company":"PT. KHARISMA RIAU SENTOSA PRIMA","group":"No group","area_ha":936,"type":" ","hgu":" ","layer":"gfw_konsesi"}},{"type":"Feature","geometry":{"type":"Polygon","coordinates":[[[103.07758512486247,0.5137587675118314],[103.04644799986035,0.5313930005321239],[103.03125000004968,0.526604999996212],[103.08089400004125,0.4972890000313347],[103.087043999427,0.4705099999482232],[103.07581300033517,0.4571779998529017],[102.98526800028016,0.41583899969276766],[102.86756100030536,0.3421869996012481],[102.74178774262849,0.28911181226640625],[102.76416000001355,0.28432399997363333],[102.83830999963335,0.3177169998626495],[102.89856000034936,0.33495800004789034],[102.94940999938964,0.37780300042612214],[103.10686999920719,0.4554969998474764],[103.0985400006293,0.4906740000413228],[103.07758512486247,0.5137587675118314]]]},"properties":{"name":"PT. BASKARASATRIATAMA RIAU 1","company":"PT. BASKARASATRIATAMA RIAU","group":"No group","area_ha":9334,"type":" ","hgu":" ","layer":"gfw_konsesi"}},{"type":"Feature","geometry":{"type":"Polygon","coordinates":[[[102.73412596485784,0.28661879423976255],[102.7138749999645,0.287092000139471],[102.70930000059673,0.2745240007327199],[102.72340000041541,0.28264099993937153],[102.73412596485784,0.28661879423976255]]]},"properties":{"name":"PT. BASKARASATRIATAMA RIAU 2","company":"PT. BASKARASATRIATAMA RIAU","group":"No group","area_ha":182,"type":" ","hgu":" ","layer":"gfw_konsesi"}},{"type":"Feature","geometry":{"type":"Polygon","coordinates":[[[101.51277300024103,-0.4349480006791338],[101.53350100019463,-0.43490999944424136],[101.540222000216,-0.4191180005895454],[101.56539199946799,-0.4029180002250299],[101.5626599999068,-0.4302940004921498],[101.591453999746,-0.44257199992663365],[101.59928899965287,-0.4211449999226973],[101.59433699981827,-0.40213100023667586],[101.56707800071236,-0.39536600017719276],[101.5641860004193,-0.3726280005890891],[101.57913200033488,-0.3646880001780506],[101.57920099993187,-0.33495599953394295],[101.6028819993796,-0.3422980006440184],[101.61900300017844,-0.33683100014442807],[101.62734199987545,-0.322045999986315],[101.60474400035109,-0.30309999969125717],[101.57689699999283,-0.3160450001791828],[101.57772100034846,-0.25680499955286157],[101.53469799992084,-0.19626800046544407],[101.50304400047393,-0.16767199998469057],[101.48001900025399,-0.17003399927425766],[101.48602300004987,-0.21661299998888411],[101.52943399991665,-0.2246680004583143],[101.52555799943441,-0.27310899963903174],[101.49068299980644,-0.2723749999265396],[101.52062200039161,-0.37771800008818923],[101.51277300024103,-0.4349480006791338]]]},"properties":{"name":"PT. CITRA RIAU SARANA","company":"PT. CITRA RIAU SARANA","group":"Wilmar","area_ha":20337,"type":" ","hgu":" ","layer":"gfw_konsesi"}},{"type":"Feature","geometry":{"type":"Polygon","coordinates":[[[101.89996389999136,0.15062727888784225],[101.89664999963692,0.15982000009240496],[101.91861500039802,0.2183440006474114],[101.90794300044962,0.2184540003514441],[101.8684600000453,0.182371999499652],[101.89996389999136,0.15062727888784225]]]},"properties":{"name":"PT. SAFARI RIAU","company":"PT. SAFARI RIAU","group":"No group","area_ha":2124,"type":" ","hgu":" ","layer":"gfw_konsesi"}},{"type":"Feature","geometry":{"type":"MultiPolygon","coordinates":[[[[101.86021764469979,0.32302681447999104],[101.84649699983234,0.30120299978524157],[101.80349699986927,0.26810300041549623],[101.84049999970915,0.20259600041685427],[101.85070000055275,0.24503800055850047],[101.87470300021577,0.2445789997741419],[101.86982175079461,0.21388965425308298],[101.87744800019578,0.22578699980578892],[101.88553800037076,0.23074199931636502],[101.8687820002606,0.26281699991510765],[101.86499799983982,0.29010700083550417],[101.87959999979884,0.3275029997993875],[101.86021764469979,0.32302681447999104]]],[[[101.88571053349919,0.22953665048997804],[101.9019010001206,0.23931400017685947],[101.90080300012862,0.246366000171589],[101.88600199997796,0.29401299921683044],[101.87082017253735,0.29524455881523126],[101.8692779996548,0.2643260000137938],[101.88619099922553,0.2408689999255484],[101.88571053349919,0.22953665048997804]]],[[[101.87739299994418,0.22490699989183563],[101.87739399976908,0.2249070007901515],[101.87841799654798,0.22559768581999645],[101.87739299994418,0.22490699989183563]]],[[[101.87433300031992,0.21879699978271772],[101.87433400014486,0.2187970006810463],[101.87463400061883,0.21926499976145192],[101.87433300031992,0.21879699978271772]]],[[[101.87286679975759,0.21508327064512447],[101.87286900063005,0.21508499988989385],[101.8737330002703,0.21610000004215918],[101.87286679975759,0.21508327064512447]]],[[[101.86975702987334,0.21327041030422872],[101.8697569993306,0.21327000067532428],[101.87050799989129,0.21362299930153728],[101.86975702987334,0.21327041030422872]]],[[[101.87632955005633,0.22199886820997902],[101.87633000011228,0.2220000000787571],[101.87640999957992,0.22248500044534444],[101.87632955005633,0.22199886820997902]]]]},"properties":{"name":"PT. LANGGAM INTI HIBRINDO 3","company":"PT. LANGGAM INTI HIBRINDO","group":"Klau River Enterprise Sdn Bhd","area_ha":7134,"type":" ","hgu":" ","layer":"gfw_konsesi"}},{"type":"Feature","geometry":{"type":"Polygon","coordinates":[[[102.42313400061782,-0.3798179997387566],[102.41188099998806,-0.40925400013841956],[102.41988400012444,-0.4168809999428846],[102.41342899934355,-0.4389789996240524],[102.4269130001174,-0.43824700011780804],[102.42531700018303,-0.42535899961757645],[102.4399940004851,-0.39851400047428687],[102.43546399952652,-0.3858929996946497],[102.42626200001413,-0.3877700001754269],[102.42313400061782,-0.3798179997387566]]]},"properties":{"name":"PT. PERKEBUNAN V (NES / PIR AIR MOLEK)","company":"PT. PERKEBUNAN V (NES / PIR AIR MOLEK)","group":"No group","area_ha":1020,"type":" ","hgu":" ","layer":"gfw_konsesi"}},{"type":"Feature","geometry":{"type":"Polygon","coordinates":[[[102.41069000010964,-0.44371999994559985],[102.39654500008513,-0.4522199999967274],[102.3835759998704,-0.44314700065163104],[102.39074699925524,-0.4664319995733704],[102.4301529996667,-0.4589609998934748],[102.42665399965128,-0.443624999664394],[102.41186700064267,-0.4489170004237416],[102.41069000010964,-0.44371999994559985]]]},"properties":{"name":"KEBUN SWADAYA 14","company":"KEBUN SWADAYA","group":"No group","area_ha":853,"type":" ","hgu":" ","layer":"gfw_konsesi"}},{"type":"Feature","geometry":{"type":"MultiPolygon","coordinates":[[[[101.86477400043215,0.1842889998924097],[101.86660499964484,0.2397879992802015],[101.84987499947391,0.24574700017354334],[101.83841200057853,0.22909399929759733],[101.83660900005658,0.20964499979874265],[101.83044900062511,0.20706800001993217],[101.82449599998455,0.22572200001304402],[101.81441899916459,0.1854509996979397],[101.83377700003797,0.15075199965223796],[101.81184699943694,0.1033239999919544],[101.79086099974049,0.09572699952526384],[101.76669700041897,0.11682499979229247],[101.77816500023553,0.13918100012891138],[101.79268099998082,0.14047600039950633],[101.79367699986558,0.1658619993723124],[101.78317599962143,0.16607499981235105],[101.78429799990286,0.17854900061602455],[101.75555400029239,0.1799590001652028],[101.74842200036727,0.19223100017027997],[101.74213900001385,0.18902499983645646],[101.74762499977587,0.16168200002352306],[101.73011399980534,0.1610190001586832],[101.729041000826,0.12764400056982983],[101.71052999987447,0.12695500073568766],[101.71062800068206,0.11122299999505823],[101.74354400015248,0.12753000015132698],[101.76279699964728,0.127297000200633],[101.76261200059766,0.08220299963153008],[101.72295000009316,0.08471299946684217],[101.71777800015052,0.06340599933601818],[101.70075000005373,0.07114699957918895],[101.69604199971826,0.05125399962204187],[101.78727999970933,0.010253000492331828],[101.80681400030977,0.09678299999092503],[101.83431200068857,0.11012100006429897],[101.88045099991861,0.16714199982263847],[101.8735220003831,0.16998199962463825],[101.86477400043215,0.1842889998924097]]],[[[101.87428800011409,0.17003699963410476],[101.87767400015159,0.1736469999101511],[101.87478342997643,0.17538587062087646],[101.87428800011409,0.17003699963410476]]],[[[101.86532000005509,0.18439900072452153],[101.86881700042068,0.18476999941836067],[101.86614524098412,0.18890616235384444],[101.86532000005509,0.18439900072452153]]]]},"properties":{"name":"PT. PEPUTRA SUPRA JAYA","company":"PT. PEPUTRA SUPRA JAYA","group":"Siak Raya Group","area_ha":17524,"type":"Pencadangan","hgu":" ","layer":"gfw_konsesi"}},{"type":"Feature","geometry":{"type":"MultiPolygon","coordinates":[[[[101.52380943322544,0.38208532883950963],[101.50027600002942,0.40853899980464936],[101.46079800054628,0.4042409998662529],[101.45895273788351,0.3780781789535885],[101.46690999939887,0.3790819992176068],[101.47519000044298,0.369484999661756],[101.48933586554513,0.3702722146706696],[101.49196999994435,0.37904600002049094],[101.49778201539094,0.37478400124159994],[101.4946509994519,0.38372799999364887],[101.50460000022534,0.387904999496696],[101.513510000558,0.38111499917412034],[101.51335271363658,0.3751993374007342],[101.52380943322544,0.38208532883950963]]],[[[101.45886851184245,0.3768839998037051],[101.46028299998713,0.3643200001925619],[101.4633359999387,0.3735189999695796],[101.47758999974317,0.366251000143914],[101.4895059992734,0.36737700000507584],[101.47397000025225,0.3684630003686072],[101.45886851184245,0.3768839998037051]]],[[[101.52119000065419,0.37920299963714243],[101.52757199984353,0.3751400004567363],[101.52409999959231,0.38098700016174897],[101.52119000065419,0.37920299963714243]]],[[[101.51740000038565,0.3753810007019176],[101.51704300001026,0.3719679998253982],[101.51970777684213,0.3742335227002414],[101.51740000038565,0.3753810007019176]]],[[[101.5125899999429,0.3805989994103418],[101.5110106251295,0.3773471656230544],[101.51310000047918,0.37932600055925175],[101.5125899999429,0.3805989994103418]]],[[[101.49147000035212,0.3766440003015816],[101.49313860661931,0.37424305272381186],[101.49235999993168,0.37766399993647953],[101.49147000035212,0.3766440003015816]]],[[[101.50031999951202,0.3842869991583046],[101.4993889999246,0.38327899973347257],[101.50142305522245,0.384054643455131],[101.50031999951202,0.3842869991583046]]],[[[101.50576000014159,0.38696200021366833],[101.50579000027884,0.3859059998185646],[101.50608534298804,0.38555557047616523],[101.50576000014159,0.38696200021366833]]]]},"properties":{"name":"PT. SAKTI SAWIT JAYA 2","company":"PT. SAKTI SAWIT JAYA","group":"No group","area_ha":2237,"type":"Pencadangan","hgu":" ","layer":"gfw_konsesi"}},{"type":"Feature","geometry":{"type":"Polygon","coordinates":[[[101.24075459731611,0.8261164176419915],[101.23203100009985,0.7997969994819639],[101.29605399956934,0.7530440003145873],[101.3035500004408,0.7753820002308438],[101.29931699958318,0.7992779998539832],[101.27040199937016,0.8326240003926391],[101.26535900019724,0.8253859996860148],[101.25375800031127,0.8362610001329323],[101.24075459731611,0.8261164176419915]]]},"properties":{"name":"PT. BINA FITRI JAYA","company":"PT. BINA FITRI JAYA","group":"No group","area_ha":4008,"type":"Panitia B","hgu":" ","layer":"gfw_konsesi"}},{"type":"Feature","geometry":{"type":"Polygon","coordinates":[[[100.8217710000356,0.6425610002540222],[100.81918400023936,0.6157239995057164],[100.86108700003535,0.5753019996087924],[100.90305300047885,0.5608589999644189],[100.91584400041833,0.5791140002075859],[100.92389399951203,0.5731900002674166],[100.90749300012742,0.6068359999293874],[100.8676030000173,0.6068719996916752],[100.86680600032419,0.6303720002308896],[100.85210599955757,0.6436039998714671],[100.8217710000356,0.6425610002540222]]]},"properties":{"name":"PT. ARINDO TRI SEJAHTERA 1","company":"PT. ARINDO TRI SEJAHTERA","group":"Surya Dumai Group","area_ha":4949,"type":"HGU","hgu":"No. 13/HGU/1993","layer":"gfw_konsesi"}},{"type":"Feature","geometry":{"type":"Polygon","coordinates":[[[100.85123699989445,0.6950099998401161],[100.89180199949892,0.7192660002943585],[100.91076500036209,0.7446610003439579],[100.8616450002522,0.7219070000475705],[100.84771900051076,0.7336930002554901],[100.85984800047635,0.7488529999573786],[100.82343700029018,0.7494470005846808],[100.79981500039365,0.7317689994981241],[100.85123699989445,0.6950099998401161]]]},"properties":{"name":"PT. ARINDO TRI SEJAHTERA 2","company":"PT. ARINDO TRI SEJAHTERA","group":"Surya Dumai Group","area_ha":3317,"type":"HGU","hgu":" ","layer":"gfw_konsesi"}},{"type":"Feature","geometry":{"type":"Polygon","coordinates":[[[100.41267078339366,1.6432940282258546],[100.42598599970877,1.599912000216619],[100.49634500013345,1.5525529995553824],[100.53938500027951,1.5522689999457349],[100.53828700028748,1.5908990007512422],[100.48827799952468,1.5912249993975514],[100.4806639995507,1.598292000526106],[100.47721400083744,1.664173999486991],[100.48691999924166,1.6670259996319021],[100.48692000013997,1.6795909994817435],[100.50005000001318,1.6812980001156348],[100.50714199975532,1.756480999562581],[100.50278800032046,1.813695999838286],[100.43688199996312,1.8117849994926114],[100.43639699954123,1.7768789999663281],[100.46304600034837,1.7681390000152406],[100.46304599945007,1.756016000373832],[100.42670100028442,1.7570029995740848],[100.42670400065747,1.7730039999053717],[100.41652599955518,1.7730069997398676],[100.41652899992825,1.784645000136674],[100.39762799988769,1.784169999346667],[100.40392799995954,1.7608910003616458],[100.39471999970105,1.7618679998691515],[100.38405600014858,1.7429620006021944],[100.39180800021481,1.7347170000519774],[100.38502400044425,1.7192050003001744],[100.41797199970173,1.6808850005288734],[100.42136199993716,1.658095000293283],[100.41267078339366,1.6432940282258546]]]},"properties":{"name":"PT. PERKEBUNAN IV BAGAN SINEMBAH","company":"PT. PERKEBUNAN IV BAGAN SINEMBAH","group":"No group","area_ha":25196,"type":"HGU","hgu":" ","layer":"gfw_konsesi"}},{"type":"Feature","geometry":{"type":"Polygon","coordinates":[[[101.26921499968971,1.0544609993824803],[101.26891699976387,1.0794699997901598],[101.2378709998642,1.104754999376757],[101.23846400024112,1.0532339995884996],[101.26921499968971,1.0544609993824803]]]},"properties":{"name":"PT. MURINI SAMSAM 2","company":"PT. MURINI SAMSAM","group":"Wilmar","area_ha":1457,"type":"HGU","hgu":"No. 26/HGU/BPN/94","layer":"gfw_konsesi"}},{"type":"Feature","geometry":{"type":"Polygon","coordinates":[[[102.57269799953082,1.041217000489731],[102.59574999951495,1.0513649997976036],[102.59405999986924,1.0618289993621113],[102.57561499993825,1.077199999830101],[102.56054299962597,1.0675509992144236],[102.56224999988842,1.079591999890397],[102.55437800017161,1.0864930001361368],[102.5271750002439,1.093969999796782],[102.52019599958136,1.1174709997189982],[102.48448199952918,1.1199319997634225],[102.46511100003364,1.0710289999047433],[102.47601300013582,1.0710380003494842],[102.47103100016393,1.0581200007687848],[102.47412099992543,1.063390000135115],[102.48529099981619,1.0585630003320525],[102.46998899935014,1.0533850006308427],[102.47935499979238,1.0319409996901021],[102.4886219996021,1.028560000156158],[102.49638299988914,1.040029000222536],[102.50692099994322,1.0345899997880925],[102.53525400054828,1.0448199996624408],[102.54002800010767,1.031540000176592],[102.54819299972743,1.0324900004136481],[102.55474800006746,1.0180039999627832],[102.54669899990033,1.0134060004658447],[102.5479840003884,1.0055759997485085],[102.56854899923708,1.010352999683252],[102.5643609994836,1.0302799998690373],[102.57449300055512,1.032928999554637],[102.57269799953082,1.041217000489731]],[[102.56610900065223,1.0548599993584609],[102.56662700068608,1.0539359996198239],[102.56572799998742,1.0541580004335624],[102.56610900065223,1.0548599993584609]],[[102.56127499992007,1.0794669999495572],[102.56188799949015,1.0788069999254088],[102.56104400083969,1.0785749999210184],[102.56127499992007,1.0794669999495572]],[[102.56714599964654,1.0539689999359743],[102.56902899963609,1.054870000403936],[102.56757200051719,1.0536470002926661],[102.56714599964654,1.0539689999359743]],[[102.56686399961426,1.0561269999828518],[102.56797500002504,1.055465000129326],[102.56663000016083,1.0553939994555819],[102.56686399961426,1.0561269999828518]],[[102.52873600001818,1.0798439999494323],[102.53011499931924,1.0793809997286394],[102.52883199937934,1.0779330005522245],[102.52873600001818,1.0798439999494323]],[[102.52359800041073,1.0776500004670753],[102.52553099973063,1.0777440006156989],[102.52355800022774,1.0768179994647733],[102.52359800041073,1.0776500004670753]],[[102.52848999997089,1.0867979996707808],[102.53069399945247,1.086440999726543],[102.52866200039833,1.0861289999445132],[102.52848999997089,1.0867979996707808]],[[102.56871000069216,1.0326580003069115],[102.57313299972398,1.033313000142764],[102.56863499945081,1.032473999525167],[102.56871000069216,1.0326580003069115]],[[102.56261800013444,1.0306159998800475],[102.56124099958487,1.0288129995183246],[102.56086499984123,1.029455000028556],[102.56261800013444,1.0306159998800475]],[[102.49885899935728,1.0833470002405383],[102.50069399966625,1.084930999843189],[102.49954199924758,1.0820839995556817],[102.49885899935728,1.0833470002405383]],[[102.52041800023751,1.079250999745135],[102.5199859995191,1.0766120000472852],[102.5191009999624,1.0777910002398414],[102.52041800023751,1.079250999745135]],[[102.55403800041299,1.014325000189246],[102.55384099987118,1.0134329995994285],[102.55085999988962,1.0114620002830241],[102.55403800041299,1.014325000189246]],[[102.48945199980548,1.0366579996306133],[102.48895099949006,1.0389170006559363],[102.48792999949094,1.0423639999010674],[102.49012799912477,1.0397970000093104],[102.48945199980548,1.0366579996306133]],[[102.54210899956561,1.0376459998223],[102.54856000014856,1.0377129995595966],[102.5411410001683,1.0357479996776624],[102.54210899956561,1.0376459998223]],[[102.48378299974536,1.046857999463941],[102.48745199964009,1.0445660001242325],[102.48642800016624,1.0426060001119026],[102.48378299974536,1.046857999463941]]]},"properties":{"name":"No name","company":"No name","group":"No group","area_ha":8963,"type":" ","hgu":" ","layer":"gfw_konsesi"}},{"type":"Feature","geometry":{"type":"Polygon","coordinates":[[[101.63558300056151,1.7380830005574457],[101.61597199996815,1.7581110000335904],[101.62913900054959,1.7733890004751065],[101.60888899954855,1.7919720004925042],[101.58989899981952,1.7778319996219656],[101.54161100046115,1.8142499996716526],[101.51983299929779,1.764777999972741],[101.60388900003332,1.7443609995918186],[101.63675000015049,1.7155000007668064],[101.6255000007921,1.7297779995057232],[101.63558300056151,1.7380830005574457]]]},"properties":{"name":"No name","company":"No name","group":"No group","area_ha":5009,"type":" ","hgu":" ","layer":"gfw_konsesi"}},{"type":"Feature","geometry":{"type":"MultiPolygon","coordinates":[[[[101.41502399939259,2.0327819997654113],[101.39803999967673,2.0070029995609655],[101.39313500059608,1.9311830000609933],[101.42370100009671,1.9333479999243803],[101.44857600069426,1.959687999588353],[101.4484879999324,2.000860999688329],[101.45669999940783,2.0143180001257233],[101.44815400002155,2.023449000045406],[101.44807999950342,2.058735999527574],[101.41502399939259,2.0327819997654113]]],[[[101.41502000009294,2.0327819997654113],[101.41502399939259,2.0327819997654113],[101.41509844188187,2.0330944634078305],[101.41502000009294,2.0327819997654113]]],[[[101.42619300035675,2.044931999704296],[101.42652770364846,2.045175716314607],[101.42603037115433,2.044719605321458],[101.42619300035675,2.044931999704296]]]]},"properties":{"name":"PT. MARITA MAKMUR JAYA 1","company":"PT. MARITA MAKMUR JAYA","group":"No group","area_ha":6235,"type":"Pencadangan","hgu":" ","layer":"gfw_konsesi"}},{"type":"Feature","geometry":{"type":"MultiPolygon","coordinates":[[[[101.78405000020575,1.9359260006158232],[101.77979999962966,1.9824620003609101],[101.77489000052613,1.992610000199172],[101.73832999947871,2.042784000447902],[101.7335049998657,2.0461495006058863],[101.726950000424,2.0427609993386118],[101.71143999954548,2.0464329995863544],[101.71550000015077,2.039630000451372],[101.7204799995745,2.039520999700457],[101.72339999945663,2.0360619995633877],[101.71907000031126,2.0327670001588247],[101.71348999993961,2.0304849997959713],[101.70645000007599,2.0331590008439395],[101.71342000051773,2.0209860006406473],[101.71495000032984,2.014536000525325],[101.71388999997268,2.0133990004636555],[101.70443999986485,2.013918000329669],[101.70581999988916,2.0093199998779663],[101.70219000035253,2.0115230000248276],[101.70485999998941,2.0145159993285686],[101.7145399993527,2.014536000525325],[101.70589000020935,2.033338000465525],[101.72268999980218,2.0358209999536556],[101.71563999989284,2.039033000044992],[101.71082000030269,2.0460130006466684],[101.7083299996925,2.044454999947185],[101.70164000053158,2.044706000021496],[101.70178000027367,2.0370870004883637],[101.70033000082749,2.034699999242949],[101.69814000069128,2.0340980001373707],[101.69151652716705,2.0344777866236323],[101.69206400002707,2.0217819998474473],[101.63532295355812,2.0205326595739956],[101.63902000065265,2.018677999877781],[101.6398199998205,2.0174900001553766],[101.63968000007839,2.0117000000248915],[101.64608999975513,2.0116550006201512],[101.65410999960997,2.010299000198646],[101.6587099999904,2.0040009998523294],[101.63943000073147,2.0113740002989493],[101.63312999976127,2.0200729999669327],[101.63201000002798,2.013091000285141],[101.62819999966793,2.0076180002528776],[101.63251000051848,2.0027019994654247],[101.63364999944494,1.9997289996628484],[101.63049000026157,1.9964220007218485],[101.62932999944698,1.995716000518173],[101.62842000067428,1.9957140002857174],[101.62690000000958,1.999010999509989],[101.6234099993167,2.0012230001866897],[101.61694000026382,2.0022910000802168],[101.61628999998547,2.003858999321811],[101.61888000015475,2.0164179999119605],[101.62016999976737,2.016853000016336],[101.62511999995218,2.013724999784726],[101.62713378746061,2.0203523478115866],[101.56671700013902,2.018945999407991],[101.55901000027869,2.0062079995280775],[101.60714999949903,1.999199999539425],[101.57487000006323,1.9653819996246324],[101.59145000044634,1.9434330004188214],[101.61835999957276,1.9925919998686539],[101.63310999966978,1.9801970001710063],[101.6252899998315,1.9580180000297245],[101.6362000003296,1.947524999731539],[101.65775000009066,1.9647139994024057],[101.65548000048683,1.9721179998279272],[101.68952999993428,1.9804110001073763],[101.6888999997474,1.9652550004900045],[101.70135000010339,1.9556010000517823],[101.69108999988363,1.937059999378415],[101.69601999997694,1.9327089995373121],[101.71740999990446,1.9455170005940026],[101.75386000044871,1.9332390002406945],[101.78405000020575,1.9359260006158232]],[[101.747880000044,2.026991000237128],[101.74781199937361,2.0271289992600474],[101.7481085736731,2.0268831818713724],[101.747880000044,2.026991000237128]],[[101.74508999985814,2.0316460000195624],[101.74500999949218,2.031853999843126],[101.74517693701473,2.0315930973712333],[101.74508999985814,2.0316460000195624]],[[101.73837400075797,2.0409399991876884],[101.73963239404564,2.03921982826036],[101.73963099986031,2.039220999819394],[101.73837400075797,2.0409399991876884]],[[101.73992059425004,2.038850995400319],[101.74154800018506,2.036804999995853],[101.73992100028853,2.038849999799353],[101.73992059425004,2.038850995400319]],[[101.73821162667711,2.0412072319436825],[101.7383400004228,2.0408449997641003],[101.73821077058265,2.0412086889842413],[101.73821162667711,2.0412072319436825]],[[101.7781200000297,1.9838730000185494],[101.7783517249488,1.9838020846241655],[101.77835183723822,1.9838016420201734],[101.7781200000297,1.9838730000185494]],[[101.77078999973789,1.996644999595211],[101.7709959996022,1.9962700001720675],[101.77088931028916,1.9964640343132138],[101.77078999973789,1.996644999595211]],[[101.64381000010559,2.0128740006956813],[101.64428283733854,2.0125591083055645],[101.64428279242274,2.0125591029189773],[101.64381000010559,2.0128740006956813]]],[[[101.7009000420624,2.04471105970283],[101.71289999993573,2.048049000542407],[101.72310999992676,2.0459189998129914],[101.71572899958132,2.084619000563192],[101.7039999996488,2.098335000033997],[101.69046899991761,2.1065880005727067],[101.69149927232708,2.034877935758993],[101.70030000069026,2.03547700073143],[101.7009000420624,2.04471105970283]],[[101.71162799986647,2.0882950003517675],[101.71162800076475,2.088295635936615],[101.71226399990107,2.087427999574269],[101.71162799986647,2.0882950003517675]],[[101.72027400060846,2.0490169998412706],[101.7208600004144,2.0490179999246436],[101.72043500026696,2.0490170007389885],[101.72027400060846,2.0490169998412706]],[[101.71493799973598,2.078817999932629],[101.71493799973598,2.078821000126515],[101.71493999938578,2.078630000340447],[101.71493799973598,2.078817999932629]]],[[[101.6328564376044,2.0204783506755],[101.62556000016824,2.0132930000590137],[101.61957999976349,2.0154450002998683],[101.61705000076697,2.0030490005742787],[101.62206000032796,2.002572000166885],[101.62798000045824,1.998526999819935],[101.62917000051172,1.996094000415689],[101.63324999941186,2.0001610002786454],[101.62779999963487,2.0077250002372073],[101.63123000005329,2.01222299995859],[101.6328564376044,2.0204783506755]],[[101.6295444273053,2.011721614533863],[101.62954400060553,2.0117219996735907],[101.62962999992095,2.0120779998238607],[101.6295444273053,2.011721614533863]]],[[[101.78093699997974,1.9743390008729085],[101.78097443726921,1.9739567396154203],[101.78097252834921,1.9745530374759594],[101.78093699997974,1.9743390008729085]]],[[[101.78296999975711,1.935692000035668],[101.7830400000773,1.9356849998681778],[101.78304043665852,1.9356850555319431],[101.78296999975711,1.935692000035668]]]]},"properties":{"name":"PT. MARITA MAKMUR JAYA 2","company":"PT. MARITA MAKMUR JAYA","group":"No group","area_ha":18678,"type":"Pencadangan","hgu":" ","layer":"gfw_konsesi"}},{"type":"Feature","geometry":{"type":"Polygon","coordinates":[[[101.64219699955446,1.6575981121328516],[101.63580299977123,1.643651000275165],[101.59259800066707,1.6197150002947547],[101.62470199947745,1.6004720007987883],[101.64080100053494,1.6006730003402982],[101.63950299962809,1.6167350006161159],[101.65879799985395,1.629227000020569],[101.69670100021743,1.6362890004176782],[101.6962969999864,1.6668509139551073],[101.64219699955446,1.6575981121328516]]]},"properties":{"name":"PT. SURYA DUMAI AGRINDO 2","company":"PT. SURYA DUMAI AGRINDO","group":"Surya Dumai Group","area_ha":3894,"type":"Izin Lokasi","hgu":" ","layer":"gfw_konsesi"}}]}